Timestamp,Type,Source,Message,Severity
2026-01-07 13:17:27,Cyber Attack,Network AI,Detected Smurf (40.1%),High
2026-01-07 13:17:27,Cyber Attack,Network AI,Detected Smurf (40.1%),High
2026-01-07 13:17:27,Physical Anomaly,ECG AI,Spoofing (High Noise) (Loss: 0.14),High
2026-01-07 13:17:27,Physical Anomaly,ECG AI,Spoofing (High Noise) (Loss: 0.15),High
2026-01-07 13:17:27,Cyber Attack,Network AI,Detected Smurf (40.1%),High
2026-01-07 13:17:27,Physical Anomaly,ECG AI,Spoofing (High Noise) (Loss: 0.19),High
2026-01-07 13:17:28,Physical Anomaly,ECG AI,Spoofing (High Noise) (Loss: 0.19),High
2026-01-07 13:17:28,Cyber Attack,Network AI,Detected Smurf (40.1%),High
2026-01-07 13:17:28,Physical Anomaly,ECG AI,Spoofing (High Noise) (Loss: 0.21),High
2026-01-07 13:17:28,Physical Anomaly,ECG AI,Spoofing (High Noise) (Loss: 0.25),High
2026-01-07 13:17:28,Cyber Attack,Network AI,Detected Smurf (40.1%),High
2026-01-07 13:17:28,Physical Anomaly,ECG AI,Spoofing (High Noise) (Loss: 0.25),High
2026-01-07 13:17:28,Physical Anomaly,ECG AI,Spoofing (High Noise) (Loss: 0.23),High
2026-01-07 13:17:28,Cyber Attack,Network AI,Detected Smurf (40.1%),High
2026-01-07 13:17:28,Physical Anomaly,ECG AI,Spoofing (High Noise) (Loss: 0.21),High
2026-01-07 13:17:28,Physical Anomaly,ECG AI,Spoofing (High Noise) (Loss: 0.20),High
2026-01-07 13:17:28,Physical Anomaly,ECG AI,Spoofing (High Noise) (Loss: 0.20),High
2026-01-07 13:17:28,Cyber Attack,Network AI,Detected Smurf (40.1%),High
2026-01-07 13:17:28,Physical Anomaly,ECG AI,Spoofing (High Noise) (Loss: 0.20),High
2026-01-07 13:17:28,Physical Anomaly,ECG AI,Spoofing (High Noise) (Loss: 0.19),High
2026-01-07 13:17:28,Cyber Attack,Network AI,Detected Smurf (40.1%),High
2026-01-07 13:17:28,Physical Anomaly,ECG AI,Spoofing (High Noise) (Loss: 0.19),High
2026-01-07 13:17:28,Physical Anomaly,ECG AI,Spoofing (High Noise) (Loss: 0.18),High
2026-01-07 13:17:28,Physical Anomaly,ECG AI,Spoofing (High Noise) (Loss: 0.20),High
2026-01-07 13:17:29,Cyber Attack,Network AI,Detected Smurf (40.1%),High
2026-01-07 13:17:29,Physical Anomaly,ECG AI,Spoofing (High Noise) (Loss: 0.19),High
2026-01-07 13:17:29,Physical Anomaly,ECG AI,Spoofing (High Noise) (Loss: 0.17),High
2026-01-07 13:17:29,Cyber Attack,Network AI,Detected Smurf (40.1%),High
2026-01-07 13:17:29,Physical Anomaly,ECG AI,Spoofing (High Noise) (Loss: 0.17),High
2026-01-07 13:17:29,Physical Anomaly,ECG AI,Spoofing (High Noise) (Loss: 0.18),High
2026-01-07 13:17:29,Physical Anomaly,ECG AI,Spoofing (High Noise) (Loss: 0.20),High
2026-01-07 13:17:29,Cyber Attack,Network AI,Detected Smurf (40.1%),High
2026-01-07 13:17:29,Physical Anomaly,ECG AI,Spoofing (High Noise) (Loss: 0.24),High
2026-01-07 13:17:29,Physical Anomaly,ECG AI,Spoofing (High Noise) (Loss: 0.24),High
2026-01-07 13:17:29,Cyber Attack,Network AI,Detected Smurf (40.1%),High
2026-01-07 13:17:29,Physical Anomaly,ECG AI,Spoofing (High Noise) (Loss: 0.28),High
2026-01-07 13:17:29,Physical Anomaly,ECG AI,Spoofing (High Noise) (Loss: 0.29),High
2026-01-07 13:17:29,Cyber Attack,Network AI,Detected Smurf (40.1%),High
2026-01-07 13:17:29,Physical Anomaly,ECG AI,Spoofing (High Noise) (Loss: 0.29),High
2026-01-07 13:17:29,Physical Anomaly,ECG AI,Spoofing (High Noise) (Loss: 0.28),High
2026-01-07 13:17:29,Cyber Attack,Network AI,Detected Smurf (40.1%),High
2026-01-07 13:17:29,Physical Anomaly,ECG AI,Spoofing (High Noise) (Loss: 0.30),High
2026-01-07 13:17:30,Physical Anomaly,ECG AI,Spoofing (High Noise) (Loss: 0.30),High
2026-01-07 13:17:30,Physical Anomaly,ECG AI,Spoofing (High Noise) (Loss: 0.28),High
2026-01-07 13:17:30,Cyber Attack,Network AI,Detected Smurf (40.1%),High
2026-01-07 13:17:30,Physical Anomaly,ECG AI,Spoofing (High Noise) (Loss: 0.29),High
2026-01-07 13:17:30,Physical Anomaly,ECG AI,Spoofing (High Noise) (Loss: 0.30),High
2026-01-07 13:17:30,Cyber Attack,Network AI,Detected Smurf (40.1%),High
2026-01-07 13:17:30,Physical Anomaly,ECG AI,Spoofing (High Noise) (Loss: 0.29),High
2026-01-07 13:17:30,Physical Anomaly,ECG AI,Spoofing (High Noise) (Loss: 0.32),High
2026-01-07 13:17:30,Physical Anomaly,ECG AI,Spoofing (High Noise) (Loss: 0.31),High
2026-01-07 13:17:30,Cyber Attack,Network AI,Detected Smurf (40.1%),High
2026-01-07 13:17:30,Physical Anomaly,ECG AI,Spoofing (High Noise) (Loss: 0.27),High
2026-01-07 13:17:31,Physical Anomaly,ECG AI,Spoofing (High Noise) (Loss: 0.27),High
2026-01-07 13:17:31,Cyber Attack,Network AI,Detected Smurf (40.1%),High
2026-01-07 13:17:31,Physical Anomaly,ECG AI,Spoofing (High Noise) (Loss: 0.30),High
2026-01-07 13:17:31,Physical Anomaly,ECG AI,Spoofing (High Noise) (Loss: 0.29),High
2026-01-07 13:17:31,Physical Anomaly,ECG AI,Spoofing (High Noise) (Loss: 0.26),High
2026-01-07 13:17:31,Cyber Attack,Network AI,Detected Smurf (40.1%),High
2026-01-07 13:17:31,Physical Anomaly,ECG AI,Spoofing (High Noise) (Loss: 0.28),High
2026-01-07 13:17:31,Physical Anomaly,ECG AI,Spoofing (High Noise) (Loss: 0.24),High
2026-01-07 13:17:31,Cyber Attack,Network AI,Detected Smurf (40.1%),High
2026-01-07 13:17:31,Physical Anomaly,ECG AI,Spoofing (High Noise) (Loss: 0.26),High
2026-01-07 13:17:31,Physical Anomaly,ECG AI,Spoofing (High Noise) (Loss: 0.28),High
2026-01-07 13:17:31,Cyber Attack,Network AI,Detected Smurf (40.1%),High
2026-01-07 13:17:31,Physical Anomaly,ECG AI,Spoofing (High Noise) (Loss: 0.29),High
2026-01-07 13:17:31,Physical Anomaly,ECG AI,Spoofing (High Noise) (Loss: 0.26),High
2026-01-07 13:17:31,Physical Anomaly,ECG AI,Spoofing (High Noise) (Loss: 0.28),High
2026-01-07 13:17:31,Cyber Attack,Network AI,Detected Smurf (40.1%),High
2026-01-07 13:17:31,Physical Anomaly,ECG AI,Spoofing (High Noise) (Loss: 0.26),High
2026-01-07 13:17:31,Physical Anomaly,ECG AI,Spoofing (High Noise) (Loss: 0.25),High
2026-01-07 13:17:32,Cyber Attack,Network AI,Detected Smurf (40.1%),High
2026-01-07 13:17:32,Physical Anomaly,ECG AI,Spoofing (High Noise) (Loss: 0.23),High
2026-01-07 13:17:32,Physical Anomaly,ECG AI,Spoofing (High Noise) (Loss: 0.23),High
2026-01-07 13:17:32,Cyber Attack,Network AI,Detected Smurf (40.1%),High
2026-01-07 13:17:32,Physical Anomaly,ECG AI,Spoofing (High Noise) (Loss: 0.22),High
2026-01-07 13:17:32,Physical Anomaly,ECG AI,Spoofing (High Noise) (Loss: 0.23),High
2026-01-07 13:17:32,Physical Anomaly,ECG AI,Spoofing (High Noise) (Loss: 0.26),High
2026-01-07 13:17:32,Cyber Attack,Network AI,Detected Smurf (40.1%),High
2026-01-07 13:17:32,Physical Anomaly,ECG AI,Spoofing (High Noise) (Loss: 0.25),High
2026-01-07 13:17:32,Physical Anomaly,ECG AI,Spoofing (High Noise) (Loss: 0.25),High
2026-01-07 13:17:32,Cyber Attack,Network AI,Detected Smurf (40.1%),High
2026-01-07 13:17:32,Physical Anomaly,ECG AI,Spoofing (High Noise) (Loss: 0.26),High
2026-01-07 13:17:32,Physical Anomaly,ECG AI,Spoofing (High Noise) (Loss: 0.27),High
2026-01-07 13:17:32,Physical Anomaly,ECG AI,Spoofing (High Noise) (Loss: 0.26),High
2026-01-07 13:17:32,Cyber Attack,Network AI,Detected Smurf (40.1%),High
2026-01-07 13:17:32,Physical Anomaly,ECG AI,Spoofing (High Noise) (Loss: 0.25),High
2026-01-07 13:17:32,Physical Anomaly,ECG AI,Spoofing (High Noise) (Loss: 0.26),High
2026-01-07 13:17:33,Cyber Attack,Network AI,Detected Smurf (40.1%),High
2026-01-07 13:17:33,Physical Anomaly,ECG AI,Spoofing (High Noise) (Loss: 0.27),High
2026-01-07 13:17:33,Physical Anomaly,ECG AI,Spoofing (High Noise) (Loss: 0.28),High
2026-01-07 13:17:33,Physical Anomaly,ECG AI,Spoofing (High Noise) (Loss: 0.28),High
2026-01-07 13:17:33,Cyber Attack,Network AI,Detected Smurf (40.1%),High
2026-01-07 13:17:33,Physical Anomaly,ECG AI,Spoofing (High Noise) (Loss: 0.29),High
2026-01-07 13:17:33,Physical Anomaly,ECG AI,Spoofing (High Noise) (Loss: 0.29),High
2026-01-07 13:17:33,Cyber Attack,Network AI,Detected Smurf (40.1%),High
2026-01-07 13:17:33,Physical Anomaly,ECG AI,Spoofing (High Noise) (Loss: 0.31),High
2026-01-07 13:17:33,Physical Anomaly,ECG AI,Spoofing (High Noise) (Loss: 0.30),High
2026-01-07 13:17:33,Physical Anomaly,ECG AI,Spoofing (High Noise) (Loss: 0.29),High
2026-01-07 13:17:33,Cyber Attack,Network AI,Detected Smurf (40.1%),High
2026-01-07 13:17:33,Physical Anomaly,ECG AI,Spoofing (High Noise) (Loss: 0.28),High
2026-01-07 13:17:33,Physical Anomaly,ECG AI,Spoofing (High Noise) (Loss: 0.33),High
2026-01-07 13:17:33,Cyber Attack,Network AI,Detected Smurf (40.1%),High
2026-01-07 13:17:33,Physical Anomaly,ECG AI,Spoofing (High Noise) (Loss: 0.33),High
2026-01-07 13:17:33,Physical Anomaly,ECG AI,Spoofing (High Noise) (Loss: 0.34),High
2026-01-07 13:17:34,Cyber Attack,Network AI,Detected Smurf (40.1%),High
2026-01-07 13:17:34,Physical Anomaly,ECG AI,Spoofing (High Noise) (Loss: 0.34),High
2026-01-07 13:17:34,Physical Anomaly,ECG AI,Spoofing (High Noise) (Loss: 0.35),High
2026-01-07 13:17:34,Physical Anomaly,ECG AI,Spoofing (High Noise) (Loss: 0.33),High
2026-01-07 13:17:34,Cyber Attack,Network AI,Detected Smurf (40.1%),High
2026-01-07 13:17:34,Physical Anomaly,ECG AI,Spoofing (High Noise) (Loss: 0.31),High
2026-01-07 13:17:34,Physical Anomaly,ECG AI,Spoofing (High Noise) (Loss: 0.28),High
2026-01-07 13:17:34,Cyber Attack,Network AI,Detected Smurf (40.1%),High
2026-01-07 13:17:34,Physical Anomaly,ECG AI,Spoofing (High Noise) (Loss: 0.26),High
2026-01-07 13:17:34,Physical Anomaly,ECG AI,Spoofing (High Noise) (Loss: 0.25),High
2026-01-07 13:17:34,Physical Anomaly,ECG AI,Spoofing (High Noise) (Loss: 0.25),High
2026-01-07 13:17:34,Cyber Attack,Network AI,Detected Smurf (40.1%),High
2026-01-07 13:17:34,Physical Anomaly,ECG AI,Spoofing (High Noise) (Loss: 0.27),High
2026-01-07 13:17:34,Physical Anomaly,ECG AI,Spoofing (High Noise) (Loss: 0.26),High
2026-01-07 13:17:34,Cyber Attack,Network AI,Detected Smurf (40.1%),High
2026-01-07 13:17:34,Physical Anomaly,ECG AI,Spoofing (High Noise) (Loss: 0.24),High
2026-01-07 13:17:34,Physical Anomaly,ECG AI,Spoofing (High Noise) (Loss: 0.24),High
2026-01-07 13:17:34,Physical Anomaly,ECG AI,Spoofing (High Noise) (Loss: 0.25),High
2026-01-07 13:17:34,Cyber Attack,Network AI,Detected Smurf (40.1%),High
2026-01-07 13:17:35,Physical Anomaly,ECG AI,Spoofing (High Noise) (Loss: 0.24),High
2026-01-07 13:17:35,Physical Anomaly,ECG AI,Spoofing (High Noise) (Loss: 0.23),High
2026-01-07 13:17:35,Cyber Attack,Network AI,Detected Smurf (40.1%),High
2026-01-07 13:17:35,Physical Anomaly,ECG AI,Spoofing (High Noise) (Loss: 0.23),High
2026-01-07 13:17:35,Physical Anomaly,ECG AI,Spoofing (High Noise) (Loss: 0.24),High
2026-01-07 13:17:35,Physical Anomaly,ECG AI,Spoofing (High Noise) (Loss: 0.27),High
2026-01-07 13:17:35,Cyber Attack,Network AI,Detected Smurf (40.1%),High
2026-01-07 13:17:35,Physical Anomaly,ECG AI,Spoofing (High Noise) (Loss: 0.31),High
2026-01-07 13:17:35,Physical Anomaly,ECG AI,Spoofing (High Noise) (Loss: 0.29),High
2026-01-07 13:17:35,Cyber Attack,Network AI,Detected Smurf (40.1%),High
2026-01-07 13:17:35,Physical Anomaly,ECG AI,Spoofing (High Noise) (Loss: 0.33),High
2026-01-07 13:17:36,Physical Anomaly,ECG AI,Spoofing (High Noise) (Loss: 0.30),High
2026-01-07 13:17:36,Cyber Attack,Network AI,Detected Smurf (40.1%),High
2026-01-07 13:17:36,Physical Anomaly,ECG AI,Spoofing (High Noise) (Loss: 0.32),High
2026-01-07 13:17:36,Physical Anomaly,ECG AI,Spoofing (High Noise) (Loss: 0.27),High
2026-01-07 13:17:36,Physical Anomaly,ECG AI,Spoofing (High Noise) (Loss: 0.29),High
2026-01-07 13:17:36,Cyber Attack,Network AI,Detected Smurf (40.1%),High
2026-01-07 13:17:36,Physical Anomaly,ECG AI,Spoofing (High Noise) (Loss: 0.31),High
2026-01-07 13:17:36,Physical Anomaly,ECG AI,Spoofing (High Noise) (Loss: 0.29),High
2026-01-07 13:17:36,Cyber Attack,Network AI,Detected Smurf (40.1%),High
2026-01-07 13:17:36,Physical Anomaly,ECG AI,Spoofing (High Noise) (Loss: 0.34),High
2026-01-07 13:17:36,Physical Anomaly,ECG AI,Spoofing (High Noise) (Loss: 0.32),High
2026-01-07 13:17:36,Cyber Attack,Network AI,Detected Smurf (40.1%),High
2026-01-07 13:17:36,Physical Anomaly,ECG AI,Spoofing (High Noise) (Loss: 0.32),High
2026-01-07 13:17:36,Physical Anomaly,ECG AI,Spoofing (High Noise) (Loss: 0.35),High
2026-01-07 13:17:36,Physical Anomaly,ECG AI,Spoofing (High Noise) (Loss: 0.32),High
2026-01-07 13:17:36,Cyber Attack,Network AI,Detected Smurf (40.1%),High
2026-01-07 13:17:36,Physical Anomaly,ECG AI,Spoofing (High Noise) (Loss: 0.28),High
2026-01-07 13:17:37,Physical Anomaly,ECG AI,Spoofing (High Noise) (Loss: 0.23),High
2026-01-07 13:17:37,Cyber Attack,Network AI,Detected Smurf (40.1%),High
2026-01-07 13:17:37,Physical Anomaly,ECG AI,Spoofing (High Noise) (Loss: 0.29),High
2026-01-07 13:17:37,Physical Anomaly,ECG AI,Spoofing (High Noise) (Loss: 0.28),High
2026-01-07 13:17:37,Cyber Attack,Network AI,Detected Smurf (40.1%),High
2026-01-07 13:17:37,Physical Anomaly,ECG AI,Spoofing (High Noise) (Loss: 0.28),High
2026-01-07 13:17:37,Physical Anomaly,ECG AI,Spoofing (High Noise) (Loss: 0.30),High
2026-01-07 13:17:37,Physical Anomaly,ECG AI,Spoofing (High Noise) (Loss: 0.27),High
2026-01-07 13:17:37,Cyber Attack,Network AI,Detected Smurf (40.1%),High
2026-01-07 13:17:37,Physical Anomaly,ECG AI,Spoofing (High Noise) (Loss: 0.26),High
2026-01-07 13:17:37,Physical Anomaly,ECG AI,Spoofing (High Noise) (Loss: 0.28),High
2026-01-07 13:17:37,Cyber Attack,Network AI,Detected Smurf (40.1%),High
2026-01-07 13:17:37,Physical Anomaly,ECG AI,Spoofing (High Noise) (Loss: 0.27),High
2026-01-07 13:17:37,Physical Anomaly,ECG AI,Spoofing (High Noise) (Loss: 0.28),High
2026-01-07 13:17:37,Physical Anomaly,ECG AI,Spoofing (High Noise) (Loss: 0.26),High
2026-01-07 13:17:37,Cyber Attack,Network AI,Detected Smurf (40.1%),High
2026-01-07 13:17:37,Physical Anomaly,ECG AI,Spoofing (High Noise) (Loss: 0.27),High
2026-01-07 13:17:37,Physical Anomaly,ECG AI,Spoofing (High Noise) (Loss: 0.29),High
2026-01-07 13:17:38,Cyber Attack,Network AI,Detected Smurf (40.1%),High
2026-01-07 13:17:38,Physical Anomaly,ECG AI,Spoofing (High Noise) (Loss: 0.31),High
2026-01-07 13:17:38,Physical Anomaly,ECG AI,Spoofing (High Noise) (Loss: 0.33),High
2026-01-07 13:17:38,Physical Anomaly,ECG AI,Spoofing (High Noise) (Loss: 0.34),High
2026-01-07 13:17:38,Cyber Attack,Network AI,Detected Smurf (40.1%),High
2026-01-07 13:17:38,Physical Anomaly,ECG AI,Spoofing (High Noise) (Loss: 0.34),High
2026-01-07 13:17:38,Physical Anomaly,ECG AI,Spoofing (High Noise) (Loss: 0.35),High
2026-01-07 13:17:38,Cyber Attack,Network AI,Detected Smurf (40.1%),High
2026-01-07 13:17:38,Physical Anomaly,ECG AI,Spoofing (High Noise) (Loss: 0.38),High
2026-01-07 13:17:38,Physical Anomaly,ECG AI,Spoofing (High Noise) (Loss: 0.37),High
2026-01-07 13:17:38,Physical Anomaly,ECG AI,Spoofing (High Noise) (Loss: 0.33),High
2026-01-07 13:17:38,Cyber Attack,Network AI,Detected Smurf (40.1%),High
2026-01-07 13:17:38,Physical Anomaly,ECG AI,Spoofing (High Noise) (Loss: 0.30),High
2026-01-07 13:17:39,Physical Anomaly,ECG AI,Spoofing (High Noise) (Loss: 0.31),High
2026-01-07 13:17:39,Cyber Attack,Network AI,Detected Smurf (40.1%),High
2026-01-07 13:17:39,Physical Anomaly,ECG AI,Spoofing (High Noise) (Loss: 0.29),High
2026-01-07 13:17:39,Physical Anomaly,ECG AI,Spoofing (High Noise) (Loss: 0.31),High
2026-01-07 13:17:39,Cyber Attack,Network AI,Detected Smurf (40.1%),High
2026-01-07 13:17:39,Physical Anomaly,ECG AI,Spoofing (High Noise) (Loss: 0.30),High
2026-01-07 13:17:39,Physical Anomaly,ECG AI,Spoofing (High Noise) (Loss: 0.26),High
2026-01-07 13:17:39,Physical Anomaly,ECG AI,Spoofing (High Noise) (Loss: 0.26),High
2026-01-07 13:17:39,Cyber Attack,Network AI,Detected Smurf (40.1%),High
2026-01-07 13:17:39,Physical Anomaly,ECG AI,Spoofing (High Noise) (Loss: 0.25),High
2026-01-07 13:17:39,Physical Anomaly,ECG AI,Spoofing (High Noise) (Loss: 0.25),High
2026-01-07 13:17:39,Cyber Attack,Network AI,Detected Smurf (40.1%),High
2026-01-07 13:17:39,Physical Anomaly,ECG AI,Spoofing (High Noise) (Loss: 0.22),High
2026-01-07 13:17:39,Physical Anomaly,ECG AI,Spoofing (High Noise) (Loss: 0.23),High
2026-01-07 13:17:39,Physical Anomaly,ECG AI,Spoofing (High Noise) (Loss: 0.23),High
2026-01-07 13:17:39,Cyber Attack,Network AI,Detected Smurf (40.1%),High
2026-01-07 13:17:39,Physical Anomaly,ECG AI,Spoofing (High Noise) (Loss: 0.23),High
2026-01-07 13:17:39,Physical Anomaly,ECG AI,Spoofing (High Noise) (Loss: 0.24),High
2026-01-07 13:17:39,Cyber Attack,Network AI,Detected Smurf (40.1%),High
2026-01-07 13:17:39,Physical Anomaly,ECG AI,Spoofing (High Noise) (Loss: 0.25),High
2026-01-07 13:17:40,Physical Anomaly,ECG AI,Spoofing (High Noise) (Loss: 0.25),High
2026-01-07 13:17:40,Physical Anomaly,ECG AI,Spoofing (High Noise) (Loss: 0.25),High
2026-01-07 13:17:40,Cyber Attack,Network AI,Detected Smurf (40.1%),High
2026-01-07 13:17:40,Physical Anomaly,ECG AI,Spoofing (High Noise) (Loss: 0.23),High
2026-01-07 13:17:40,Physical Anomaly,ECG AI,Spoofing (High Noise) (Loss: 0.26),High
2026-01-07 13:17:40,Cyber Attack,Network AI,Detected Smurf (40.1%),High
2026-01-07 13:17:40,Physical Anomaly,ECG AI,Spoofing (High Noise) (Loss: 0.25),High
2026-01-07 13:17:40,Physical Anomaly,ECG AI,Spoofing (High Noise) (Loss: 0.26),High
2026-01-07 13:17:40,Physical Anomaly,ECG AI,Spoofing (High Noise) (Loss: 0.26),High
2026-01-07 13:17:40,Cyber Attack,Network AI,Detected Smurf (40.1%),High
2026-01-07 13:17:40,Physical Anomaly,ECG AI,Spoofing (High Noise) (Loss: 0.26),High
2026-01-07 13:17:40,Physical Anomaly,ECG AI,Spoofing (High Noise) (Loss: 0.27),High
2026-01-07 13:17:40,Cyber Attack,Network AI,Detected Smurf (40.1%),High
2026-01-07 13:17:40,Physical Anomaly,ECG AI,Spoofing (High Noise) (Loss: 0.29),High
2026-01-07 13:17:40,Physical Anomaly,ECG AI,Spoofing (High Noise) (Loss: 0.28),High
2026-01-07 13:17:40,Cyber Attack,Network AI,Detected Smurf (40.1%),High
2026-01-07 13:17:40,Physical Anomaly,ECG AI,Spoofing (High Noise) (Loss: 0.29),High
2026-01-07 13:17:40,Physical Anomaly,ECG AI,Spoofing (High Noise) (Loss: 0.27),High
2026-01-07 13:17:41,Physical Anomaly,ECG AI,Spoofing (High Noise) (Loss: 0.26),High
2026-01-07 13:17:41,Cyber Attack,Network AI,Detected Smurf (40.1%),High
2026-01-07 13:17:41,Physical Anomaly,ECG AI,Spoofing (High Noise) (Loss: 0.24),High
2026-01-07 13:17:41,Physical Anomaly,ECG AI,Spoofing (High Noise) (Loss: 0.24),High
2026-01-07 13:17:41,Cyber Attack,Network AI,Detected Smurf (40.1%),High
2026-01-07 13:17:41,Physical Anomaly,ECG AI,Spoofing (High Noise) (Loss: 0.23),High
2026-01-07 13:17:41,Physical Anomaly,ECG AI,Spoofing (High Noise) (Loss: 0.21),High
2026-01-07 13:17:41,Cyber Attack,Network AI,Detected Smurf (40.1%),High
2026-01-07 13:17:41,Physical Anomaly,ECG AI,Spoofing (High Noise) (Loss: 0.23),High
2026-01-07 13:17:41,Physical Anomaly,ECG AI,Spoofing (High Noise) (Loss: 0.23),High
2026-01-07 13:17:41,Physical Anomaly,ECG AI,Spoofing (High Noise) (Loss: 0.23),High
2026-01-07 13:17:41,Cyber Attack,Network AI,Detected Smurf (40.1%),High
2026-01-07 13:17:41,Physical Anomaly,ECG AI,Spoofing (High Noise) (Loss: 0.23),High
2026-01-07 13:17:41,Physical Anomaly,ECG AI,Spoofing (High Noise) (Loss: 0.22),High
2026-01-07 13:17:41,Cyber Attack,Network AI,Detected Smurf (40.1%),High
2026-01-07 13:17:41,Physical Anomaly,ECG AI,Spoofing (High Noise) (Loss: 0.20),High
2026-01-07 13:17:42,Physical Anomaly,ECG AI,Spoofing (High Noise) (Loss: 0.17),High
2026-01-07 13:17:42,Cyber Attack,Network AI,Detected Smurf (40.1%),High
2026-01-07 13:17:42,Physical Anomaly,ECG AI,Spoofing (High Noise) (Loss: 0.18),High
2026-01-07 13:17:42,Physical Anomaly,ECG AI,Spoofing (High Noise) (Loss: 0.21),High
2026-01-07 13:17:42,Physical Anomaly,ECG AI,Spoofing (High Noise) (Loss: 0.22),High
2026-01-07 13:17:42,Cyber Attack,Network AI,Detected Smurf (40.1%),High
2026-01-07 13:17:42,Physical Anomaly,ECG AI,Spoofing (High Noise) (Loss: 0.25),High
2026-01-07 13:17:42,Physical Anomaly,ECG AI,Spoofing (High Noise) (Loss: 0.27),High
2026-01-07 13:17:42,Cyber Attack,Network AI,Detected Smurf (40.1%),High
2026-01-07 13:17:42,Physical Anomaly,ECG AI,Spoofing (High Noise) (Loss: 0.33),High
2026-01-07 13:17:42,Physical Anomaly,ECG AI,Spoofing (High Noise) (Loss: 0.33),High
2026-01-07 13:17:42,Cyber Attack,Network AI,Detected Smurf (40.1%),High
2026-01-07 13:17:42,Physical Anomaly,ECG AI,Spoofing (High Noise) (Loss: 0.33),High
2026-01-07 13:17:42,Physical Anomaly,ECG AI,Spoofing (High Noise) (Loss: 0.35),High
2026-01-07 13:17:43,Physical Anomaly,ECG AI,Spoofing (High Noise) (Loss: 0.31),High
2026-01-07 13:17:43,Cyber Attack,Network AI,Detected Smurf (40.1%),High
2026-01-07 13:17:43,Physical Anomaly,ECG AI,Spoofing (High Noise) (Loss: 0.29),High
2026-01-07 13:17:43,Physical Anomaly,ECG AI,Spoofing (High Noise) (Loss: 0.29),High
2026-01-07 13:17:43,Cyber Attack,Network AI,Detected Smurf (40.1%),High
2026-01-07 13:17:43,Physical Anomaly,ECG AI,Spoofing (High Noise) (Loss: 0.26),High
2026-01-07 13:17:43,Physical Anomaly,ECG AI,Spoofing (High Noise) (Loss: 0.29),High
2026-01-07 13:17:43,Physical Anomaly,ECG AI,Spoofing (High Noise) (Loss: 0.29),High
2026-01-07 13:17:43,Cyber Attack,Network AI,Detected Smurf (40.1%),High
2026-01-07 13:17:43,Physical Anomaly,ECG AI,Spoofing (High Noise) (Loss: 0.26),High
2026-01-07 13:17:43,Physical Anomaly,ECG AI,Spoofing (High Noise) (Loss: 0.25),High
2026-01-07 13:17:43,Cyber Attack,Network AI,Detected Smurf (40.1%),High
2026-01-07 13:17:43,Physical Anomaly,ECG AI,Spoofing (High Noise) (Loss: 0.27),High
2026-01-07 13:17:44,Cyber Attack,Network AI,Detected Smurf (40.1%),High
2026-01-07 13:17:44,Physical Anomaly,ECG AI,Spoofing (High Noise) (Loss: 0.24),High
2026-01-07 13:17:44,Physical Anomaly,ECG AI,Spoofing (High Noise) (Loss: 0.20),High
2026-01-07 13:17:44,Physical Anomaly,ECG AI,Spoofing (High Noise) (Loss: 0.21),High
2026-01-07 13:17:44,Cyber Attack,Network AI,Detected Smurf (40.1%),High
2026-01-07 13:17:44,Physical Anomaly,ECG AI,Spoofing (High Noise) (Loss: 0.18),High
2026-01-07 13:17:44,Physical Anomaly,ECG AI,Spoofing (High Noise) (Loss: 0.16),High
2026-01-07 13:17:44,Physical Anomaly,ECG AI,Spoofing (High Noise) (Loss: 0.21),High
2026-01-07 13:17:44,Cyber Attack,Network AI,Detected Smurf (40.1%),High
2026-01-07 13:17:44,Physical Anomaly,ECG AI,Spoofing (High Noise) (Loss: 0.25),High
2026-01-07 13:17:44,Physical Anomaly,ECG AI,Spoofing (High Noise) (Loss: 0.25),High
2026-01-07 13:17:44,Cyber Attack,Network AI,Detected Smurf (40.1%),High
2026-01-07 13:17:44,Physical Anomaly,ECG AI,Spoofing (High Noise) (Loss: 0.28),High
2026-01-07 13:17:44,Physical Anomaly,ECG AI,Spoofing (High Noise) (Loss: 0.30),High
2026-01-07 13:17:44,Cyber Attack,Network AI,Detected Smurf (40.1%),High
2026-01-07 13:17:44,Physical Anomaly,ECG AI,Spoofing (High Noise) (Loss: 0.32),High
2026-01-07 13:17:44,Physical Anomaly,ECG AI,Spoofing (High Noise) (Loss: 0.29),High
2026-01-07 13:17:45,Physical Anomaly,ECG AI,Spoofing (High Noise) (Loss: 0.28),High
2026-01-07 13:17:45,Cyber Attack,Network AI,Detected Smurf (40.1%),High
2026-01-07 13:17:45,Physical Anomaly,ECG AI,Spoofing (High Noise) (Loss: 0.27),High
2026-01-07 13:17:45,Physical Anomaly,ECG AI,Spoofing (High Noise) (Loss: 0.25),High
2026-01-07 13:17:45,Cyber Attack,Network AI,Detected Smurf (40.1%),High
2026-01-07 13:17:45,Physical Anomaly,ECG AI,Spoofing (High Noise) (Loss: 0.27),High
2026-01-07 13:17:45,Physical Anomaly,ECG AI,Spoofing (High Noise) (Loss: 0.26),High
2026-01-07 13:17:45,Physical Anomaly,ECG AI,Spoofing (High Noise) (Loss: 0.25),High
2026-01-07 13:17:45,Cyber Attack,Network AI,Detected Smurf (40.1%),High
2026-01-07 13:17:45,Physical Anomaly,ECG AI,Spoofing (High Noise) (Loss: 0.25),High
2026-01-07 13:17:45,Physical Anomaly,ECG AI,Spoofing (High Noise) (Loss: 0.24),High
2026-01-07 13:17:45,Cyber Attack,Network AI,Detected Smurf (40.1%),High
2026-01-07 13:17:45,Physical Anomaly,ECG AI,Spoofing (High Noise) (Loss: 0.20),High
2026-01-07 13:17:45,Physical Anomaly,ECG AI,Spoofing (High Noise) (Loss: 0.22),High
2026-01-07 13:17:45,Physical Anomaly,ECG AI,Spoofing (High Noise) (Loss: 0.20),High
2026-01-07 13:17:45,Cyber Attack,Network AI,Detected Smurf (40.1%),High
2026-01-07 13:17:46,Physical Anomaly,ECG AI,Spoofing (High Noise) (Loss: 0.19),High
2026-01-07 13:17:46,Physical Anomaly,ECG AI,Spoofing (High Noise) (Loss: 0.18),High
2026-01-07 13:17:46,Cyber Attack,Network AI,Detected Smurf (40.1%),High
2026-01-07 13:17:46,Physical Anomaly,ECG AI,Spoofing (High Noise) (Loss: 0.18),High
2026-01-07 13:17:46,Physical Anomaly,ECG AI,Spoofing (High Noise) (Loss: 0.19),High
2026-01-07 13:17:46,Physical Anomaly,ECG AI,Spoofing (High Noise) (Loss: 0.21),High
2026-01-07 13:17:46,Cyber Attack,Network AI,Detected Smurf (40.1%),High
2026-01-07 13:17:46,Physical Anomaly,ECG AI,Spoofing (High Noise) (Loss: 0.24),High
2026-01-07 13:17:46,Physical Anomaly,ECG AI,Spoofing (High Noise) (Loss: 0.25),High
2026-01-07 13:17:46,Cyber Attack,Network AI,Detected Smurf (40.1%),High
2026-01-07 13:17:46,Physical Anomaly,ECG AI,Spoofing (High Noise) (Loss: 0.23),High
2026-01-07 13:17:46,Physical Anomaly,ECG AI,Spoofing (High Noise) (Loss: 0.22),High
2026-01-07 13:17:46,Cyber Attack,Network AI,Detected Smurf (40.1%),High
2026-01-07 13:17:46,Physical Anomaly,ECG AI,Spoofing (High Noise) (Loss: 0.21),High
2026-01-07 13:17:46,Physical Anomaly,ECG AI,Spoofing (High Noise) (Loss: 0.21),High
2026-01-07 13:17:46,Physical Anomaly,ECG AI,Spoofing (High Noise) (Loss: 0.24),High
2026-01-07 13:17:46,Cyber Attack,Network AI,Detected Smurf (40.1%),High
2026-01-07 13:17:46,Physical Anomaly,ECG AI,Spoofing (High Noise) (Loss: 0.22),High
2026-01-07 13:17:46,Cyber Attack,Network AI,Detected Smurf (40.1%),High
2026-01-07 13:17:46,Physical Anomaly,ECG AI,Spoofing (High Noise) (Loss: 0.22),High
2026-01-07 13:17:46,Physical Anomaly,ECG AI,Spoofing (High Noise) (Loss: 0.25),High
2026-01-07 13:17:46,Physical Anomaly,ECG AI,Spoofing (High Noise) (Loss: 0.26),High
2026-01-07 13:17:46,Cyber Attack,Network AI,Detected Smurf (40.1%),High
2026-01-07 13:17:47,Physical Anomaly,ECG AI,Spoofing (High Noise) (Loss: 0.29),High
2026-01-07 13:17:47,Physical Anomaly,ECG AI,Spoofing (High Noise) (Loss: 0.27),High
2026-01-07 13:17:47,Cyber Attack,Network AI,Detected Smurf (40.1%),High
2026-01-07 13:17:47,Physical Anomaly,ECG AI,Spoofing (High Noise) (Loss: 0.21),High
2026-01-07 13:17:47,Physical Anomaly,ECG AI,Spoofing (High Noise) (Loss: 0.23),High
2026-01-07 13:17:47,Physical Anomaly,ECG AI,Spoofing (High Noise) (Loss: 0.23),High
2026-01-07 13:17:47,Cyber Attack,Network AI,Detected Smurf (40.1%),High
2026-01-07 13:17:47,Physical Anomaly,ECG AI,Spoofing (High Noise) (Loss: 0.28),High
2026-01-07 13:17:47,Physical Anomaly,ECG AI,Spoofing (High Noise) (Loss: 0.27),High
2026-01-07 13:17:47,Cyber Attack,Network AI,Detected Smurf (40.1%),High
2026-01-07 13:17:47,Physical Anomaly,ECG AI,Spoofing (High Noise) (Loss: 0.25),High
2026-01-07 13:17:47,Physical Anomaly,ECG AI,Spoofing (High Noise) (Loss: 0.31),High
2026-01-07 13:17:48,Cyber Attack,Network AI,Detected Smurf (40.1%),High
2026-01-07 13:17:48,Physical Anomaly,ECG AI,Spoofing (High Noise) (Loss: 0.27),High
2026-01-07 13:17:48,Physical Anomaly,ECG AI,Spoofing (High Noise) (Loss: 0.30),High
2026-01-07 13:17:48,Physical Anomaly,ECG AI,Spoofing (High Noise) (Loss: 0.28),High
2026-01-07 13:17:48,Cyber Attack,Network AI,Detected Smurf (40.1%),High
2026-01-07 13:17:48,Physical Anomaly,ECG AI,Spoofing (High Noise) (Loss: 0.28),High
2026-01-07 13:17:48,Physical Anomaly,ECG AI,Spoofing (High Noise) (Loss: 0.27),High
2026-01-07 13:17:48,Cyber Attack,Network AI,Detected Smurf (40.1%),High
2026-01-07 13:17:48,Physical Anomaly,ECG AI,Spoofing (High Noise) (Loss: 0.27),High
2026-01-07 13:17:48,Physical Anomaly,ECG AI,Spoofing (High Noise) (Loss: 0.31),High
2026-01-07 13:17:48,Cyber Attack,Network AI,Detected Smurf (40.1%),High
2026-01-07 13:17:48,Physical Anomaly,ECG AI,Spoofing (High Noise) (Loss: 0.33),High
2026-01-07 13:17:48,Physical Anomaly,ECG AI,Spoofing (High Noise) (Loss: 0.31),High
2026-01-07 13:17:48,Physical Anomaly,ECG AI,Spoofing (High Noise) (Loss: 0.34),High
2026-01-07 13:17:48,Cyber Attack,Network AI,Detected Smurf (40.1%),High
2026-01-07 13:17:48,Physical Anomaly,ECG AI,Spoofing (High Noise) (Loss: 0.32),High
2026-01-07 13:17:48,Physical Anomaly,ECG AI,Spoofing (High Noise) (Loss: 0.30),High
2026-01-07 13:17:48,Cyber Attack,Network AI,Detected Smurf (40.1%),High
2026-01-07 13:17:49,Physical Anomaly,ECG AI,Spoofing (High Noise) (Loss: 0.29),High
2026-01-07 13:17:49,Physical Anomaly,ECG AI,Spoofing (High Noise) (Loss: 0.25),High
2026-01-07 13:17:49,Cyber Attack,Network AI,Detected Smurf (40.1%),High
2026-01-07 13:17:49,Physical Anomaly,ECG AI,Spoofing (High Noise) (Loss: 0.24),High
2026-01-07 13:17:49,Physical Anomaly,ECG AI,Spoofing (High Noise) (Loss: 0.22),High
2026-01-07 13:17:49,Physical Anomaly,ECG AI,Spoofing (High Noise) (Loss: 0.21),High
2026-01-07 13:17:49,Cyber Attack,Network AI,Detected Smurf (40.1%),High
2026-01-07 13:17:49,Physical Anomaly,ECG AI,Spoofing (High Noise) (Loss: 0.17),High
2026-01-07 13:17:49,Physical Anomaly,ECG AI,Spoofing (High Noise) (Loss: 0.18),High
2026-01-07 13:17:49,Cyber Attack,Network AI,Detected Smurf (40.1%),High
2026-01-07 13:17:49,Physical Anomaly,ECG AI,Spoofing (High Noise) (Loss: 0.19),High
2026-01-07 13:17:49,Physical Anomaly,ECG AI,Spoofing (High Noise) (Loss: 0.22),High
2026-01-07 13:17:49,Cyber Attack,Network AI,Detected Smurf (40.1%),High
2026-01-07 13:17:49,Physical Anomaly,ECG AI,Spoofing (High Noise) (Loss: 0.24),High
2026-01-07 13:17:49,Physical Anomaly,ECG AI,Spoofing (High Noise) (Loss: 0.20),High
2026-01-07 13:17:49,Physical Anomaly,ECG AI,Spoofing (High Noise) (Loss: 0.21),High
2026-01-07 13:17:49,Cyber Attack,Network AI,Detected Smurf (40.1%),High
2026-01-07 13:17:50,Physical Anomaly,ECG AI,Spoofing (High Noise) (Loss: 0.22),High
2026-01-07 13:17:50,Physical Anomaly,ECG AI,Spoofing (High Noise) (Loss: 0.22),High
2026-01-07 13:17:50,Cyber Attack,Network AI,Detected Smurf (40.1%),High
2026-01-07 13:17:50,Physical Anomaly,ECG AI,Spoofing (High Noise) (Loss: 0.28),High
2026-01-07 13:17:50,Physical Anomaly,ECG AI,Spoofing (High Noise) (Loss: 0.30),High
2026-01-07 13:17:50,Cyber Attack,Network AI,Detected Smurf (40.1%),High
2026-01-07 13:17:50,Physical Anomaly,ECG AI,Spoofing (High Noise) (Loss: 0.32),High
2026-01-07 13:17:50,Physical Anomaly,ECG AI,Spoofing (High Noise) (Loss: 0.28),High
2026-01-07 13:17:50,Physical Anomaly,ECG AI,Spoofing (High Noise) (Loss: 0.29),High
2026-01-07 13:17:50,Cyber Attack,Network AI,Detected Smurf (40.1%),High
2026-01-07 13:17:50,Physical Anomaly,ECG AI,Spoofing (High Noise) (Loss: 0.33),High
2026-01-07 13:17:50,Physical Anomaly,ECG AI,Spoofing (High Noise) (Loss: 0.33),High
2026-01-07 13:17:50,Cyber Attack,Network AI,Detected Smurf (40.1%),High
2026-01-07 13:17:50,Physical Anomaly,ECG AI,Spoofing (High Noise) (Loss: 0.33),High
2026-01-07 13:17:51,Physical Anomaly,ECG AI,Spoofing (High Noise) (Loss: 0.31),High
2026-01-07 13:17:51,Cyber Attack,Network AI,Detected Smurf (40.1%),High
2026-01-07 13:17:51,Physical Anomaly,ECG AI,Spoofing (High Noise) (Loss: 0.31),High
2026-01-07 13:17:51,Physical Anomaly,ECG AI,Spoofing (High Noise) (Loss: 0.33),High
2026-01-07 13:17:51,Cyber Attack,Network AI,Detected Smurf (40.1%),High
2026-01-07 13:17:51,Physical Anomaly,ECG AI,Spoofing (High Noise) (Loss: 0.37),High
2026-01-07 13:17:51,Physical Anomaly,ECG AI,Spoofing (High Noise) (Loss: 0.40),High
2026-01-07 13:17:51,Physical Anomaly,ECG AI,Spoofing (High Noise) (Loss: 0.42),High
2026-01-07 13:17:51,Cyber Attack,Network AI,Detected Smurf (40.1%),High
2026-01-07 13:17:51,Physical Anomaly,ECG AI,Spoofing (High Noise) (Loss: 0.38),High
2026-01-07 13:17:51,Physical Anomaly,ECG AI,Spoofing (High Noise) (Loss: 0.36),High
2026-01-07 13:17:51,Cyber Attack,Network AI,Detected Smurf (40.1%),High
2026-01-07 13:17:51,Physical Anomaly,ECG AI,Spoofing (High Noise) (Loss: 0.37),High
2026-01-07 13:17:51,Physical Anomaly,ECG AI,Spoofing (High Noise) (Loss: 0.38),High
2026-01-07 13:17:52,Cyber Attack,Network AI,Detected Smurf (40.1%),High
2026-01-07 13:17:52,Physical Anomaly,ECG AI,Spoofing (High Noise) (Loss: 0.34),High
2026-01-07 13:17:52,Physical Anomaly,ECG AI,Spoofing (High Noise) (Loss: 0.30),High
2026-01-07 13:17:52,Physical Anomaly,ECG AI,Spoofing (High Noise) (Loss: 0.30),High
2026-01-07 13:17:52,Cyber Attack,Network AI,Detected Smurf (40.1%),High
2026-01-07 13:17:52,Physical Anomaly,ECG AI,Spoofing (High Noise) (Loss: 0.30),High
2026-01-07 13:17:52,Physical Anomaly,ECG AI,Spoofing (High Noise) (Loss: 0.30),High
2026-01-07 13:17:52,Cyber Attack,Network AI,Detected Smurf (40.1%),High
2026-01-07 13:17:52,Physical Anomaly,ECG AI,Spoofing (High Noise) (Loss: 0.34),High
2026-01-07 13:17:52,Physical Anomaly,ECG AI,Spoofing (High Noise) (Loss: 0.34),High
2026-01-07 13:17:52,Cyber Attack,Network AI,Detected Smurf (40.1%),High
2026-01-07 13:17:52,Physical Anomaly,ECG AI,Spoofing (High Noise) (Loss: 0.30),High
2026-01-07 13:17:52,Physical Anomaly,ECG AI,Spoofing (High Noise) (Loss: 0.27),High
2026-01-07 13:17:52,Physical Anomaly,ECG AI,Spoofing (High Noise) (Loss: 0.25),High
2026-01-07 13:17:52,Cyber Attack,Network AI,Detected Smurf (40.1%),High
2026-01-07 13:17:52,Physical Anomaly,ECG AI,Spoofing (High Noise) (Loss: 0.24),High
2026-01-07 13:17:52,Physical Anomaly,ECG AI,Spoofing (High Noise) (Loss: 0.28),High
2026-01-07 13:17:52,Cyber Attack,Network AI,Detected Smurf (40.1%),High
2026-01-07 13:17:52,Physical Anomaly,ECG AI,Spoofing (High Noise) (Loss: 0.28),High
2026-01-07 13:17:52,Physical Anomaly,ECG AI,Spoofing (High Noise) (Loss: 0.26),High
2026-01-07 13:17:52,Physical Anomaly,ECG AI,Spoofing (High Noise) (Loss: 0.29),High
2026-01-07 13:17:52,Cyber Attack,Network AI,Detected Smurf (40.1%),High
2026-01-07 13:17:53,Physical Anomaly,ECG AI,Spoofing (High Noise) (Loss: 0.31),High
2026-01-07 13:17:53,Physical Anomaly,ECG AI,Rate Tampering (Tachycardia) (Loss: 0.31),High
2026-01-07 13:17:53,Cyber Attack,Network AI,Detected Smurf (40.1%),High
2026-01-07 13:17:53,Physical Anomaly,ECG AI,Rate Tampering (Tachycardia) (Loss: 0.33),High
2026-01-07 13:17:53,Physical Anomaly,ECG AI,Rate Tampering (Tachycardia) (Loss: 0.29),High
2026-01-07 13:17:53,Cyber Attack,Network AI,Detected Smurf (40.1%),High
2026-01-07 13:17:53,Physical Anomaly,ECG AI,Rate Tampering (Tachycardia) (Loss: 0.28),High
2026-01-07 13:17:53,Physical Anomaly,ECG AI,Spoofing (High Noise) (Loss: 0.30),High
2026-01-07 13:17:53,Cyber Attack,Network AI,Detected Smurf (40.1%),High
2026-01-07 13:17:53,Physical Anomaly,ECG AI,Spoofing (High Noise) (Loss: 0.32),High
2026-01-07 13:17:53,Physical Anomaly,ECG AI,Spoofing (High Noise) (Loss: 0.34),High
2026-01-07 13:17:53,Physical Anomaly,ECG AI,Spoofing (High Noise) (Loss: 0.34),High
2026-01-07 13:17:53,Cyber Attack,Network AI,Detected Smurf (40.1%),High
2026-01-07 13:17:54,Physical Anomaly,ECG AI,Spoofing (High Noise) (Loss: 0.34),High
2026-01-07 13:17:54,Physical Anomaly,ECG AI,Spoofing (High Noise) (Loss: 0.34),High
2026-01-07 13:17:54,Cyber Attack,Network AI,Detected Smurf (40.1%),High
2026-01-07 13:17:54,Physical Anomaly,ECG AI,Spoofing (High Noise) (Loss: 0.33),High
2026-01-07 13:17:54,Physical Anomaly,ECG AI,Spoofing (High Noise) (Loss: 0.32),High
2026-01-07 13:17:54,Cyber Attack,Network AI,Detected Smurf (40.1%),High
2026-01-07 13:17:54,Physical Anomaly,ECG AI,Spoofing (High Noise) (Loss: 0.28),High
2026-01-07 13:17:54,Physical Anomaly,ECG AI,Spoofing (High Noise) (Loss: 0.26),High
2026-01-07 13:17:54,Physical Anomaly,ECG AI,Spoofing (High Noise) (Loss: 0.26),High
2026-01-07 13:17:54,Cyber Attack,Network AI,Detected Smurf (40.1%),High
2026-01-07 13:17:54,Physical Anomaly,ECG AI,Spoofing (High Noise) (Loss: 0.24),High
2026-01-07 13:17:54,Physical Anomaly,ECG AI,Spoofing (High Noise) (Loss: 0.26),High
2026-01-07 13:17:54,Cyber Attack,Network AI,Detected Smurf (40.1%),High
2026-01-07 13:17:54,Physical Anomaly,ECG AI,Spoofing (High Noise) (Loss: 0.23),High
2026-01-07 13:17:55,Physical Anomaly,ECG AI,Spoofing (High Noise) (Loss: 0.22),High
2026-01-07 13:17:55,Cyber Attack,Network AI,Detected Smurf (40.1%),High
2026-01-07 13:17:55,Physical Anomaly,ECG AI,Spoofing (High Noise) (Loss: 0.21),High
2026-01-07 13:17:55,Physical Anomaly,ECG AI,Spoofing (High Noise) (Loss: 0.23),High
2026-01-07 13:17:55,Cyber Attack,Network AI,Detected Smurf (40.1%),High
2026-01-07 13:17:55,Physical Anomaly,ECG AI,Spoofing (High Noise) (Loss: 0.23),High
2026-01-07 13:17:55,Physical Anomaly,ECG AI,Spoofing (High Noise) (Loss: 0.26),High
2026-01-07 13:17:55,Physical Anomaly,ECG AI,Spoofing (High Noise) (Loss: 0.26),High
2026-01-07 13:17:55,Cyber Attack,Network AI,Detected Smurf (40.1%),High
2026-01-07 13:17:55,Physical Anomaly,ECG AI,Spoofing (High Noise) (Loss: 0.28),High
2026-01-07 13:17:55,Physical Anomaly,ECG AI,Spoofing (High Noise) (Loss: 0.28),High
2026-01-07 13:17:55,Cyber Attack,Network AI,Detected Smurf (40.1%),High
2026-01-07 13:17:55,Physical Anomaly,ECG AI,Spoofing (High Noise) (Loss: 0.29),High
2026-01-07 13:17:55,Physical Anomaly,ECG AI,Spoofing (High Noise) (Loss: 0.30),High
2026-01-07 13:17:55,Physical Anomaly,ECG AI,Spoofing (High Noise) (Loss: 0.31),High
2026-01-07 13:17:55,Cyber Attack,Network AI,Detected Smurf (40.1%),High
2026-01-07 13:17:55,Physical Anomaly,ECG AI,Spoofing (High Noise) (Loss: 0.34),High
2026-01-07 13:17:55,Physical Anomaly,ECG AI,Spoofing (High Noise) (Loss: 0.34),High
2026-01-07 13:17:55,Cyber Attack,Network AI,Detected Smurf (40.1%),High
2026-01-07 13:17:55,Physical Anomaly,ECG AI,Spoofing (High Noise) (Loss: 0.32),High
2026-01-07 13:17:56,Physical Anomaly,ECG AI,Spoofing (High Noise) (Loss: 0.31),High
2026-01-07 13:17:56,Cyber Attack,Network AI,Detected Smurf (40.1%),High
2026-01-07 13:17:56,Physical Anomaly,ECG AI,Spoofing (High Noise) (Loss: 0.30),High
2026-01-07 13:17:56,Physical Anomaly,ECG AI,Spoofing (High Noise) (Loss: 0.27),High
2026-01-07 13:17:56,Cyber Attack,Network AI,Detected Smurf (40.1%),High
2026-01-07 13:17:56,Physical Anomaly,ECG AI,Spoofing (High Noise) (Loss: 0.27),High
2026-01-07 13:17:56,Physical Anomaly,ECG AI,Spoofing (High Noise) (Loss: 0.26),High
2026-01-07 13:17:56,Physical Anomaly,ECG AI,Spoofing (High Noise) (Loss: 0.28),High
2026-01-07 13:17:56,Cyber Attack,Network AI,Detected Smurf (40.1%),High
2026-01-07 13:17:56,Physical Anomaly,ECG AI,Spoofing (High Noise) (Loss: 0.28),High
2026-01-07 13:17:56,Physical Anomaly,ECG AI,Spoofing (High Noise) (Loss: 0.29),High
2026-01-07 13:17:56,Cyber Attack,Network AI,Detected Smurf (40.1%),High
2026-01-07 13:17:56,Physical Anomaly,ECG AI,Spoofing (High Noise) (Loss: 0.29),High
2026-01-07 13:17:56,Physical Anomaly,ECG AI,Spoofing (High Noise) (Loss: 0.26),High
2026-01-07 13:17:56,Physical Anomaly,ECG AI,Spoofing (High Noise) (Loss: 0.23),High
2026-01-07 13:17:56,Cyber Attack,Network AI,Detected Smurf (40.1%),High
2026-01-07 13:17:57,Physical Anomaly,ECG AI,Spoofing (High Noise) (Loss: 0.21),High
2026-01-07 13:17:57,Physical Anomaly,ECG AI,Spoofing (High Noise) (Loss: 0.22),High
2026-01-07 13:17:57,Cyber Attack,Network AI,Detected Smurf (40.1%),High
2026-01-07 13:17:57,Physical Anomaly,ECG AI,Spoofing (High Noise) (Loss: 0.22),High
2026-01-07 13:17:57,Physical Anomaly,ECG AI,Spoofing (High Noise) (Loss: 0.24),High
2026-01-07 13:17:57,Physical Anomaly,ECG AI,Spoofing (High Noise) (Loss: 0.25),High
2026-01-07 13:17:57,Cyber Attack,Network AI,Detected Smurf (40.1%),High
2026-01-07 13:17:57,Physical Anomaly,ECG AI,Spoofing (High Noise) (Loss: 0.27),High
2026-01-07 13:17:57,Physical Anomaly,ECG AI,Spoofing (High Noise) (Loss: 0.28),High
2026-01-07 13:17:57,Cyber Attack,Network AI,Detected Smurf (40.1%),High
2026-01-07 13:17:57,Physical Anomaly,ECG AI,Spoofing (High Noise) (Loss: 0.31),High
2026-01-07 13:17:57,Physical Anomaly,ECG AI,Spoofing (High Noise) (Loss: 0.27),High
2026-01-07 13:17:58,Cyber Attack,Network AI,Detected Smurf (40.1%),High
2026-01-07 13:17:58,Physical Anomaly,ECG AI,Spoofing (High Noise) (Loss: 0.26),High
2026-01-07 13:17:58,Physical Anomaly,ECG AI,Spoofing (High Noise) (Loss: 0.28),High
2026-01-07 13:17:58,Physical Anomaly,ECG AI,Spoofing (High Noise) (Loss: 0.28),High
2026-01-07 13:17:58,Cyber Attack,Network AI,Detected Smurf (40.1%),High
2026-01-07 13:17:58,Physical Anomaly,ECG AI,Spoofing (High Noise) (Loss: 0.32),High
2026-01-07 13:17:58,Physical Anomaly,ECG AI,Spoofing (High Noise) (Loss: 0.35),High
2026-01-07 13:17:58,Cyber Attack,Network AI,Detected Smurf (40.1%),High
2026-01-07 13:17:58,Physical Anomaly,ECG AI,Spoofing (High Noise) (Loss: 0.40),High
2026-01-07 13:17:58,Physical Anomaly,ECG AI,Spoofing (High Noise) (Loss: 0.40),High
2026-01-07 13:17:58,Physical Anomaly,ECG AI,Spoofing (High Noise) (Loss: 0.36),High
2026-01-07 13:17:58,Cyber Attack,Network AI,Detected Smurf (40.1%),High
2026-01-07 13:17:58,Physical Anomaly,ECG AI,Spoofing (High Noise) (Loss: 0.36),High
2026-01-07 13:17:58,Physical Anomaly,ECG AI,Spoofing (High Noise) (Loss: 0.35),High
2026-01-07 13:17:59,Cyber Attack,Network AI,Detected Smurf (40.1%),High
2026-01-07 13:17:59,Physical Anomaly,ECG AI,Spoofing (High Noise) (Loss: 0.35),High
2026-01-07 13:17:59,Physical Anomaly,ECG AI,Spoofing (High Noise) (Loss: 0.33),High
2026-01-07 13:17:59,Cyber Attack,Network AI,Detected Smurf (40.1%),High
2026-01-07 13:17:59,Physical Anomaly,ECG AI,Spoofing (High Noise) (Loss: 0.30),High
2026-01-07 13:17:59,Physical Anomaly,ECG AI,Spoofing (High Noise) (Loss: 0.33),High
2026-01-07 13:17:59,Cyber Attack,Network AI,Detected Smurf (40.1%),High
2026-01-07 13:17:59,Physical Anomaly,ECG AI,Spoofing (High Noise) (Loss: 0.36),High
2026-01-07 13:17:59,Physical Anomaly,ECG AI,Spoofing (High Noise) (Loss: 0.34),High
2026-01-07 13:17:59,Physical Anomaly,ECG AI,Spoofing (High Noise) (Loss: 0.37),High
2026-01-07 13:17:59,Cyber Attack,Network AI,Detected Smurf (40.1%),High
2026-01-07 13:17:59,Physical Anomaly,ECG AI,Spoofing (High Noise) (Loss: 0.38),High
2026-01-07 13:17:59,Physical Anomaly,ECG AI,Spoofing (High Noise) (Loss: 0.39),High
2026-01-07 13:17:59,Cyber Attack,Network AI,Detected Smurf (40.1%),High
2026-01-07 13:17:59,Physical Anomaly,ECG AI,Spoofing (High Noise) (Loss: 0.36),High
2026-01-07 13:17:59,Physical Anomaly,ECG AI,Spoofing (High Noise) (Loss: 0.34),High
2026-01-07 13:17:59,Physical Anomaly,ECG AI,Spoofing (High Noise) (Loss: 0.32),High
2026-01-07 13:17:59,Cyber Attack,Network AI,Detected Smurf (40.1%),High
2026-01-07 13:17:59,Physical Anomaly,ECG AI,Spoofing (High Noise) (Loss: 0.31),High
2026-01-07 13:17:59,Physical Anomaly,ECG AI,Spoofing (High Noise) (Loss: 0.31),High
2026-01-07 13:17:59,Cyber Attack,Network AI,Detected Smurf (40.1%),High
2026-01-07 13:17:59,Physical Anomaly,ECG AI,Spoofing (High Noise) (Loss: 0.35),High
2026-01-07 13:17:59,Physical Anomaly,ECG AI,Spoofing (High Noise) (Loss: 0.34),High
2026-01-07 13:18:00,Physical Anomaly,ECG AI,Spoofing (High Noise) (Loss: 0.34),High
2026-01-07 13:18:00,Cyber Attack,Network AI,Detected Smurf (40.1%),High
2026-01-07 13:18:00,Physical Anomaly,ECG AI,Spoofing (High Noise) (Loss: 0.32),High
2026-01-07 13:18:00,Physical Anomaly,ECG AI,Spoofing (High Noise) (Loss: 0.31),High
2026-01-07 13:18:00,Cyber Attack,Network AI,Detected Smurf (40.1%),High
2026-01-07 13:18:00,Physical Anomaly,ECG AI,Spoofing (High Noise) (Loss: 0.28),High
2026-01-07 13:18:00,Physical Anomaly,ECG AI,Spoofing (High Noise) (Loss: 0.24),High
2026-01-07 13:18:00,Cyber Attack,Network AI,Detected Smurf (40.1%),High
2026-01-07 13:18:00,Physical Anomaly,ECG AI,Spoofing (High Noise) (Loss: 0.24),High
2026-01-07 13:18:00,Physical Anomaly,ECG AI,Spoofing (High Noise) (Loss: 0.23),High
2026-01-07 13:18:00,Physical Anomaly,ECG AI,Spoofing (High Noise) (Loss: 0.25),High
2026-01-07 13:18:00,Cyber Attack,Network AI,Detected Smurf (40.1%),High
2026-01-07 13:18:00,Physical Anomaly,ECG AI,Spoofing (High Noise) (Loss: 0.26),High
2026-01-07 13:18:00,Physical Anomaly,ECG AI,Spoofing (High Noise) (Loss: 0.26),High
2026-01-07 13:18:00,Cyber Attack,Network AI,Detected Smurf (40.1%),High
2026-01-07 13:18:00,Physical Anomaly,ECG AI,Spoofing (High Noise) (Loss: 0.26),High
2026-01-07 13:18:01,Physical Anomaly,ECG AI,Spoofing (High Noise) (Loss: 0.24),High
2026-01-07 13:18:01,Cyber Attack,Network AI,Detected Smurf (40.1%),High
2026-01-07 13:18:01,Physical Anomaly,ECG AI,Spoofing (High Noise) (Loss: 0.22),High
2026-01-07 13:18:01,Physical Anomaly,ECG AI,Spoofing (High Noise) (Loss: 0.22),High
2026-01-07 13:18:01,Physical Anomaly,ECG AI,Spoofing (High Noise) (Loss: 0.22),High
2026-01-07 13:18:01,Cyber Attack,Network AI,Detected Smurf (40.1%),High
2026-01-07 13:18:01,Physical Anomaly,ECG AI,Spoofing (High Noise) (Loss: 0.22),High
2026-01-07 13:18:01,Physical Anomaly,ECG AI,Spoofing (High Noise) (Loss: 0.21),High
2026-01-07 13:18:01,Cyber Attack,Network AI,Detected Smurf (40.1%),High
2026-01-07 13:18:01,Physical Anomaly,ECG AI,Spoofing (High Noise) (Loss: 0.28),High
2026-01-07 13:18:01,Physical Anomaly,ECG AI,Spoofing (High Noise) (Loss: 0.29),High
2026-01-07 13:18:01,Cyber Attack,Network AI,Detected Smurf (40.1%),High
2026-01-07 13:18:01,Physical Anomaly,ECG AI,Spoofing (High Noise) (Loss: 0.31),High
2026-01-07 13:18:01,Physical Anomaly,ECG AI,Spoofing (High Noise) (Loss: 0.29),High
2026-01-07 13:18:02,Physical Anomaly,ECG AI,Spoofing (High Noise) (Loss: 0.32),High
2026-01-07 13:18:02,Cyber Attack,Network AI,Detected Smurf (40.1%),High
2026-01-07 13:18:02,Physical Anomaly,ECG AI,Spoofing (High Noise) (Loss: 0.32),High
2026-01-07 13:18:02,Physical Anomaly,ECG AI,Spoofing (High Noise) (Loss: 0.27),High
2026-01-07 13:18:02,Cyber Attack,Network AI,Detected Smurf (40.1%),High
2026-01-07 13:18:02,Physical Anomaly,ECG AI,Spoofing (High Noise) (Loss: 0.27),High
2026-01-07 13:18:02,Physical Anomaly,ECG AI,Spoofing (High Noise) (Loss: 0.25),High
2026-01-07 13:18:02,Cyber Attack,Network AI,Detected Smurf (40.1%),High
2026-01-07 13:18:02,Physical Anomaly,ECG AI,Spoofing (High Noise) (Loss: 0.25),High
2026-01-07 13:18:02,Physical Anomaly,ECG AI,Spoofing (High Noise) (Loss: 0.29),High
2026-01-07 13:18:02,Physical Anomaly,ECG AI,Spoofing (High Noise) (Loss: 0.30),High
2026-01-07 13:18:02,Cyber Attack,Network AI,Detected Smurf (40.1%),High
2026-01-07 13:18:02,Physical Anomaly,ECG AI,Spoofing (High Noise) (Loss: 0.30),High
2026-01-07 13:18:02,Physical Anomaly,ECG AI,Spoofing (High Noise) (Loss: 0.31),High
2026-01-07 13:18:03,Cyber Attack,Network AI,Detected Smurf (40.1%),High
2026-01-07 13:18:03,Physical Anomaly,ECG AI,Spoofing (High Noise) (Loss: 0.29),High
2026-01-07 13:18:03,Physical Anomaly,ECG AI,Spoofing (High Noise) (Loss: 0.26),High
2026-01-07 13:18:03,Physical Anomaly,ECG AI,Spoofing (High Noise) (Loss: 0.26),High
2026-01-07 13:18:03,Cyber Attack,Network AI,Detected Smurf (40.1%),High
2026-01-07 13:18:03,Physical Anomaly,ECG AI,Spoofing (High Noise) (Loss: 0.25),High
2026-01-07 13:18:03,Physical Anomaly,ECG AI,Spoofing (High Noise) (Loss: 0.24),High
2026-01-07 13:18:03,Cyber Attack,Network AI,Detected Smurf (40.1%),High
2026-01-07 13:18:03,Physical Anomaly,ECG AI,Spoofing (High Noise) (Loss: 0.23),High
2026-01-07 13:18:03,Physical Anomaly,ECG AI,Spoofing (High Noise) (Loss: 0.24),High
2026-01-07 13:18:03,Physical Anomaly,ECG AI,Spoofing (High Noise) (Loss: 0.24),High
2026-01-07 13:18:03,Cyber Attack,Network AI,Detected Smurf (40.1%),High
2026-01-07 13:18:03,Physical Anomaly,ECG AI,Spoofing (High Noise) (Loss: 0.23),High
2026-01-07 13:18:03,Physical Anomaly,ECG AI,Spoofing (High Noise) (Loss: 0.24),High
2026-01-07 13:18:03,Cyber Attack,Network AI,Detected Smurf (40.1%),High
2026-01-07 13:18:03,Physical Anomaly,ECG AI,Spoofing (High Noise) (Loss: 0.23),High
2026-01-07 13:18:03,Physical Anomaly,ECG AI,Spoofing (High Noise) (Loss: 0.22),High
2026-01-07 13:18:03,Cyber Attack,Network AI,Detected Smurf (40.1%),High
2026-01-07 13:18:03,Physical Anomaly,ECG AI,Spoofing (High Noise) (Loss: 0.22),High
2026-01-07 13:18:03,Physical Anomaly,ECG AI,Spoofing (High Noise) (Loss: 0.21),High
2026-01-07 13:18:03,Physical Anomaly,ECG AI,Spoofing (High Noise) (Loss: 0.20),High
2026-01-07 13:18:03,Cyber Attack,Network AI,Detected Smurf (40.1%),High
2026-01-07 13:18:04,Physical Anomaly,ECG AI,Spoofing (High Noise) (Loss: 0.20),High
2026-01-07 13:18:04,Physical Anomaly,ECG AI,Spoofing (High Noise) (Loss: 0.22),High
2026-01-07 13:18:04,Cyber Attack,Network AI,Detected Smurf (40.1%),High
2026-01-07 13:18:04,Physical Anomaly,ECG AI,Spoofing (High Noise) (Loss: 0.23),High
2026-01-07 13:18:04,Physical Anomaly,ECG AI,Spoofing (High Noise) (Loss: 0.26),High
2026-01-07 13:18:04,Physical Anomaly,ECG AI,Spoofing (High Noise) (Loss: 0.28),High
2026-01-07 13:18:04,Cyber Attack,Network AI,Detected Smurf (40.1%),High
2026-01-07 13:18:04,Physical Anomaly,ECG AI,Spoofing (High Noise) (Loss: 0.31),High
2026-01-07 13:18:04,Physical Anomaly,ECG AI,Spoofing (High Noise) (Loss: 0.27),High
2026-01-07 13:18:04,Cyber Attack,Network AI,Detected Smurf (40.1%),High
2026-01-07 13:18:04,Physical Anomaly,ECG AI,Spoofing (High Noise) (Loss: 0.27),High
2026-01-07 13:18:04,Physical Anomaly,ECG AI,Spoofing (High Noise) (Loss: 0.25),High
2026-01-07 13:18:05,Cyber Attack,Network AI,Detected Smurf (40.1%),High
2026-01-07 13:18:05,Physical Anomaly,ECG AI,Spoofing (High Noise) (Loss: 0.26),High
2026-01-07 13:18:05,Physical Anomaly,ECG AI,Spoofing (High Noise) (Loss: 0.29),High
2026-01-07 13:18:05,Physical Anomaly,ECG AI,Spoofing (High Noise) (Loss: 0.29),High
2026-01-07 13:18:05,Cyber Attack,Network AI,Detected Smurf (40.1%),High
2026-01-07 13:18:05,Physical Anomaly,ECG AI,Spoofing (High Noise) (Loss: 0.29),High
2026-01-07 13:18:05,Physical Anomaly,ECG AI,Spoofing (High Noise) (Loss: 0.29),High
2026-01-07 13:18:05,Cyber Attack,Network AI,Detected Smurf (40.1%),High
2026-01-07 13:18:05,Physical Anomaly,ECG AI,Spoofing (High Noise) (Loss: 0.31),High
2026-01-07 13:18:05,Physical Anomaly,ECG AI,Spoofing (High Noise) (Loss: 0.30),High
2026-01-07 13:18:05,Physical Anomaly,ECG AI,Spoofing (High Noise) (Loss: 0.27),High
2026-01-07 13:18:05,Cyber Attack,Network AI,Detected Smurf (40.1%),High
2026-01-07 13:18:05,Physical Anomaly,ECG AI,Spoofing (High Noise) (Loss: 0.26),High
2026-01-07 13:18:05,Physical Anomaly,ECG AI,Spoofing (High Noise) (Loss: 0.25),High
2026-01-07 13:18:05,Cyber Attack,Network AI,Detected Smurf (40.1%),High
2026-01-07 13:18:05,Physical Anomaly,ECG AI,Spoofing (High Noise) (Loss: 0.26),High
2026-01-07 13:18:05,Physical Anomaly,ECG AI,Spoofing (High Noise) (Loss: 0.27),High
2026-01-07 13:18:05,Physical Anomaly,ECG AI,Spoofing (High Noise) (Loss: 0.26),High
2026-01-07 13:18:05,Cyber Attack,Network AI,Detected Smurf (40.1%),High
2026-01-07 13:18:05,Physical Anomaly,ECG AI,Spoofing (High Noise) (Loss: 0.27),High
2026-01-07 13:18:06,Physical Anomaly,ECG AI,Spoofing (High Noise) (Loss: 0.25),High
2026-01-07 13:18:06,Cyber Attack,Network AI,Detected Smurf (40.1%),High
2026-01-07 13:18:06,Physical Anomaly,ECG AI,Spoofing (High Noise) (Loss: 0.24),High
2026-01-07 13:18:06,Physical Anomaly,ECG AI,Spoofing (High Noise) (Loss: 0.24),High
2026-01-07 13:18:06,Cyber Attack,Network AI,Detected Smurf (40.1%),High
2026-01-07 13:18:06,Physical Anomaly,ECG AI,Spoofing (High Noise) (Loss: 0.21),High
2026-01-07 13:18:06,Physical Anomaly,ECG AI,Spoofing (High Noise) (Loss: 0.20),High
2026-01-07 13:18:06,Physical Anomaly,ECG AI,Spoofing (High Noise) (Loss: 0.19),High
2026-01-07 13:18:06,Cyber Attack,Network AI,Detected Smurf (40.1%),High
2026-01-07 13:18:06,Physical Anomaly,ECG AI,Spoofing (High Noise) (Loss: 0.20),High
2026-01-07 13:18:06,Physical Anomaly,ECG AI,Spoofing (High Noise) (Loss: 0.22),High
2026-01-07 13:18:06,Cyber Attack,Network AI,Detected Smurf (40.1%),High
2026-01-07 13:18:06,Physical Anomaly,ECG AI,Spoofing (High Noise) (Loss: 0.21),High
2026-01-07 13:18:06,Physical Anomaly,ECG AI,Spoofing (High Noise) (Loss: 0.21),High
2026-01-07 13:18:07,Physical Anomaly,ECG AI,Spoofing (High Noise) (Loss: 0.23),High
2026-01-07 13:18:07,Cyber Attack,Network AI,Detected Smurf (40.1%),High
2026-01-07 13:18:07,Physical Anomaly,ECG AI,Spoofing (High Noise) (Loss: 0.25),High
2026-01-07 13:18:07,Physical Anomaly,ECG AI,Spoofing (High Noise) (Loss: 0.27),High
2026-01-07 13:18:07,Cyber Attack,Network AI,Detected Smurf (40.1%),High
2026-01-07 13:18:07,Physical Anomaly,ECG AI,Spoofing (High Noise) (Loss: 0.28),High
2026-01-07 13:18:07,Physical Anomaly,ECG AI,Spoofing (High Noise) (Loss: 0.29),High
2026-01-07 13:18:07,Physical Anomaly,ECG AI,Spoofing (High Noise) (Loss: 0.27),High
2026-01-07 13:18:07,Cyber Attack,Network AI,Detected Smurf (40.1%),High
2026-01-07 13:18:07,Physical Anomaly,ECG AI,Spoofing (High Noise) (Loss: 0.28),High
2026-01-07 13:18:07,Physical Anomaly,ECG AI,Spoofing (High Noise) (Loss: 0.29),High
2026-01-07 13:18:07,Cyber Attack,Network AI,Detected Smurf (40.1%),High
2026-01-07 13:18:07,Physical Anomaly,ECG AI,Spoofing (High Noise) (Loss: 0.27),High
2026-01-07 13:18:07,Physical Anomaly,ECG AI,Spoofing (High Noise) (Loss: 0.29),High
2026-01-07 13:18:07,Cyber Attack,Network AI,Detected Smurf (40.1%),High
2026-01-07 13:18:07,Physical Anomaly,ECG AI,Spoofing (High Noise) (Loss: 0.29),High
2026-01-07 13:18:07,Physical Anomaly,ECG AI,Spoofing (High Noise) (Loss: 0.28),High
2026-01-07 13:18:07,Physical Anomaly,ECG AI,Spoofing (High Noise) (Loss: 0.30),High
2026-01-07 13:18:07,Cyber Attack,Network AI,Detected Smurf (40.1%),High
2026-01-07 13:18:07,Physical Anomaly,ECG AI,Spoofing (High Noise) (Loss: 0.30),High
2026-01-07 13:18:08,Physical Anomaly,ECG AI,Spoofing (High Noise) (Loss: 0.26),High
2026-01-07 13:18:08,Cyber Attack,Network AI,Detected Smurf (40.1%),High
2026-01-07 13:18:08,Physical Anomaly,ECG AI,Spoofing (High Noise) (Loss: 0.23),High
2026-01-07 13:18:08,Physical Anomaly,ECG AI,Spoofing (High Noise) (Loss: 0.20),High
2026-01-07 13:18:08,Cyber Attack,Network AI,Detected Smurf (40.1%),High
2026-01-07 13:18:08,Physical Anomaly,ECG AI,Spoofing (High Noise) (Loss: 0.20),High
2026-01-07 13:18:08,Physical Anomaly,ECG AI,Spoofing (High Noise) (Loss: 0.21),High
2026-01-07 13:18:08,Physical Anomaly,ECG AI,Spoofing (High Noise) (Loss: 0.30),High
2026-01-07 13:18:08,Cyber Attack,Network AI,Detected Smurf (40.1%),High
2026-01-07 13:18:08,Physical Anomaly,ECG AI,Spoofing (High Noise) (Loss: 0.33),High
2026-01-07 13:18:08,Physical Anomaly,ECG AI,Spoofing (High Noise) (Loss: 0.29),High
2026-01-07 13:18:08,Cyber Attack,Network AI,Detected Smurf (40.1%),High
2026-01-07 13:18:08,Physical Anomaly,ECG AI,Spoofing (High Noise) (Loss: 0.28),High
2026-01-07 13:18:09,Physical Anomaly,ECG AI,Rate Tampering (Tachycardia) (Loss: 0.25),High
2026-01-07 13:18:09,Cyber Attack,Network AI,Detected Smurf (40.1%),High
2026-01-07 13:18:09,Physical Anomaly,ECG AI,Rate Tampering (Tachycardia) (Loss: 0.24),High
2026-01-07 13:18:09,Physical Anomaly,ECG AI,Rate Tampering (Tachycardia) (Loss: 0.24),High
2026-01-07 13:18:09,Physical Anomaly,ECG AI,Spoofing (High Noise) (Loss: 0.29),High
2026-01-07 13:18:09,Cyber Attack,Network AI,Detected Smurf (40.1%),High
2026-01-07 13:18:09,Physical Anomaly,ECG AI,Spoofing (High Noise) (Loss: 0.30),High
2026-01-07 13:18:09,Physical Anomaly,ECG AI,Spoofing (High Noise) (Loss: 0.30),High
2026-01-07 13:18:09,Cyber Attack,Network AI,Detected Smurf (40.1%),High
2026-01-07 13:18:09,Physical Anomaly,ECG AI,Spoofing (High Noise) (Loss: 0.30),High
2026-01-07 13:18:09,Physical Anomaly,ECG AI,Spoofing (High Noise) (Loss: 0.30),High
2026-01-07 13:18:09,Cyber Attack,Network AI,Detected Smurf (40.1%),High
2026-01-07 13:18:09,Physical Anomaly,ECG AI,Spoofing (High Noise) (Loss: 0.30),High
2026-01-07 13:18:09,Physical Anomaly,ECG AI,Spoofing (High Noise) (Loss: 0.31),High
2026-01-07 13:18:09,Physical Anomaly,ECG AI,Spoofing (High Noise) (Loss: 0.29),High
2026-01-07 13:18:09,Cyber Attack,Network AI,Detected Smurf (40.1%),High
2026-01-07 13:18:10,Physical Anomaly,ECG AI,Spoofing (High Noise) (Loss: 0.27),High
2026-01-07 13:18:10,Physical Anomaly,ECG AI,Spoofing (High Noise) (Loss: 0.29),High
2026-01-07 13:18:10,Cyber Attack,Network AI,Detected Smurf (40.1%),High
2026-01-07 13:18:10,Physical Anomaly,ECG AI,Spoofing (High Noise) (Loss: 0.28),High
2026-01-07 13:18:10,Physical Anomaly,ECG AI,Spoofing (High Noise) (Loss: 0.28),High
2026-01-07 13:18:10,Physical Anomaly,ECG AI,Spoofing (High Noise) (Loss: 0.28),High
2026-01-07 13:18:10,Cyber Attack,Network AI,Detected Smurf (40.1%),High
2026-01-07 13:18:10,Physical Anomaly,ECG AI,Spoofing (High Noise) (Loss: 0.26),High
2026-01-07 13:18:10,Physical Anomaly,ECG AI,Spoofing (High Noise) (Loss: 0.23),High
2026-01-07 13:18:10,Cyber Attack,Network AI,Detected Smurf (40.1%),High
2026-01-07 13:18:10,Physical Anomaly,ECG AI,Spoofing (High Noise) (Loss: 0.23),High
2026-01-07 13:18:10,Physical Anomaly,ECG AI,Spoofing (High Noise) (Loss: 0.22),High
2026-01-07 13:18:10,Cyber Attack,Network AI,Detected Smurf (40.1%),High
2026-01-07 13:18:10,Physical Anomaly,ECG AI,Spoofing (High Noise) (Loss: 0.19),High
2026-01-07 13:18:10,Physical Anomaly,ECG AI,Spoofing (High Noise) (Loss: 0.19),High
2026-01-07 13:18:10,Physical Anomaly,ECG AI,Spoofing (High Noise) (Loss: 0.18),High
2026-01-07 13:18:10,Cyber Attack,Network AI,Detected Smurf (40.1%),High
2026-01-07 13:18:10,Physical Anomaly,ECG AI,Spoofing (High Noise) (Loss: 0.20),High
2026-01-07 13:18:10,Physical Anomaly,ECG AI,Spoofing (High Noise) (Loss: 0.20),High
2026-01-07 13:18:11,Cyber Attack,Network AI,Detected Smurf (40.1%),High
2026-01-07 13:18:11,Physical Anomaly,ECG AI,Spoofing (High Noise) (Loss: 0.22),High
2026-01-07 13:18:11,Physical Anomaly,ECG AI,Spoofing (High Noise) (Loss: 0.24),High
2026-01-07 13:18:11,Cyber Attack,Network AI,Detected Smurf (40.1%),High
2026-01-07 13:18:11,Physical Anomaly,ECG AI,Spoofing (High Noise) (Loss: 0.25),High
2026-01-07 13:18:11,Physical Anomaly,ECG AI,Spoofing (High Noise) (Loss: 0.25),High
2026-01-07 13:18:11,Physical Anomaly,ECG AI,Spoofing (High Noise) (Loss: 0.25),High
2026-01-07 13:18:11,Cyber Attack,Network AI,Detected Smurf (40.1%),High
2026-01-07 13:18:11,Physical Anomaly,ECG AI,Spoofing (High Noise) (Loss: 0.23),High
2026-01-07 13:18:11,Physical Anomaly,ECG AI,Spoofing (High Noise) (Loss: 0.29),High
2026-01-07 13:18:11,Cyber Attack,Network AI,Detected Smurf (40.1%),High
2026-01-07 13:18:11,Physical Anomaly,ECG AI,Spoofing (High Noise) (Loss: 0.26),High
2026-01-07 13:18:11,Physical Anomaly,ECG AI,Spoofing (High Noise) (Loss: 0.31),High
2026-01-07 13:18:11,Cyber Attack,Network AI,Detected Smurf (40.1%),High
2026-01-07 13:18:11,Physical Anomaly,ECG AI,Spoofing (High Noise) (Loss: 0.31),High
2026-01-07 13:18:11,Physical Anomaly,ECG AI,Spoofing (High Noise) (Loss: 0.35),High
2026-01-07 13:18:11,Physical Anomaly,ECG AI,Spoofing (High Noise) (Loss: 0.34),High
2026-01-07 13:18:11,Cyber Attack,Network AI,Detected Smurf (40.1%),High
2026-01-07 13:18:12,Physical Anomaly,ECG AI,Spoofing (High Noise) (Loss: 0.31),High
2026-01-07 13:18:12,Physical Anomaly,ECG AI,Spoofing (High Noise) (Loss: 0.33),High
2026-01-07 13:18:12,Cyber Attack,Network AI,Detected Smurf (40.1%),High
2026-01-07 13:18:12,Physical Anomaly,ECG AI,Spoofing (High Noise) (Loss: 0.29),High
2026-01-07 13:18:12,Physical Anomaly,ECG AI,Spoofing (High Noise) (Loss: 0.26),High
2026-01-07 13:18:12,Physical Anomaly,ECG AI,Spoofing (High Noise) (Loss: 0.27),High
2026-01-07 13:18:12,Cyber Attack,Network AI,Detected Smurf (40.1%),High
2026-01-07 13:18:12,Physical Anomaly,ECG AI,Spoofing (High Noise) (Loss: 0.26),High
2026-01-07 13:18:12,Physical Anomaly,ECG AI,Spoofing (High Noise) (Loss: 0.28),High
2026-01-07 13:18:12,Cyber Attack,Network AI,Detected Smurf (40.1%),High
2026-01-07 13:18:12,Physical Anomaly,ECG AI,Spoofing (High Noise) (Loss: 0.31),High
2026-01-07 13:18:12,Physical Anomaly,ECG AI,Spoofing (High Noise) (Loss: 0.30),High
2026-01-07 13:18:13,Physical Anomaly,ECG AI,Spoofing (High Noise) (Loss: 0.31),High
2026-01-07 13:18:13,Cyber Attack,Network AI,Detected Smurf (40.1%),High
2026-01-07 13:18:13,Physical Anomaly,ECG AI,Spoofing (High Noise) (Loss: 0.28),High
2026-01-07 13:18:13,Physical Anomaly,ECG AI,Spoofing (High Noise) (Loss: 0.27),High
2026-01-07 13:18:13,Cyber Attack,Network AI,Detected Smurf (40.1%),High
2026-01-07 13:18:13,Physical Anomaly,ECG AI,Spoofing (High Noise) (Loss: 0.26),High
2026-01-07 13:18:13,Physical Anomaly,ECG AI,Spoofing (High Noise) (Loss: 0.26),High
2026-01-07 13:18:13,Cyber Attack,Network AI,Detected Smurf (40.1%),High
2026-01-07 13:18:13,Physical Anomaly,ECG AI,Spoofing (High Noise) (Loss: 0.27),High
2026-01-07 13:18:13,Physical Anomaly,ECG AI,Spoofing (High Noise) (Loss: 0.26),High
2026-01-07 13:18:13,Physical Anomaly,ECG AI,Spoofing (High Noise) (Loss: 0.25),High
2026-01-07 13:18:13,Cyber Attack,Network AI,Detected Smurf (40.1%),High
2026-01-07 13:18:13,Physical Anomaly,ECG AI,Spoofing (High Noise) (Loss: 0.26),High
2026-01-07 13:18:13,Physical Anomaly,ECG AI,Spoofing (High Noise) (Loss: 0.27),High
2026-01-07 13:18:13,Cyber Attack,Network AI,Detected Smurf (40.1%),High
2026-01-07 13:18:13,Physical Anomaly,ECG AI,Spoofing (High Noise) (Loss: 0.29),High
2026-01-07 13:18:13,Physical Anomaly,ECG AI,Spoofing (High Noise) (Loss: 0.29),High
2026-01-07 13:18:14,Physical Anomaly,ECG AI,Spoofing (High Noise) (Loss: 0.26),High
2026-01-07 13:18:14,Cyber Attack,Network AI,Detected Smurf (40.1%),High
2026-01-07 13:18:14,Physical Anomaly,ECG AI,Spoofing (High Noise) (Loss: 0.27),High
2026-01-07 13:18:14,Physical Anomaly,ECG AI,Spoofing (High Noise) (Loss: 0.26),High
2026-01-07 13:18:14,Cyber Attack,Network AI,Detected Smurf (40.1%),High
2026-01-07 13:18:14,Physical Anomaly,ECG AI,Spoofing (High Noise) (Loss: 0.26),High
2026-01-07 13:18:14,Physical Anomaly,ECG AI,Spoofing (High Noise) (Loss: 0.24),High
2026-01-07 13:18:14,Cyber Attack,Network AI,Detected Smurf (40.1%),High
2026-01-07 13:18:14,Physical Anomaly,ECG AI,Spoofing (High Noise) (Loss: 0.25),High
2026-01-07 13:18:14,Physical Anomaly,ECG AI,Spoofing (High Noise) (Loss: 0.25),High
2026-01-07 13:18:14,Physical Anomaly,ECG AI,Spoofing (High Noise) (Loss: 0.23),High
2026-01-07 13:18:14,Cyber Attack,Network AI,Detected Smurf (40.1%),High
2026-01-07 13:18:14,Physical Anomaly,ECG AI,Spoofing (High Noise) (Loss: 0.25),High
2026-01-07 13:18:14,Physical Anomaly,ECG AI,Spoofing (High Noise) (Loss: 0.25),High
2026-01-07 13:18:14,Cyber Attack,Network AI,Detected Smurf (40.1%),High
2026-01-07 13:18:14,Physical Anomaly,ECG AI,Spoofing (High Noise) (Loss: 0.26),High
2026-01-07 13:18:14,Physical Anomaly,ECG AI,Rate Tampering (Tachycardia) (Loss: 0.26),High
2026-01-07 13:18:14,Physical Anomaly,ECG AI,Rate Tampering (Tachycardia) (Loss: 0.26),High
2026-01-07 13:18:14,Cyber Attack,Network AI,Detected Smurf (40.1%),High
2026-01-07 13:18:15,Physical Anomaly,ECG AI,Rate Tampering (Tachycardia) (Loss: 0.25),High
2026-01-07 13:18:15,Physical Anomaly,ECG AI,Rate Tampering (Tachycardia) (Loss: 0.24),High
2026-01-07 13:18:15,Cyber Attack,Network AI,Detected Smurf (40.1%),High
2026-01-07 13:18:15,Physical Anomaly,ECG AI,Rate Tampering (Tachycardia) (Loss: 0.28),High
2026-01-07 13:18:15,Physical Anomaly,ECG AI,Spoofing (High Noise) (Loss: 0.28),High
2026-01-07 13:18:15,Physical Anomaly,ECG AI,Spoofing (High Noise) (Loss: 0.26),High
2026-01-07 13:18:15,Cyber Attack,Network AI,Detected Smurf (40.1%),High
2026-01-07 13:18:15,Physical Anomaly,ECG AI,Spoofing (High Noise) (Loss: 0.29),High
2026-01-07 13:18:15,Physical Anomaly,ECG AI,Spoofing (High Noise) (Loss: 0.33),High
2026-01-07 13:18:15,Cyber Attack,Network AI,Detected Smurf (40.1%),High
2026-01-07 13:18:15,Physical Anomaly,ECG AI,Spoofing (High Noise) (Loss: 0.33),High
2026-01-07 13:18:15,Physical Anomaly,ECG AI,Spoofing (High Noise) (Loss: 0.29),High
2026-01-07 13:18:16,Cyber Attack,Network AI,Detected Smurf (40.1%),High
2026-01-07 13:18:16,Physical Anomaly,ECG AI,Spoofing (High Noise) (Loss: 0.29),High
2026-01-07 13:18:16,Physical Anomaly,ECG AI,Spoofing (High Noise) (Loss: 0.29),High
2026-01-07 13:18:16,Physical Anomaly,ECG AI,Spoofing (High Noise) (Loss: 0.29),High
2026-01-07 13:18:16,Cyber Attack,Network AI,Detected Smurf (40.1%),High
2026-01-07 13:18:16,Physical Anomaly,ECG AI,Spoofing (High Noise) (Loss: 0.29),High
2026-01-07 13:18:16,Physical Anomaly,ECG AI,Spoofing (High Noise) (Loss: 0.29),High
2026-01-07 13:18:16,Cyber Attack,Network AI,Detected Smurf (40.1%),High
2026-01-07 13:18:16,Physical Anomaly,ECG AI,Spoofing (High Noise) (Loss: 0.29),High
2026-01-07 13:18:16,Physical Anomaly,ECG AI,Spoofing (High Noise) (Loss: 0.31),High
2026-01-07 13:18:16,Physical Anomaly,ECG AI,Spoofing (High Noise) (Loss: 0.33),High
2026-01-07 13:18:16,Cyber Attack,Network AI,Detected Smurf (40.1%),High
2026-01-07 13:18:16,Physical Anomaly,ECG AI,Spoofing (High Noise) (Loss: 0.31),High
2026-01-07 13:18:16,Cyber Attack,Network AI,Detected Smurf (40.1%),High
2026-01-07 13:18:16,Physical Anomaly,ECG AI,Spoofing (High Noise) (Loss: 0.29),High
2026-01-07 13:18:16,Physical Anomaly,ECG AI,Spoofing (High Noise) (Loss: 0.26),High
2026-01-07 13:18:16,Physical Anomaly,ECG AI,Spoofing (High Noise) (Loss: 0.25),High
2026-01-07 13:18:16,Cyber Attack,Network AI,Detected Smurf (40.1%),High
2026-01-07 13:18:16,Physical Anomaly,ECG AI,Spoofing (High Noise) (Loss: 0.25),High
2026-01-07 13:18:16,Physical Anomaly,ECG AI,Spoofing (High Noise) (Loss: 0.27),High
2026-01-07 13:18:16,Cyber Attack,Network AI,Detected Smurf (40.1%),High
2026-01-07 13:18:16,Physical Anomaly,ECG AI,Spoofing (High Noise) (Loss: 0.26),High
2026-01-07 13:18:17,Physical Anomaly,ECG AI,Spoofing (High Noise) (Loss: 0.26),High
2026-01-07 13:18:17,Physical Anomaly,ECG AI,Spoofing (High Noise) (Loss: 0.28),High
2026-01-07 13:18:17,Cyber Attack,Network AI,Detected Smurf (40.1%),High
2026-01-07 13:18:17,Physical Anomaly,ECG AI,Spoofing (High Noise) (Loss: 0.30),High
2026-01-07 13:18:17,Physical Anomaly,ECG AI,Spoofing (High Noise) (Loss: 0.29),High
2026-01-07 13:18:17,Cyber Attack,Network AI,Detected Smurf (40.1%),High
2026-01-07 13:18:17,Physical Anomaly,ECG AI,Spoofing (High Noise) (Loss: 0.26),High
2026-01-07 13:18:17,Physical Anomaly,ECG AI,Spoofing (High Noise) (Loss: 0.25),High
2026-01-07 13:18:17,Physical Anomaly,ECG AI,Spoofing (High Noise) (Loss: 0.24),High
2026-01-07 13:18:17,Cyber Attack,Network AI,Detected Smurf (40.1%),High
2026-01-07 13:18:17,Physical Anomaly,ECG AI,Spoofing (High Noise) (Loss: 0.25),High
2026-01-07 13:18:17,Physical Anomaly,ECG AI,Spoofing (High Noise) (Loss: 0.27),High
2026-01-07 13:18:18,Cyber Attack,Network AI,Detected Smurf (40.1%),High
2026-01-07 13:18:18,Physical Anomaly,ECG AI,Spoofing (High Noise) (Loss: 0.29),High
2026-01-07 13:18:18,Physical Anomaly,ECG AI,Spoofing (High Noise) (Loss: 0.30),High
2026-01-07 13:18:18,Physical Anomaly,ECG AI,Spoofing (High Noise) (Loss: 0.32),High
2026-01-07 13:18:18,Cyber Attack,Network AI,Detected Smurf (40.1%),High
2026-01-07 13:18:18,Physical Anomaly,ECG AI,Spoofing (High Noise) (Loss: 0.32),High
2026-01-07 13:18:18,Physical Anomaly,ECG AI,Spoofing (High Noise) (Loss: 0.34),High
2026-01-07 13:18:18,Cyber Attack,Network AI,Detected Smurf (40.1%),High
2026-01-07 13:18:18,Physical Anomaly,ECG AI,Spoofing (High Noise) (Loss: 0.34),High
2026-01-07 13:18:18,Physical Anomaly,ECG AI,Spoofing (High Noise) (Loss: 0.31),High
2026-01-07 13:18:18,Cyber Attack,Network AI,Detected Smurf (40.1%),High
2026-01-07 13:18:18,Physical Anomaly,ECG AI,Spoofing (High Noise) (Loss: 0.29),High
2026-01-07 13:18:18,Physical Anomaly,ECG AI,Spoofing (High Noise) (Loss: 0.29),High
2026-01-07 13:18:19,Physical Anomaly,ECG AI,Spoofing (High Noise) (Loss: 0.29),High
2026-01-07 13:18:19,Cyber Attack,Network AI,Detected Smurf (40.1%),High
2026-01-07 13:18:19,Physical Anomaly,ECG AI,Spoofing (High Noise) (Loss: 0.31),High
2026-01-07 13:18:19,Physical Anomaly,ECG AI,Spoofing (High Noise) (Loss: 0.30),High
2026-01-07 13:18:19,Cyber Attack,Network AI,Detected Smurf (40.1%),High
2026-01-07 13:18:19,Physical Anomaly,ECG AI,Spoofing (High Noise) (Loss: 0.35),High
2026-01-07 13:18:19,Physical Anomaly,ECG AI,Spoofing (High Noise) (Loss: 0.37),High
2026-01-07 13:18:19,Physical Anomaly,ECG AI,Spoofing (High Noise) (Loss: 0.36),High
2026-01-07 13:18:19,Cyber Attack,Network AI,Detected Smurf (40.1%),High
2026-01-07 13:18:19,Physical Anomaly,ECG AI,Spoofing (High Noise) (Loss: 0.31),High
2026-01-07 13:18:19,Physical Anomaly,ECG AI,Spoofing (High Noise) (Loss: 0.30),High
2026-01-07 13:18:19,Cyber Attack,Network AI,Detected Smurf (40.1%),High
2026-01-07 13:18:19,Physical Anomaly,ECG AI,Spoofing (High Noise) (Loss: 0.27),High
2026-01-07 13:18:19,Physical Anomaly,ECG AI,Spoofing (High Noise) (Loss: 0.28),High
2026-01-07 13:18:19,Cyber Attack,Network AI,Detected Smurf (40.1%),High
2026-01-07 13:18:19,Physical Anomaly,ECG AI,Spoofing (High Noise) (Loss: 0.28),High
2026-01-07 13:18:19,Physical Anomaly,ECG AI,Spoofing (High Noise) (Loss: 0.28),High
2026-01-07 13:18:19,Physical Anomaly,ECG AI,Spoofing (High Noise) (Loss: 0.29),High
2026-01-07 13:18:19,Cyber Attack,Network AI,Detected Smurf (40.1%),High
2026-01-07 13:18:19,Physical Anomaly,ECG AI,Spoofing (High Noise) (Loss: 0.28),High
2026-01-07 13:18:19,Physical Anomaly,ECG AI,Spoofing (High Noise) (Loss: 0.25),High
2026-01-07 13:18:19,Cyber Attack,Network AI,Detected Smurf (40.1%),High
2026-01-07 13:18:19,Physical Anomaly,ECG AI,Spoofing (High Noise) (Loss: 0.24),High
2026-01-07 13:18:20,Physical Anomaly,ECG AI,Spoofing (High Noise) (Loss: 0.23),High
2026-01-07 13:18:20,Physical Anomaly,ECG AI,Spoofing (High Noise) (Loss: 0.21),High
2026-01-07 13:18:20,Cyber Attack,Network AI,Detected Smurf (40.1%),High
2026-01-07 13:18:20,Physical Anomaly,ECG AI,Spoofing (High Noise) (Loss: 0.22),High
2026-01-07 13:18:20,Physical Anomaly,ECG AI,Spoofing (High Noise) (Loss: 0.24),High
2026-01-07 13:18:20,Cyber Attack,Network AI,Detected Smurf (40.1%),High
2026-01-07 13:18:20,Physical Anomaly,ECG AI,Spoofing (High Noise) (Loss: 0.26),High
2026-01-07 13:18:20,Physical Anomaly,ECG AI,Spoofing (High Noise) (Loss: 0.31),High
2026-01-07 13:18:20,Physical Anomaly,ECG AI,Spoofing (High Noise) (Loss: 0.30),High
2026-01-07 13:18:20,Cyber Attack,Network AI,Detected Smurf (40.1%),High
2026-01-07 13:18:20,Physical Anomaly,ECG AI,Spoofing (High Noise) (Loss: 0.32),High
2026-01-07 13:18:20,Physical Anomaly,ECG AI,Spoofing (High Noise) (Loss: 0.36),High
2026-01-07 13:18:20,Cyber Attack,Network AI,Detected Smurf (40.1%),High
2026-01-07 13:18:21,Physical Anomaly,ECG AI,Spoofing (High Noise) (Loss: 0.34),High
2026-01-07 13:18:21,Physical Anomaly,ECG AI,Spoofing (High Noise) (Loss: 0.34),High
2026-01-07 13:18:21,Physical Anomaly,ECG AI,Spoofing (High Noise) (Loss: 0.34),High
2026-01-07 13:18:21,Cyber Attack,Network AI,Detected Smurf (40.1%),High
2026-01-07 13:18:21,Physical Anomaly,ECG AI,Spoofing (High Noise) (Loss: 0.33),High
2026-01-07 13:18:21,Physical Anomaly,ECG AI,Spoofing (High Noise) (Loss: 0.34),High
2026-01-07 13:18:21,Cyber Attack,Network AI,Detected Smurf (40.1%),High
2026-01-07 13:18:21,Physical Anomaly,ECG AI,Spoofing (High Noise) (Loss: 0.34),High
2026-01-07 13:18:21,Physical Anomaly,ECG AI,Spoofing (High Noise) (Loss: 0.35),High
2026-01-07 13:18:21,Cyber Attack,Network AI,Detected Smurf (40.1%),High
2026-01-07 13:18:21,Physical Anomaly,ECG AI,Spoofing (High Noise) (Loss: 0.35),High
2026-01-07 13:18:21,Physical Anomaly,ECG AI,Spoofing (High Noise) (Loss: 0.33),High
2026-01-07 13:18:21,Physical Anomaly,ECG AI,Spoofing (High Noise) (Loss: 0.34),High
2026-01-07 13:18:21,Cyber Attack,Network AI,Detected Smurf (40.1%),High
2026-01-07 13:18:21,Physical Anomaly,ECG AI,Spoofing (High Noise) (Loss: 0.32),High
2026-01-07 13:18:21,Physical Anomaly,ECG AI,Spoofing (High Noise) (Loss: 0.31),High
2026-01-07 13:18:21,Cyber Attack,Network AI,Detected Smurf (40.1%),High
2026-01-07 13:18:21,Physical Anomaly,ECG AI,Spoofing (High Noise) (Loss: 0.26),High
2026-01-07 13:18:21,Physical Anomaly,ECG AI,Spoofing (High Noise) (Loss: 0.26),High
2026-01-07 13:18:22,Physical Anomaly,ECG AI,Spoofing (High Noise) (Loss: 0.26),High
2026-01-07 13:18:22,Cyber Attack,Network AI,Detected Smurf (40.1%),High
2026-01-07 13:18:22,Physical Anomaly,ECG AI,Spoofing (High Noise) (Loss: 0.27),High
2026-01-07 13:18:22,Physical Anomaly,ECG AI,Spoofing (High Noise) (Loss: 0.27),High
2026-01-07 13:18:22,Cyber Attack,Network AI,Detected Smurf (40.1%),High
2026-01-07 13:18:22,Physical Anomaly,ECG AI,Spoofing (High Noise) (Loss: 0.28),High
2026-01-07 13:18:22,Physical Anomaly,ECG AI,Spoofing (High Noise) (Loss: 0.28),High
2026-01-07 13:18:22,Cyber Attack,Network AI,Detected Smurf (40.1%),High
2026-01-07 13:18:22,Physical Anomaly,ECG AI,Rate Tampering (Tachycardia) (Loss: 0.29),High
2026-01-07 13:18:22,Physical Anomaly,ECG AI,Rate Tampering (Tachycardia) (Loss: 0.27),High
2026-01-07 13:18:22,Physical Anomaly,ECG AI,Rate Tampering (Tachycardia) (Loss: 0.26),High
2026-01-07 13:18:22,Cyber Attack,Network AI,Detected Smurf (40.1%),High
2026-01-07 13:18:22,Physical Anomaly,ECG AI,Spoofing (High Noise) (Loss: 0.25),High
2026-01-07 13:18:22,Physical Anomaly,ECG AI,Spoofing (High Noise) (Loss: 0.25),High
2026-01-07 13:18:22,Cyber Attack,Network AI,Detected Smurf (40.1%),High
2026-01-07 13:18:22,Physical Anomaly,ECG AI,Spoofing (High Noise) (Loss: 0.29),High
2026-01-07 13:18:22,Physical Anomaly,ECG AI,Spoofing (High Noise) (Loss: 0.30),High
2026-01-07 13:18:23,Physical Anomaly,ECG AI,Spoofing (High Noise) (Loss: 0.35),High
2026-01-07 13:18:23,Cyber Attack,Network AI,Detected Smurf (40.1%),High
2026-01-07 13:18:23,Physical Anomaly,ECG AI,Spoofing (High Noise) (Loss: 0.33),High
2026-01-07 13:18:23,Physical Anomaly,ECG AI,Spoofing (High Noise) (Loss: 0.33),High
2026-01-07 13:18:23,Cyber Attack,Network AI,Detected Smurf (40.1%),High
2026-01-07 13:18:23,Physical Anomaly,ECG AI,Spoofing (High Noise) (Loss: 0.31),High
2026-01-07 13:18:23,Physical Anomaly,ECG AI,Spoofing (High Noise) (Loss: 0.28),High
2026-01-07 13:18:23,Cyber Attack,Network AI,Detected Smurf (40.1%),High
2026-01-07 13:18:23,Physical Anomaly,ECG AI,Spoofing (High Noise) (Loss: 0.28),High
2026-01-07 13:18:23,Physical Anomaly,ECG AI,Spoofing (High Noise) (Loss: 0.28),High
2026-01-07 13:18:23,Physical Anomaly,ECG AI,Spoofing (High Noise) (Loss: 0.27),High
2026-01-07 13:18:23,Cyber Attack,Network AI,Detected Smurf (40.1%),High
2026-01-07 13:18:23,Physical Anomaly,ECG AI,Spoofing (High Noise) (Loss: 0.30),High
2026-01-07 13:18:24,Physical Anomaly,ECG AI,Spoofing (High Noise) (Loss: 0.30),High
2026-01-07 13:18:24,Cyber Attack,Network AI,Detected Smurf (40.1%),High
2026-01-07 13:18:24,Physical Anomaly,ECG AI,Spoofing (High Noise) (Loss: 0.31),High
2026-01-07 13:18:24,Physical Anomaly,ECG AI,Spoofing (High Noise) (Loss: 0.28),High
2026-01-07 13:18:24,Cyber Attack,Network AI,Detected Smurf (40.1%),High
2026-01-07 13:18:24,Physical Anomaly,ECG AI,Spoofing (High Noise) (Loss: 0.27),High
2026-01-07 13:18:24,Physical Anomaly,ECG AI,Spoofing (High Noise) (Loss: 0.26),High
2026-01-07 13:18:24,Physical Anomaly,ECG AI,Spoofing (High Noise) (Loss: 0.22),High
2026-01-07 13:18:24,Cyber Attack,Network AI,Detected Smurf (40.1%),High
2026-01-07 13:18:24,Physical Anomaly,ECG AI,Spoofing (High Noise) (Loss: 0.22),High
2026-01-07 13:18:24,Physical Anomaly,ECG AI,Spoofing (High Noise) (Loss: 0.22),High
2026-01-07 13:18:24,Cyber Attack,Network AI,Detected Smurf (40.1%),High
2026-01-07 13:18:24,Physical Anomaly,ECG AI,Spoofing (High Noise) (Loss: 0.23),High
2026-01-07 13:18:24,Physical Anomaly,ECG AI,Spoofing (High Noise) (Loss: 0.26),High
2026-01-07 13:18:24,Cyber Attack,Network AI,Detected Smurf (40.1%),High
2026-01-07 13:18:24,Physical Anomaly,ECG AI,Spoofing (High Noise) (Loss: 0.26),High
2026-01-07 13:18:24,Physical Anomaly,ECG AI,Spoofing (High Noise) (Loss: 0.26),High
2026-01-07 13:18:25,Physical Anomaly,ECG AI,Spoofing (High Noise) (Loss: 0.26),High
2026-01-07 13:18:25,Cyber Attack,Network AI,Detected Smurf (40.1%),High
2026-01-07 13:18:25,Physical Anomaly,ECG AI,Spoofing (High Noise) (Loss: 0.26),High
2026-01-07 13:18:25,Physical Anomaly,ECG AI,Spoofing (High Noise) (Loss: 0.28),High
2026-01-07 13:18:25,Cyber Attack,Network AI,Detected Smurf (40.1%),High
2026-01-07 13:18:25,Physical Anomaly,ECG AI,Spoofing (High Noise) (Loss: 0.26),High
2026-01-07 13:18:25,Physical Anomaly,ECG AI,Spoofing (High Noise) (Loss: 0.26),High
2026-01-07 13:18:25,Physical Anomaly,ECG AI,Spoofing (High Noise) (Loss: 0.25),High
2026-01-07 13:18:25,Cyber Attack,Network AI,Detected Smurf (40.1%),High
2026-01-07 13:18:25,Physical Anomaly,ECG AI,Spoofing (High Noise) (Loss: 0.25),High
2026-01-07 13:18:25,Physical Anomaly,ECG AI,Spoofing (High Noise) (Loss: 0.32),High
2026-01-07 13:18:25,Cyber Attack,Network AI,Detected Smurf (40.1%),High
2026-01-07 13:18:25,Physical Anomaly,ECG AI,Spoofing (High Noise) (Loss: 0.33),High
2026-01-07 13:18:25,Physical Anomaly,ECG AI,Spoofing (High Noise) (Loss: 0.31),High
2026-01-07 13:18:25,Physical Anomaly,ECG AI,Spoofing (High Noise) (Loss: 0.30),High
2026-01-07 13:18:25,Cyber Attack,Network AI,Detected Smurf (40.1%),High
2026-01-07 13:18:25,Physical Anomaly,ECG AI,Spoofing (High Noise) (Loss: 0.29),High
2026-01-07 13:18:25,Physical Anomaly,ECG AI,Spoofing (High Noise) (Loss: 0.28),High
2026-01-07 13:18:26,Cyber Attack,Network AI,Detected Smurf (40.1%),High
2026-01-07 13:18:26,Physical Anomaly,ECG AI,Spoofing (High Noise) (Loss: 0.27),High
2026-01-07 13:18:26,Physical Anomaly,ECG AI,Spoofing (High Noise) (Loss: 0.27),High
2026-01-07 13:18:26,Cyber Attack,Network AI,Detected Smurf (40.1%),High
2026-01-07 13:18:26,Physical Anomaly,ECG AI,Spoofing (High Noise) (Loss: 0.25),High
2026-01-07 13:18:26,Physical Anomaly,ECG AI,Spoofing (High Noise) (Loss: 0.26),High
2026-01-07 13:18:26,Physical Anomaly,ECG AI,Spoofing (High Noise) (Loss: 0.27),High
2026-01-07 13:18:26,Cyber Attack,Network AI,Detected Smurf (40.1%),High
2026-01-07 13:18:26,Physical Anomaly,ECG AI,Spoofing (High Noise) (Loss: 0.28),High
2026-01-07 13:18:26,Physical Anomaly,ECG AI,Spoofing (High Noise) (Loss: 0.28),High
2026-01-07 13:18:26,Cyber Attack,Network AI,Detected Smurf (40.1%),High
2026-01-07 13:18:26,Physical Anomaly,ECG AI,Spoofing (High Noise) (Loss: 0.27),High
2026-01-07 13:18:26,Physical Anomaly,ECG AI,Spoofing (High Noise) (Loss: 0.23),High
2026-01-07 13:18:26,Cyber Attack,Network AI,Detected Smurf (40.1%),High
2026-01-07 13:18:26,Physical Anomaly,ECG AI,Spoofing (High Noise) (Loss: 0.24),High
2026-01-07 13:18:26,Physical Anomaly,ECG AI,Spoofing (High Noise) (Loss: 0.23),High
2026-01-07 13:18:26,Physical Anomaly,ECG AI,Spoofing (High Noise) (Loss: 0.24),High
2026-01-07 13:18:26,Cyber Attack,Network AI,Detected Smurf (40.1%),High
2026-01-07 13:18:27,Physical Anomaly,ECG AI,Spoofing (High Noise) (Loss: 0.23),High
2026-01-07 13:18:27,Physical Anomaly,ECG AI,Spoofing (High Noise) (Loss: 0.23),High
2026-01-07 13:18:27,Cyber Attack,Network AI,Detected Smurf (40.1%),High
2026-01-07 13:18:27,Physical Anomaly,ECG AI,Spoofing (High Noise) (Loss: 0.25),High
2026-01-07 13:18:27,Physical Anomaly,ECG AI,Spoofing (High Noise) (Loss: 0.29),High
2026-01-07 13:18:27,Cyber Attack,Network AI,Detected Smurf (40.1%),High
2026-01-07 13:18:27,Physical Anomaly,ECG AI,Spoofing (High Noise) (Loss: 0.30),High
2026-01-07 13:18:27,Physical Anomaly,ECG AI,Spoofing (High Noise) (Loss: 0.30),High
2026-01-07 13:18:27,Physical Anomaly,ECG AI,Spoofing (High Noise) (Loss: 0.30),High
2026-01-07 13:18:27,Cyber Attack,Network AI,Detected Smurf (40.1%),High
2026-01-07 13:18:27,Physical Anomaly,ECG AI,Spoofing (High Noise) (Loss: 0.27),High
2026-01-07 13:18:27,Physical Anomaly,ECG AI,Spoofing (High Noise) (Loss: 0.26),High
2026-01-07 13:18:28,Cyber Attack,Network AI,Detected Smurf (40.1%),High
2026-01-07 13:18:28,Physical Anomaly,ECG AI,Spoofing (High Noise) (Loss: 0.25),High
2026-01-07 13:18:28,Physical Anomaly,ECG AI,Spoofing (High Noise) (Loss: 0.24),High
2026-01-07 13:18:28,Physical Anomaly,ECG AI,Spoofing (High Noise) (Loss: 0.23),High
2026-01-07 13:18:28,Cyber Attack,Network AI,Detected Smurf (40.1%),High
2026-01-07 13:18:28,Physical Anomaly,ECG AI,Spoofing (High Noise) (Loss: 0.24),High
2026-01-07 13:18:28,Physical Anomaly,ECG AI,Spoofing (High Noise) (Loss: 0.27),High
2026-01-07 13:18:28,Cyber Attack,Network AI,Detected Smurf (40.1%),High
2026-01-07 13:18:28,Physical Anomaly,ECG AI,Spoofing (High Noise) (Loss: 0.27),High
2026-01-07 13:18:28,Physical Anomaly,ECG AI,Spoofing (High Noise) (Loss: 0.27),High
2026-01-07 13:18:28,Cyber Attack,Network AI,Detected Smurf (40.1%),High
2026-01-07 13:18:28,Physical Anomaly,ECG AI,Spoofing (High Noise) (Loss: 0.26),High
2026-01-07 13:18:28,Physical Anomaly,ECG AI,Spoofing (High Noise) (Loss: 0.23),High
2026-01-07 13:18:28,Physical Anomaly,ECG AI,Spoofing (High Noise) (Loss: 0.20),High
2026-01-07 13:18:28,Cyber Attack,Network AI,Detected Smurf (40.1%),High
2026-01-07 13:18:28,Physical Anomaly,ECG AI,Spoofing (High Noise) (Loss: 0.20),High
2026-01-07 13:18:28,Physical Anomaly,ECG AI,Spoofing (High Noise) (Loss: 0.20),High
2026-01-07 13:18:28,Cyber Attack,Network AI,Detected Smurf (40.1%),High
2026-01-07 13:18:28,Physical Anomaly,ECG AI,Spoofing (High Noise) (Loss: 0.24),High
2026-01-07 13:18:29,Physical Anomaly,ECG AI,Spoofing (High Noise) (Loss: 0.24),High
2026-01-07 13:18:29,Physical Anomaly,ECG AI,Spoofing (High Noise) (Loss: 0.25),High
2026-01-07 13:18:29,Cyber Attack,Network AI,Detected Smurf (40.1%),High
2026-01-07 13:18:29,Physical Anomaly,ECG AI,Spoofing (High Noise) (Loss: 0.25),High
2026-01-07 13:18:29,Physical Anomaly,ECG AI,Spoofing (High Noise) (Loss: 0.25),High
2026-01-07 13:18:29,Cyber Attack,Network AI,Detected Smurf (40.1%),High
2026-01-07 13:18:29,Physical Anomaly,ECG AI,Rate Tampering (Tachycardia) (Loss: 0.22),High
2026-01-07 13:18:29,Physical Anomaly,ECG AI,Rate Tampering (Tachycardia) (Loss: 0.18),High
2026-01-07 13:18:29,Physical Anomaly,ECG AI,Rate Tampering (Tachycardia) (Loss: 0.18),High
2026-01-07 13:18:29,Cyber Attack,Network AI,Detected Smurf (40.1%),High
2026-01-07 13:18:29,Physical Anomaly,ECG AI,Rate Tampering (Tachycardia) (Loss: 0.17),High
2026-01-07 13:18:29,Physical Anomaly,ECG AI,Spoofing (High Noise) (Loss: 0.22),High
2026-01-07 13:18:29,Cyber Attack,Network AI,Detected Smurf (40.1%),High
2026-01-07 13:18:29,Physical Anomaly,ECG AI,Spoofing (High Noise) (Loss: 0.24),High
2026-01-07 13:18:29,Physical Anomaly,ECG AI,Spoofing (High Noise) (Loss: 0.25),High
2026-01-07 13:18:29,Cyber Attack,Network AI,Detected Smurf (40.1%),High
2026-01-07 13:18:29,Physical Anomaly,ECG AI,Spoofing (High Noise) (Loss: 0.24),High
2026-01-07 13:18:30,Physical Anomaly,ECG AI,Spoofing (High Noise) (Loss: 0.26),High
2026-01-07 13:18:30,Physical Anomaly,ECG AI,Spoofing (High Noise) (Loss: 0.24),High
2026-01-07 13:18:30,Cyber Attack,Network AI,Detected Smurf (40.1%),High
2026-01-07 13:18:30,Physical Anomaly,ECG AI,Spoofing (High Noise) (Loss: 0.25),High
2026-01-07 13:18:30,Physical Anomaly,ECG AI,Spoofing (High Noise) (Loss: 0.21),High
2026-01-07 13:18:30,Cyber Attack,Network AI,Detected Smurf (40.1%),High
2026-01-07 13:18:30,Physical Anomaly,ECG AI,Spoofing (High Noise) (Loss: 0.19),High
2026-01-07 13:18:30,Physical Anomaly,ECG AI,Spoofing (High Noise) (Loss: 0.19),High
2026-01-07 13:18:30,Cyber Attack,Network AI,Detected Smurf (40.1%),High
2026-01-07 13:18:30,Physical Anomaly,ECG AI,Spoofing (High Noise) (Loss: 0.19),High
2026-01-07 13:18:30,Physical Anomaly,ECG AI,Spoofing (High Noise) (Loss: 0.22),High
2026-01-07 13:18:30,Physical Anomaly,ECG AI,Spoofing (High Noise) (Loss: 0.23),High
2026-01-07 13:18:30,Cyber Attack,Network AI,Detected Smurf (40.1%),High
2026-01-07 13:18:30,Physical Anomaly,ECG AI,Spoofing (High Noise) (Loss: 0.24),High
2026-01-07 13:18:31,Physical Anomaly,ECG AI,Spoofing (High Noise) (Loss: 0.26),High
2026-01-07 13:18:31,Cyber Attack,Network AI,Detected Smurf (40.1%),High
2026-01-07 13:18:31,Physical Anomaly,ECG AI,Spoofing (High Noise) (Loss: 0.26),High
2026-01-07 13:18:31,Physical Anomaly,ECG AI,Spoofing (High Noise) (Loss: 0.24),High
2026-01-07 13:18:31,Physical Anomaly,ECG AI,Spoofing (High Noise) (Loss: 0.23),High
2026-01-07 13:18:31,Cyber Attack,Network AI,Detected Smurf (40.1%),High
2026-01-07 13:18:31,Physical Anomaly,ECG AI,Spoofing (High Noise) (Loss: 0.24),High
2026-01-07 13:18:31,Physical Anomaly,ECG AI,Spoofing (High Noise) (Loss: 0.24),High
2026-01-07 13:18:31,Cyber Attack,Network AI,Detected Smurf (40.1%),High
2026-01-07 13:18:31,Physical Anomaly,ECG AI,Spoofing (High Noise) (Loss: 0.23),High
2026-01-07 13:18:31,Physical Anomaly,ECG AI,Spoofing (High Noise) (Loss: 0.27),High
2026-01-07 13:18:31,Cyber Attack,Network AI,Detected Smurf (40.1%),High
2026-01-07 13:18:31,Physical Anomaly,ECG AI,Spoofing (High Noise) (Loss: 0.29),High
2026-01-07 13:18:31,Physical Anomaly,ECG AI,Spoofing (High Noise) (Loss: 0.28),High
2026-01-07 13:18:31,Physical Anomaly,ECG AI,Spoofing (High Noise) (Loss: 0.28),High
2026-01-07 13:18:31,Cyber Attack,Network AI,Detected Smurf (40.1%),High
2026-01-07 13:18:31,Physical Anomaly,ECG AI,Spoofing (High Noise) (Loss: 0.29),High
2026-01-07 13:18:31,Physical Anomaly,ECG AI,Spoofing (High Noise) (Loss: 0.29),High
2026-01-07 13:18:32,Cyber Attack,Network AI,Detected Smurf (40.1%),High
2026-01-07 13:18:32,Physical Anomaly,ECG AI,Spoofing (High Noise) (Loss: 0.26),High
2026-01-07 13:18:32,Physical Anomaly,ECG AI,Spoofing (High Noise) (Loss: 0.26),High
2026-01-07 13:18:32,Physical Anomaly,ECG AI,Spoofing (High Noise) (Loss: 0.26),High
2026-01-07 13:18:32,Cyber Attack,Network AI,Detected Smurf (40.1%),High
2026-01-07 13:18:32,Physical Anomaly,ECG AI,Spoofing (High Noise) (Loss: 0.26),High
2026-01-07 13:18:32,Physical Anomaly,ECG AI,Spoofing (High Noise) (Loss: 0.27),High
2026-01-07 13:18:32,Cyber Attack,Network AI,Detected Smurf (40.1%),High
2026-01-07 13:18:32,Physical Anomaly,ECG AI,Spoofing (High Noise) (Loss: 0.26),High
2026-01-07 13:18:32,Physical Anomaly,ECG AI,Spoofing (High Noise) (Loss: 0.27),High
2026-01-07 13:18:32,Physical Anomaly,ECG AI,Spoofing (High Noise) (Loss: 0.29),High
2026-01-07 13:18:32,Cyber Attack,Network AI,Detected Smurf (40.1%),High
2026-01-07 13:18:32,Physical Anomaly,ECG AI,Spoofing (High Noise) (Loss: 0.28),High
2026-01-07 13:18:32,Physical Anomaly,ECG AI,Spoofing (High Noise) (Loss: 0.29),High
2026-01-07 13:18:32,Cyber Attack,Network AI,Detected Smurf (40.1%),High
2026-01-07 13:18:32,Physical Anomaly,ECG AI,Spoofing (High Noise) (Loss: 0.29),High
2026-01-07 13:18:32,Physical Anomaly,ECG AI,Spoofing (High Noise) (Loss: 0.28),High
2026-01-07 13:18:32,Cyber Attack,Network AI,Detected Smurf (40.1%),High
2026-01-07 13:18:32,Physical Anomaly,ECG AI,Spoofing (High Noise) (Loss: 0.25),High
2026-01-07 13:18:33,Physical Anomaly,ECG AI,Spoofing (High Noise) (Loss: 0.24),High
2026-01-07 13:18:33,Physical Anomaly,ECG AI,Spoofing (High Noise) (Loss: 0.24),High
2026-01-07 13:18:33,Cyber Attack,Network AI,Detected Smurf (40.1%),High
2026-01-07 13:18:33,Physical Anomaly,ECG AI,Spoofing (High Noise) (Loss: 0.21),High
2026-01-07 13:18:33,Physical Anomaly,ECG AI,Rate Tampering (Tachycardia) (Loss: 0.21),High
2026-01-07 13:18:33,Cyber Attack,Network AI,Detected Smurf (40.1%),High
2026-01-07 13:18:33,Physical Anomaly,ECG AI,Rate Tampering (Tachycardia) (Loss: 0.21),High
2026-01-07 13:18:33,Physical Anomaly,ECG AI,Rate Tampering (Tachycardia) (Loss: 0.22),High
2026-01-07 13:18:33,Cyber Attack,Network AI,Detected Smurf (40.1%),High
2026-01-07 13:18:33,Physical Anomaly,ECG AI,Rate Tampering (Tachycardia) (Loss: 0.22),High
2026-01-07 13:18:33,Physical Anomaly,ECG AI,Rate Tampering (Tachycardia) (Loss: 0.23),High
2026-01-07 13:18:34,Cyber Attack,Network AI,Detected Smurf (40.1%),High
2026-01-07 13:18:34,Physical Anomaly,ECG AI,Rate Tampering (Tachycardia) (Loss: 0.22),High
2026-01-07 13:18:34,Physical Anomaly,ECG AI,Rate Tampering (Tachycardia) (Loss: 0.21),High
2026-01-07 13:18:34,Physical Anomaly,ECG AI,Rate Tampering (Tachycardia) (Loss: 0.21),High
2026-01-07 13:18:34,Cyber Attack,Network AI,Detected Smurf (40.1%),High
2026-01-07 13:18:34,Physical Anomaly,ECG AI,Spoofing (High Noise) (Loss: 0.23),High
2026-01-07 13:18:34,Physical Anomaly,ECG AI,Spoofing (High Noise) (Loss: 0.23),High
2026-01-07 13:18:34,Cyber Attack,Network AI,Detected Smurf (40.1%),High
2026-01-07 13:18:34,Physical Anomaly,ECG AI,Spoofing (High Noise) (Loss: 0.25),High
2026-01-07 13:18:34,Physical Anomaly,ECG AI,Spoofing (High Noise) (Loss: 0.29),High
2026-01-07 13:18:34,Cyber Attack,Network AI,Detected Smurf (40.1%),High
2026-01-07 13:18:34,Physical Anomaly,ECG AI,Spoofing (High Noise) (Loss: 0.27),High
2026-01-07 13:18:34,Physical Anomaly,ECG AI,Spoofing (High Noise) (Loss: 0.27),High
2026-01-07 13:18:34,Physical Anomaly,ECG AI,Spoofing (High Noise) (Loss: 0.24),High
2026-01-07 13:18:34,Cyber Attack,Network AI,Detected Smurf (40.1%),High
2026-01-07 13:18:34,Physical Anomaly,ECG AI,Spoofing (High Noise) (Loss: 0.23),High
2026-01-07 13:18:35,Physical Anomaly,ECG AI,Spoofing (High Noise) (Loss: 0.25),High
2026-01-07 13:18:35,Cyber Attack,Network AI,Detected Smurf (40.1%),High
2026-01-07 13:18:35,Physical Anomaly,ECG AI,Spoofing (High Noise) (Loss: 0.21),High
2026-01-07 13:18:35,Physical Anomaly,ECG AI,Spoofing (High Noise) (Loss: 0.21),High
2026-01-07 13:18:35,Physical Anomaly,ECG AI,Spoofing (High Noise) (Loss: 0.25),High
2026-01-07 13:18:35,Cyber Attack,Network AI,Detected Smurf (40.1%),High
2026-01-07 13:18:35,Physical Anomaly,ECG AI,Spoofing (High Noise) (Loss: 0.28),High
2026-01-07 13:18:35,Physical Anomaly,ECG AI,Spoofing (High Noise) (Loss: 0.27),High
2026-01-07 13:18:35,Cyber Attack,Network AI,Detected Smurf (40.1%),High
2026-01-07 13:18:35,Physical Anomaly,ECG AI,Spoofing (High Noise) (Loss: 0.29),High
2026-01-07 13:18:35,Physical Anomaly,ECG AI,Rate Tampering (Tachycardia) (Loss: 0.28),High
2026-01-07 13:18:35,Cyber Attack,Network AI,Detected Smurf (40.1%),High
2026-01-07 13:18:36,Physical Anomaly,ECG AI,Rate Tampering (Tachycardia) (Loss: 0.25),High
2026-01-07 13:18:36,Physical Anomaly,ECG AI,Rate Tampering (Tachycardia) (Loss: 0.28),High
2026-01-07 13:18:36,Physical Anomaly,ECG AI,Spoofing (High Noise) (Loss: 0.29),High
2026-01-07 13:18:36,Cyber Attack,Network AI,Detected Smurf (40.1%),High
2026-01-07 13:18:36,Physical Anomaly,ECG AI,Spoofing (High Noise) (Loss: 0.29),High
2026-01-07 13:18:36,Physical Anomaly,ECG AI,Spoofing (High Noise) (Loss: 0.36),High
2026-01-07 13:18:36,Cyber Attack,Network AI,Detected Smurf (40.1%),High
2026-01-07 13:18:36,Physical Anomaly,ECG AI,Spoofing (High Noise) (Loss: 0.04),High
2026-01-07 13:18:37,Physical Anomaly,ECG AI,Critical Signal Loss (Flatline) (Loss: 0.00),High
2026-01-07 13:18:37,Physical Anomaly,ECG AI,Critical Signal Loss (Flatline) (Loss: 0.00),High
2026-01-07 13:18:37,Physical Anomaly,ECG AI,Critical Signal Loss (Flatline) (Loss: 0.00),High
2026-01-07 13:18:37,Physical Anomaly,ECG AI,Critical Signal Loss (Flatline) (Loss: 0.00),High
2026-01-07 13:18:37,Physical Anomaly,ECG AI,Critical Signal Loss (Flatline) (Loss: 0.00),High
2026-01-07 13:18:37,Physical Anomaly,ECG AI,Critical Signal Loss (Flatline) (Loss: 0.00),High
2026-01-07 13:18:37,Physical Anomaly,ECG AI,Critical Signal Loss (Flatline) (Loss: 0.00),High
2026-01-07 13:18:38,Physical Anomaly,ECG AI,Critical Signal Loss (Flatline) (Loss: 0.00),High
2026-01-07 13:18:38,Physical Anomaly,ECG AI,Critical Signal Loss (Flatline) (Loss: 0.00),High
2026-01-07 13:18:38,Physical Anomaly,ECG AI,Critical Signal Loss (Flatline) (Loss: 0.00),High
2026-01-07 13:18:38,Physical Anomaly,ECG AI,Critical Signal Loss (Flatline) (Loss: 0.00),High
2026-01-07 13:18:38,Physical Anomaly,ECG AI,Critical Signal Loss (Flatline) (Loss: 0.00),High
2026-01-07 13:18:38,Physical Anomaly,ECG AI,Critical Signal Loss (Flatline) (Loss: 0.00),High
2026-01-07 13:18:38,Physical Anomaly,ECG AI,Critical Signal Loss (Flatline) (Loss: 0.00),High
2026-01-07 13:18:38,Physical Anomaly,ECG AI,Critical Signal Loss (Flatline) (Loss: 0.00),High
2026-01-07 13:18:38,Physical Anomaly,ECG AI,Critical Signal Loss (Flatline) (Loss: 0.00),High
2026-01-07 13:18:38,Physical Anomaly,ECG AI,Critical Signal Loss (Flatline) (Loss: 0.00),High
2026-01-07 13:18:38,Physical Anomaly,ECG AI,Critical Signal Loss (Flatline) (Loss: 0.00),High
2026-01-07 13:18:38,Physical Anomaly,ECG AI,Critical Signal Loss (Flatline) (Loss: 0.00),High
2026-01-07 13:18:38,Physical Anomaly,ECG AI,Critical Signal Loss (Flatline) (Loss: 0.00),High
2026-01-07 13:18:39,Physical Anomaly,ECG AI,Critical Signal Loss (Flatline) (Loss: 0.00),High
2026-01-07 13:18:39,Physical Anomaly,ECG AI,Critical Signal Loss (Flatline) (Loss: 0.00),High
2026-01-07 13:18:39,Physical Anomaly,ECG AI,Critical Signal Loss (Flatline) (Loss: 0.00),High
2026-01-07 13:18:39,Physical Anomaly,ECG AI,Critical Signal Loss (Flatline) (Loss: 0.00),High
2026-01-07 13:18:39,Physical Anomaly,ECG AI,Critical Signal Loss (Flatline) (Loss: 0.00),High
2026-01-07 13:18:39,Physical Anomaly,ECG AI,Critical Signal Loss (Flatline) (Loss: 0.00),High
2026-01-07 13:18:39,Physical Anomaly,ECG AI,Critical Signal Loss (Flatline) (Loss: 0.00),High
2026-01-07 13:18:39,Physical Anomaly,ECG AI,Critical Signal Loss (Flatline) (Loss: 0.00),High
2026-01-07 13:18:39,Physical Anomaly,ECG AI,Critical Signal Loss (Flatline) (Loss: 0.00),High
2026-01-07 13:18:39,Physical Anomaly,ECG AI,Critical Signal Loss (Flatline) (Loss: 0.00),High
2026-01-07 13:18:39,Physical Anomaly,ECG AI,Critical Signal Loss (Flatline) (Loss: 0.00),High
2026-01-07 13:18:39,Physical Anomaly,ECG AI,Critical Signal Loss (Flatline) (Loss: 0.00),High
2026-01-07 13:18:39,Physical Anomaly,ECG AI,Critical Signal Loss (Flatline) (Loss: 0.00),High
2026-01-07 13:18:40,Physical Anomaly,ECG AI,Critical Signal Loss (Flatline) (Loss: 0.00),High
2026-01-07 13:18:40,Physical Anomaly,ECG AI,Critical Signal Loss (Flatline) (Loss: 0.00),High
2026-01-07 13:18:40,Physical Anomaly,ECG AI,Critical Signal Loss (Flatline) (Loss: 0.00),High
2026-01-07 13:18:40,Physical Anomaly,ECG AI,Critical Signal Loss (Flatline) (Loss: 0.00),High
2026-01-07 13:18:40,Physical Anomaly,ECG AI,Critical Signal Loss (Flatline) (Loss: 0.00),High
2026-01-07 13:18:40,Physical Anomaly,ECG AI,Critical Signal Loss (Flatline) (Loss: 0.00),High
2026-01-07 13:18:40,Physical Anomaly,ECG AI,Critical Signal Loss (Flatline) (Loss: 0.00),High
2026-01-07 13:18:40,Physical Anomaly,ECG AI,Critical Signal Loss (Flatline) (Loss: 0.00),High
2026-01-07 13:18:40,Physical Anomaly,ECG AI,Critical Signal Loss (Flatline) (Loss: 0.00),High
2026-01-07 13:18:41,Physical Anomaly,ECG AI,Critical Signal Loss (Flatline) (Loss: 0.00),High
2026-01-07 13:18:41,Physical Anomaly,ECG AI,Critical Signal Loss (Flatline) (Loss: 0.00),High
2026-01-07 13:18:41,Physical Anomaly,ECG AI,Critical Signal Loss (Flatline) (Loss: 0.00),High
2026-01-07 13:18:41,Physical Anomaly,ECG AI,Critical Signal Loss (Flatline) (Loss: 0.00),High
2026-01-07 13:18:41,Physical Anomaly,ECG AI,Critical Signal Loss (Flatline) (Loss: 0.00),High
2026-01-07 13:18:41,Physical Anomaly,ECG AI,Critical Signal Loss (Flatline) (Loss: 0.00),High
2026-01-07 13:18:41,Physical Anomaly,ECG AI,Critical Signal Loss (Flatline) (Loss: 0.00),High
2026-01-07 13:18:41,Physical Anomaly,ECG AI,Critical Signal Loss (Flatline) (Loss: 0.00),High
2026-01-07 13:18:41,Physical Anomaly,ECG AI,Critical Signal Loss (Flatline) (Loss: 0.00),High
2026-01-07 13:18:41,Physical Anomaly,ECG AI,Critical Signal Loss (Flatline) (Loss: 0.00),High
2026-01-07 13:18:41,Physical Anomaly,ECG AI,Critical Signal Loss (Flatline) (Loss: 0.00),High
2026-01-07 13:18:41,Physical Anomaly,ECG AI,Critical Signal Loss (Flatline) (Loss: 0.00),High
2026-01-07 13:18:41,Physical Anomaly,ECG AI,Critical Signal Loss (Flatline) (Loss: 0.00),High
2026-01-07 13:18:41,Physical Anomaly,ECG AI,Critical Signal Loss (Flatline) (Loss: 0.00),High
2026-01-07 13:18:42,Physical Anomaly,ECG AI,Critical Signal Loss (Flatline) (Loss: 0.00),High
2026-01-07 13:18:42,Physical Anomaly,ECG AI,Critical Signal Loss (Flatline) (Loss: 0.00),High
2026-01-07 13:18:42,Physical Anomaly,ECG AI,Critical Signal Loss (Flatline) (Loss: 0.00),High
2026-01-07 13:18:42,Physical Anomaly,ECG AI,Critical Signal Loss (Flatline) (Loss: 0.00),High
2026-01-07 13:18:42,Physical Anomaly,ECG AI,Critical Signal Loss (Flatline) (Loss: 0.00),High
2026-01-07 13:18:42,Physical Anomaly,ECG AI,Critical Signal Loss (Flatline) (Loss: 0.00),High
2026-01-07 13:18:42,Physical Anomaly,ECG AI,Critical Signal Loss (Flatline) (Loss: 0.00),High
2026-01-07 13:18:42,Physical Anomaly,ECG AI,Critical Signal Loss (Flatline) (Loss: 0.00),High
2026-01-07 13:18:42,Physical Anomaly,ECG AI,Critical Signal Loss (Flatline) (Loss: 0.00),High
2026-01-07 13:18:42,Physical Anomaly,ECG AI,Critical Signal Loss (Flatline) (Loss: 0.00),High
2026-01-07 13:18:42,Physical Anomaly,ECG AI,Critical Signal Loss (Flatline) (Loss: 0.00),High
2026-01-07 13:18:43,Physical Anomaly,ECG AI,Critical Signal Loss (Flatline) (Loss: 0.00),High
2026-01-07 13:18:43,Physical Anomaly,ECG AI,Critical Signal Loss (Flatline) (Loss: 0.00),High
2026-01-07 13:18:43,Physical Anomaly,ECG AI,Critical Signal Loss (Flatline) (Loss: 0.00),High
2026-01-07 13:18:43,Physical Anomaly,ECG AI,Critical Signal Loss (Flatline) (Loss: 0.00),High
2026-01-07 13:18:43,Physical Anomaly,ECG AI,Critical Signal Loss (Flatline) (Loss: 0.00),High
2026-01-07 13:18:43,Physical Anomaly,ECG AI,Critical Signal Loss (Flatline) (Loss: 0.00),High
2026-01-07 13:18:43,Physical Anomaly,ECG AI,Critical Signal Loss (Flatline) (Loss: 0.00),High
2026-01-07 13:18:43,Physical Anomaly,ECG AI,Critical Signal Loss (Flatline) (Loss: 0.00),High
2026-01-07 13:18:43,Physical Anomaly,ECG AI,Critical Signal Loss (Flatline) (Loss: 0.00),High
2026-01-07 13:18:43,Physical Anomaly,ECG AI,Critical Signal Loss (Flatline) (Loss: 0.00),High
2026-01-07 13:18:43,Physical Anomaly,ECG AI,Critical Signal Loss (Flatline) (Loss: 0.00),High
2026-01-07 13:18:43,Physical Anomaly,ECG AI,Critical Signal Loss (Flatline) (Loss: 0.00),High
2026-01-07 13:18:43,Physical Anomaly,ECG AI,Critical Signal Loss (Flatline) (Loss: 0.00),High
2026-01-07 13:18:44,Physical Anomaly,ECG AI,Critical Signal Loss (Flatline) (Loss: 0.00),High
2026-01-07 13:18:44,Physical Anomaly,ECG AI,Critical Signal Loss (Flatline) (Loss: 0.00),High
2026-01-07 13:18:44,Physical Anomaly,ECG AI,Critical Signal Loss (Flatline) (Loss: 0.00),High
2026-01-07 13:18:44,Physical Anomaly,ECG AI,Critical Signal Loss (Flatline) (Loss: 0.00),High
2026-01-07 13:18:44,Physical Anomaly,ECG AI,Critical Signal Loss (Flatline) (Loss: 0.00),High
2026-01-07 13:18:44,Physical Anomaly,ECG AI,Critical Signal Loss (Flatline) (Loss: 0.00),High
2026-01-07 13:18:44,Physical Anomaly,ECG AI,Critical Signal Loss (Flatline) (Loss: 0.00),High
2026-01-07 13:18:44,Physical Anomaly,ECG AI,Critical Signal Loss (Flatline) (Loss: 0.00),High
2026-01-07 13:18:44,Physical Anomaly,ECG AI,Critical Signal Loss (Flatline) (Loss: 0.00),High
2026-01-07 13:18:44,Physical Anomaly,ECG AI,Critical Signal Loss (Flatline) (Loss: 0.00),High
2026-01-07 13:18:44,Physical Anomaly,ECG AI,Critical Signal Loss (Flatline) (Loss: 0.00),High
2026-01-07 13:18:44,Physical Anomaly,ECG AI,Critical Signal Loss (Flatline) (Loss: 0.00),High
2026-01-07 13:18:45,Physical Anomaly,ECG AI,Critical Signal Loss (Flatline) (Loss: 0.00),High
2026-01-07 13:18:45,Physical Anomaly,ECG AI,Critical Signal Loss (Flatline) (Loss: 0.00),High
2026-01-07 13:18:45,Physical Anomaly,ECG AI,Critical Signal Loss (Flatline) (Loss: 0.00),High
2026-01-07 13:18:45,Physical Anomaly,ECG AI,Critical Signal Loss (Flatline) (Loss: 0.00),High
2026-01-07 13:18:45,Physical Anomaly,ECG AI,Critical Signal Loss (Flatline) (Loss: 0.00),High
2026-01-07 13:18:45,Physical Anomaly,ECG AI,Critical Signal Loss (Flatline) (Loss: 0.00),High
2026-01-07 13:18:45,Physical Anomaly,ECG AI,Critical Signal Loss (Flatline) (Loss: 0.00),High
2026-01-07 13:18:45,Physical Anomaly,ECG AI,Critical Signal Loss (Flatline) (Loss: 0.00),High
2026-01-07 13:18:45,Physical Anomaly,ECG AI,Critical Signal Loss (Flatline) (Loss: 0.00),High
2026-01-07 13:18:45,Physical Anomaly,ECG AI,Critical Signal Loss (Flatline) (Loss: 0.00),High
2026-01-07 13:18:45,Physical Anomaly,ECG AI,Critical Signal Loss (Flatline) (Loss: 0.00),High
2026-01-07 13:18:46,Physical Anomaly,ECG AI,Critical Signal Loss (Flatline) (Loss: 0.00),High
2026-01-07 13:18:46,Physical Anomaly,ECG AI,Critical Signal Loss (Flatline) (Loss: 0.00),High
2026-01-07 13:18:46,Physical Anomaly,ECG AI,Critical Signal Loss (Flatline) (Loss: 0.00),High
2026-01-07 13:18:46,Physical Anomaly,ECG AI,Critical Signal Loss (Flatline) (Loss: 0.00),High
2026-01-07 13:18:46,Physical Anomaly,ECG AI,Critical Signal Loss (Flatline) (Loss: 0.00),High
2026-01-07 13:18:46,Physical Anomaly,ECG AI,Critical Signal Loss (Flatline) (Loss: 0.00),High
2026-01-07 13:18:46,Physical Anomaly,ECG AI,Critical Signal Loss (Flatline) (Loss: 0.00),High
2026-01-07 13:18:46,Physical Anomaly,ECG AI,Critical Signal Loss (Flatline) (Loss: 0.00),High
2026-01-07 13:18:46,Physical Anomaly,ECG AI,Critical Signal Loss (Flatline) (Loss: 0.00),High
2026-01-07 13:18:46,Physical Anomaly,ECG AI,Critical Signal Loss (Flatline) (Loss: 0.00),High
2026-01-07 13:18:46,Physical Anomaly,ECG AI,Critical Signal Loss (Flatline) (Loss: 0.00),High
2026-01-07 13:18:47,Physical Anomaly,ECG AI,Critical Signal Loss (Flatline) (Loss: 0.00),High
2026-01-07 13:18:47,Physical Anomaly,ECG AI,Critical Signal Loss (Flatline) (Loss: 0.00),High
2026-01-07 13:18:47,Physical Anomaly,ECG AI,Critical Signal Loss (Flatline) (Loss: 0.00),High
2026-01-07 13:18:47,Physical Anomaly,ECG AI,Critical Signal Loss (Flatline) (Loss: 0.00),High
2026-01-07 13:18:47,Physical Anomaly,ECG AI,Critical Signal Loss (Flatline) (Loss: 0.00),High
2026-01-07 13:18:47,Physical Anomaly,ECG AI,Critical Signal Loss (Flatline) (Loss: 0.00),High
2026-01-07 13:18:47,Physical Anomaly,ECG AI,Critical Signal Loss (Flatline) (Loss: 0.00),High
2026-01-07 13:18:47,Physical Anomaly,ECG AI,Critical Signal Loss (Flatline) (Loss: 0.00),High
2026-01-07 13:18:47,Physical Anomaly,ECG AI,Critical Signal Loss (Flatline) (Loss: 0.00),High
2026-01-07 13:18:48,Physical Anomaly,ECG AI,Critical Signal Loss (Flatline) (Loss: 0.00),High
2026-01-07 13:18:48,Physical Anomaly,ECG AI,Critical Signal Loss (Flatline) (Loss: 0.00),High
2026-01-07 13:18:48,Physical Anomaly,ECG AI,Critical Signal Loss (Flatline) (Loss: 0.00),High
2026-01-07 13:18:48,Physical Anomaly,ECG AI,Critical Signal Loss (Flatline) (Loss: 0.00),High
2026-01-07 13:18:48,Physical Anomaly,ECG AI,Critical Signal Loss (Flatline) (Loss: 0.00),High
2026-01-07 13:18:48,Physical Anomaly,ECG AI,Critical Signal Loss (Flatline) (Loss: 0.00),High
2026-01-07 13:18:48,Physical Anomaly,ECG AI,Critical Signal Loss (Flatline) (Loss: 0.00),High
2026-01-07 13:18:48,Physical Anomaly,ECG AI,Critical Signal Loss (Flatline) (Loss: 0.00),High
2026-01-07 13:18:48,Physical Anomaly,ECG AI,Critical Signal Loss (Flatline) (Loss: 0.00),High
2026-01-07 13:18:48,Physical Anomaly,ECG AI,Critical Signal Loss (Flatline) (Loss: 0.00),High
2026-01-07 13:18:48,Physical Anomaly,ECG AI,Critical Signal Loss (Flatline) (Loss: 0.00),High
2026-01-07 13:18:48,Physical Anomaly,ECG AI,Critical Signal Loss (Flatline) (Loss: 0.00),High
2026-01-07 13:18:49,Physical Anomaly,ECG AI,Critical Signal Loss (Flatline) (Loss: 0.00),High
2026-01-07 13:18:49,Physical Anomaly,ECG AI,Critical Signal Loss (Flatline) (Loss: 0.00),High
2026-01-07 13:18:49,Physical Anomaly,ECG AI,Critical Signal Loss (Flatline) (Loss: 0.00),High
2026-01-07 13:18:49,Physical Anomaly,ECG AI,Critical Signal Loss (Flatline) (Loss: 0.00),High
2026-01-07 13:18:49,Physical Anomaly,ECG AI,Critical Signal Loss (Flatline) (Loss: 0.00),High
2026-01-07 13:18:49,Physical Anomaly,ECG AI,Critical Signal Loss (Flatline) (Loss: 0.00),High
2026-01-07 13:18:49,Physical Anomaly,ECG AI,Critical Signal Loss (Flatline) (Loss: 0.00),High
2026-01-07 13:18:49,Physical Anomaly,ECG AI,Critical Signal Loss (Flatline) (Loss: 0.00),High
2026-01-07 13:18:49,Physical Anomaly,ECG AI,Critical Signal Loss (Flatline) (Loss: 0.00),High
2026-01-07 13:18:49,Physical Anomaly,ECG AI,Critical Signal Loss (Flatline) (Loss: 0.00),High
2026-01-07 13:18:49,Physical Anomaly,ECG AI,Critical Signal Loss (Flatline) (Loss: 0.00),High
2026-01-07 13:18:50,Physical Anomaly,ECG AI,Critical Signal Loss (Flatline) (Loss: 0.00),High
2026-01-07 13:18:50,Physical Anomaly,ECG AI,Critical Signal Loss (Flatline) (Loss: 0.00),High
2026-01-07 13:18:50,Physical Anomaly,ECG AI,Critical Signal Loss (Flatline) (Loss: 0.00),High
2026-01-07 13:18:50,Physical Anomaly,ECG AI,Critical Signal Loss (Flatline) (Loss: 0.00),High
2026-01-07 13:18:50,Physical Anomaly,ECG AI,Critical Signal Loss (Flatline) (Loss: 0.00),High
2026-01-07 13:18:50,Physical Anomaly,ECG AI,Critical Signal Loss (Flatline) (Loss: 0.00),High
2026-01-07 13:18:50,Physical Anomaly,ECG AI,Critical Signal Loss (Flatline) (Loss: 0.00),High
2026-01-07 13:18:50,Physical Anomaly,ECG AI,Critical Signal Loss (Flatline) (Loss: 0.00),High
2026-01-07 13:18:50,Physical Anomaly,ECG AI,Critical Signal Loss (Flatline) (Loss: 0.00),High
2026-01-07 13:18:50,Physical Anomaly,ECG AI,Critical Signal Loss (Flatline) (Loss: 0.00),High
2026-01-07 13:18:50,Physical Anomaly,ECG AI,Critical Signal Loss (Flatline) (Loss: 0.00),High
2026-01-07 13:18:50,Physical Anomaly,ECG AI,Critical Signal Loss (Flatline) (Loss: 0.00),High
2026-01-07 13:18:50,Physical Anomaly,ECG AI,Critical Signal Loss (Flatline) (Loss: 0.00),High
2026-01-07 13:18:51,Physical Anomaly,ECG AI,Critical Signal Loss (Flatline) (Loss: 0.00),High
2026-01-07 13:18:51,Physical Anomaly,ECG AI,Critical Signal Loss (Flatline) (Loss: 0.00),High
2026-01-07 13:18:51,Physical Anomaly,ECG AI,Critical Signal Loss (Flatline) (Loss: 0.00),High
2026-01-07 13:18:51,Physical Anomaly,ECG AI,Critical Signal Loss (Flatline) (Loss: 0.00),High
2026-01-07 13:18:51,Physical Anomaly,ECG AI,Critical Signal Loss (Flatline) (Loss: 0.00),High
2026-01-07 13:18:51,Physical Anomaly,ECG AI,Critical Signal Loss (Flatline) (Loss: 0.00),High
2026-01-07 13:18:51,Physical Anomaly,ECG AI,Critical Signal Loss (Flatline) (Loss: 0.00),High
2026-01-07 13:18:51,Physical Anomaly,ECG AI,Critical Signal Loss (Flatline) (Loss: 0.00),High
2026-01-07 13:18:51,Physical Anomaly,ECG AI,Critical Signal Loss (Flatline) (Loss: 0.00),High
2026-01-07 13:18:51,Physical Anomaly,ECG AI,Critical Signal Loss (Flatline) (Loss: 0.00),High
2026-01-07 13:18:51,Physical Anomaly,ECG AI,Critical Signal Loss (Flatline) (Loss: 0.00),High
2026-01-07 13:18:52,Physical Anomaly,ECG AI,Critical Signal Loss (Flatline) (Loss: 0.00),High
2026-01-07 13:18:52,Physical Anomaly,ECG AI,Critical Signal Loss (Flatline) (Loss: 0.00),High
2026-01-07 13:18:52,Physical Anomaly,ECG AI,Critical Signal Loss (Flatline) (Loss: 0.00),High
2026-01-07 13:18:52,Physical Anomaly,ECG AI,Critical Signal Loss (Flatline) (Loss: 0.00),High
2026-01-07 13:18:52,Physical Anomaly,ECG AI,Critical Signal Loss (Flatline) (Loss: 0.00),High
2026-01-07 13:18:52,Physical Anomaly,ECG AI,Critical Signal Loss (Flatline) (Loss: 0.00),High
2026-01-07 13:18:52,Physical Anomaly,ECG AI,Critical Signal Loss (Flatline) (Loss: 0.00),High
2026-01-07 13:18:52,Physical Anomaly,ECG AI,Critical Signal Loss (Flatline) (Loss: 0.00),High
2026-01-07 13:18:52,Physical Anomaly,ECG AI,Critical Signal Loss (Flatline) (Loss: 0.00),High
2026-01-07 13:18:52,Physical Anomaly,ECG AI,Critical Signal Loss (Flatline) (Loss: 0.00),High
2026-01-07 13:18:52,Physical Anomaly,ECG AI,Critical Signal Loss (Flatline) (Loss: 0.00),High
2026-01-07 13:18:53,Physical Anomaly,ECG AI,Critical Signal Loss (Flatline) (Loss: 0.00),High
2026-01-07 13:18:53,Physical Anomaly,ECG AI,Critical Signal Loss (Flatline) (Loss: 0.00),High
2026-01-07 13:18:53,Physical Anomaly,ECG AI,Critical Signal Loss (Flatline) (Loss: 0.00),High
2026-01-07 13:18:53,Physical Anomaly,ECG AI,Critical Signal Loss (Flatline) (Loss: 0.00),High
2026-01-07 13:18:53,Physical Anomaly,ECG AI,Critical Signal Loss (Flatline) (Loss: 0.00),High
2026-01-07 13:18:53,Physical Anomaly,ECG AI,Critical Signal Loss (Flatline) (Loss: 0.00),High
2026-01-07 13:18:53,Physical Anomaly,ECG AI,Critical Signal Loss (Flatline) (Loss: 0.00),High
2026-01-07 13:18:53,Physical Anomaly,ECG AI,Critical Signal Loss (Flatline) (Loss: 0.00),High
2026-01-07 13:18:53,Physical Anomaly,ECG AI,Critical Signal Loss (Flatline) (Loss: 0.00),High
2026-01-07 13:18:53,Physical Anomaly,ECG AI,Critical Signal Loss (Flatline) (Loss: 0.00),High
2026-01-07 13:18:53,Physical Anomaly,ECG AI,Critical Signal Loss (Flatline) (Loss: 0.00),High
2026-01-07 13:18:53,Physical Anomaly,ECG AI,Critical Signal Loss (Flatline) (Loss: 0.00),High
2026-01-07 13:18:53,Physical Anomaly,ECG AI,Critical Signal Loss (Flatline) (Loss: 0.00),High
2026-01-07 13:18:53,Physical Anomaly,ECG AI,Critical Signal Loss (Flatline) (Loss: 0.00),High
2026-01-07 13:18:53,Physical Anomaly,ECG AI,Critical Signal Loss (Flatline) (Loss: 0.00),High
2026-01-07 13:18:53,Physical Anomaly,ECG AI,Critical Signal Loss (Flatline) (Loss: 0.00),High
2026-01-07 13:18:53,Physical Anomaly,ECG AI,Critical Signal Loss (Flatline) (Loss: 0.00),High
2026-01-07 13:18:54,Physical Anomaly,ECG AI,Critical Signal Loss (Flatline) (Loss: 0.00),High
2026-01-07 13:18:54,Physical Anomaly,ECG AI,Critical Signal Loss (Flatline) (Loss: 0.00),High
2026-01-07 13:18:54,Physical Anomaly,ECG AI,Critical Signal Loss (Flatline) (Loss: 0.00),High
2026-01-07 13:18:54,Physical Anomaly,ECG AI,Critical Signal Loss (Flatline) (Loss: 0.00),High
2026-01-07 13:18:54,Physical Anomaly,ECG AI,Critical Signal Loss (Flatline) (Loss: 0.00),High
2026-01-07 13:18:54,Physical Anomaly,ECG AI,Critical Signal Loss (Flatline) (Loss: 0.00),High
2026-01-07 13:18:54,Physical Anomaly,ECG AI,Critical Signal Loss (Flatline) (Loss: 0.00),High
2026-01-07 13:18:54,Physical Anomaly,ECG AI,Critical Signal Loss (Flatline) (Loss: 0.00),High
2026-01-07 13:18:54,Physical Anomaly,ECG AI,Critical Signal Loss (Flatline) (Loss: 0.00),High
2026-01-07 13:18:54,Physical Anomaly,ECG AI,Critical Signal Loss (Flatline) (Loss: 0.00),High
2026-01-07 13:18:55,Physical Anomaly,ECG AI,Critical Signal Loss (Flatline) (Loss: 0.00),High
2026-01-07 13:18:55,Physical Anomaly,ECG AI,Critical Signal Loss (Flatline) (Loss: 0.00),High
2026-01-07 13:18:55,Physical Anomaly,ECG AI,Critical Signal Loss (Flatline) (Loss: 0.00),High
2026-01-07 13:18:55,Physical Anomaly,ECG AI,Critical Signal Loss (Flatline) (Loss: 0.00),High
2026-01-07 13:18:55,Physical Anomaly,ECG AI,Critical Signal Loss (Flatline) (Loss: 0.00),High
2026-01-07 13:18:55,Physical Anomaly,ECG AI,Critical Signal Loss (Flatline) (Loss: 0.00),High
2026-01-07 13:18:55,Physical Anomaly,ECG AI,Critical Signal Loss (Flatline) (Loss: 0.00),High
2026-01-07 13:18:55,Physical Anomaly,ECG AI,Critical Signal Loss (Flatline) (Loss: 0.00),High
2026-01-07 13:18:55,Physical Anomaly,ECG AI,Critical Signal Loss (Flatline) (Loss: 0.00),High
2026-01-07 13:18:55,Physical Anomaly,ECG AI,Critical Signal Loss (Flatline) (Loss: 0.00),High
2026-01-07 13:18:55,Physical Anomaly,ECG AI,Critical Signal Loss (Flatline) (Loss: 0.00),High
2026-01-07 13:18:56,Physical Anomaly,ECG AI,Critical Signal Loss (Flatline) (Loss: 0.00),High
2026-01-07 13:18:56,Physical Anomaly,ECG AI,Critical Signal Loss (Flatline) (Loss: 0.00),High
2026-01-07 13:18:56,Physical Anomaly,ECG AI,Critical Signal Loss (Flatline) (Loss: 0.00),High
2026-01-07 13:18:56,Physical Anomaly,ECG AI,Critical Signal Loss (Flatline) (Loss: 0.00),High
2026-01-07 13:18:56,Physical Anomaly,ECG AI,Critical Signal Loss (Flatline) (Loss: 0.00),High
2026-01-07 13:18:56,Physical Anomaly,ECG AI,Critical Signal Loss (Flatline) (Loss: 0.00),High
2026-01-07 13:18:56,Physical Anomaly,ECG AI,Critical Signal Loss (Flatline) (Loss: 0.00),High
2026-01-07 13:18:56,Physical Anomaly,ECG AI,Critical Signal Loss (Flatline) (Loss: 0.00),High
2026-01-07 13:18:56,Physical Anomaly,ECG AI,Critical Signal Loss (Flatline) (Loss: 0.00),High
2026-01-07 13:18:56,Physical Anomaly,ECG AI,Critical Signal Loss (Flatline) (Loss: 0.00),High
2026-01-07 13:18:56,Physical Anomaly,ECG AI,Critical Signal Loss (Flatline) (Loss: 0.00),High
2026-01-07 13:18:57,Physical Anomaly,ECG AI,Critical Signal Loss (Flatline) (Loss: 0.00),High
2026-01-07 13:18:57,Physical Anomaly,ECG AI,Critical Signal Loss (Flatline) (Loss: 0.00),High
2026-01-07 13:18:57,Physical Anomaly,ECG AI,Critical Signal Loss (Flatline) (Loss: 0.00),High
2026-01-07 13:18:57,Physical Anomaly,ECG AI,Critical Signal Loss (Flatline) (Loss: 0.00),High
2026-01-07 13:18:57,Physical Anomaly,ECG AI,Critical Signal Loss (Flatline) (Loss: 0.00),High
2026-01-07 13:18:57,Physical Anomaly,ECG AI,Critical Signal Loss (Flatline) (Loss: 0.00),High
2026-01-07 13:18:57,Physical Anomaly,ECG AI,Critical Signal Loss (Flatline) (Loss: 0.00),High
2026-01-07 13:18:57,Physical Anomaly,ECG AI,Critical Signal Loss (Flatline) (Loss: 0.00),High
2026-01-07 13:18:57,Physical Anomaly,ECG AI,Critical Signal Loss (Flatline) (Loss: 0.00),High
2026-01-07 13:18:57,Physical Anomaly,ECG AI,Critical Signal Loss (Flatline) (Loss: 0.00),High
2026-01-07 13:18:57,Physical Anomaly,ECG AI,Critical Signal Loss (Flatline) (Loss: 0.00),High
2026-01-07 13:18:57,Physical Anomaly,ECG AI,Critical Signal Loss (Flatline) (Loss: 0.00),High
2026-01-07 13:18:57,Physical Anomaly,ECG AI,Critical Signal Loss (Flatline) (Loss: 0.00),High
2026-01-07 13:18:58,Physical Anomaly,ECG AI,Critical Signal Loss (Flatline) (Loss: 0.00),High
2026-01-07 13:18:58,Physical Anomaly,ECG AI,Critical Signal Loss (Flatline) (Loss: 0.00),High
2026-01-07 13:18:58,Physical Anomaly,ECG AI,Critical Signal Loss (Flatline) (Loss: 0.00),High
2026-01-07 13:18:58,Physical Anomaly,ECG AI,Critical Signal Loss (Flatline) (Loss: 0.00),High
2026-01-07 13:18:58,Physical Anomaly,ECG AI,Critical Signal Loss (Flatline) (Loss: 0.00),High
2026-01-07 13:18:58,Physical Anomaly,ECG AI,Critical Signal Loss (Flatline) (Loss: 0.00),High
2026-01-07 13:18:58,Physical Anomaly,ECG AI,Critical Signal Loss (Flatline) (Loss: 0.00),High
2026-01-07 13:18:58,Physical Anomaly,ECG AI,Critical Signal Loss (Flatline) (Loss: 0.00),High
2026-01-07 13:18:58,Physical Anomaly,ECG AI,Critical Signal Loss (Flatline) (Loss: 0.00),High
2026-01-07 13:18:59,Physical Anomaly,ECG AI,Critical Signal Loss (Flatline) (Loss: 0.00),High
2026-01-07 13:18:59,Physical Anomaly,ECG AI,Critical Signal Loss (Flatline) (Loss: 0.00),High
2026-01-07 13:18:59,Physical Anomaly,ECG AI,Critical Signal Loss (Flatline) (Loss: 0.00),High
2026-01-07 13:18:59,Physical Anomaly,ECG AI,Critical Signal Loss (Flatline) (Loss: 0.00),High
2026-01-07 13:18:59,Physical Anomaly,ECG AI,Critical Signal Loss (Flatline) (Loss: 0.00),High
2026-01-07 13:18:59,Physical Anomaly,ECG AI,Critical Signal Loss (Flatline) (Loss: 0.00),High
2026-01-07 13:18:59,Physical Anomaly,ECG AI,Critical Signal Loss (Flatline) (Loss: 0.00),High
2026-01-07 13:18:59,Physical Anomaly,ECG AI,Critical Signal Loss (Flatline) (Loss: 0.00),High
2026-01-07 13:18:59,Physical Anomaly,ECG AI,Critical Signal Loss (Flatline) (Loss: 0.00),High
2026-01-07 13:18:59,Physical Anomaly,ECG AI,Critical Signal Loss (Flatline) (Loss: 0.00),High
2026-01-07 13:18:59,Physical Anomaly,ECG AI,Critical Signal Loss (Flatline) (Loss: 0.00),High
2026-01-07 13:18:59,Physical Anomaly,ECG AI,Critical Signal Loss (Flatline) (Loss: 0.00),High
2026-01-07 13:18:59,Physical Anomaly,ECG AI,Critical Signal Loss (Flatline) (Loss: 0.00),High
2026-01-07 13:18:59,Physical Anomaly,ECG AI,Critical Signal Loss (Flatline) (Loss: 0.00),High
2026-01-07 13:19:00,Physical Anomaly,ECG AI,Critical Signal Loss (Flatline) (Loss: 0.00),High
2026-01-07 13:19:00,Physical Anomaly,ECG AI,Critical Signal Loss (Flatline) (Loss: 0.00),High
2026-01-07 13:19:00,Physical Anomaly,ECG AI,Critical Signal Loss (Flatline) (Loss: 0.00),High
2026-01-07 13:19:00,Physical Anomaly,ECG AI,Critical Signal Loss (Flatline) (Loss: 0.00),High
2026-01-07 13:19:00,Physical Anomaly,ECG AI,Critical Signal Loss (Flatline) (Loss: 0.00),High
2026-01-07 13:19:00,Physical Anomaly,ECG AI,Critical Signal Loss (Flatline) (Loss: 0.00),High
2026-01-07 13:19:00,Physical Anomaly,ECG AI,Critical Signal Loss (Flatline) (Loss: 0.00),High
2026-01-07 13:19:00,Physical Anomaly,ECG AI,Critical Signal Loss (Flatline) (Loss: 0.00),High
2026-01-07 13:19:00,Physical Anomaly,ECG AI,Critical Signal Loss (Flatline) (Loss: 0.00),High
2026-01-07 13:19:01,Physical Anomaly,ECG AI,Critical Signal Loss (Flatline) (Loss: 0.00),High
2026-01-07 13:19:01,Physical Anomaly,ECG AI,Critical Signal Loss (Flatline) (Loss: 0.00),High
2026-01-07 13:19:01,Physical Anomaly,ECG AI,Critical Signal Loss (Flatline) (Loss: 0.00),High
2026-01-07 13:19:01,Physical Anomaly,ECG AI,Critical Signal Loss (Flatline) (Loss: 0.00),High
2026-01-07 13:19:01,Physical Anomaly,ECG AI,Critical Signal Loss (Flatline) (Loss: 0.00),High
2026-01-07 13:19:01,Physical Anomaly,ECG AI,Critical Signal Loss (Flatline) (Loss: 0.00),High
2026-01-07 13:19:01,Physical Anomaly,ECG AI,Critical Signal Loss (Flatline) (Loss: 0.00),High
2026-01-07 13:19:01,Physical Anomaly,ECG AI,Critical Signal Loss (Flatline) (Loss: 0.00),High
2026-01-07 13:19:01,Physical Anomaly,ECG AI,Critical Signal Loss (Flatline) (Loss: 0.00),High
2026-01-07 13:19:01,Physical Anomaly,ECG AI,Critical Signal Loss (Flatline) (Loss: 0.00),High
2026-01-07 13:19:01,Physical Anomaly,ECG AI,Critical Signal Loss (Flatline) (Loss: 0.00),High
2026-01-07 13:19:01,Physical Anomaly,ECG AI,Critical Signal Loss (Flatline) (Loss: 0.00),High
2026-01-07 13:19:01,Physical Anomaly,ECG AI,Critical Signal Loss (Flatline) (Loss: 0.00),High
2026-01-07 13:19:01,Physical Anomaly,ECG AI,Critical Signal Loss (Flatline) (Loss: 0.00),High
2026-01-07 13:19:02,Physical Anomaly,ECG AI,Critical Signal Loss (Flatline) (Loss: 0.00),High
2026-01-07 13:19:02,Physical Anomaly,ECG AI,Critical Signal Loss (Flatline) (Loss: 0.00),High
2026-01-07 13:19:02,Physical Anomaly,ECG AI,Critical Signal Loss (Flatline) (Loss: 0.00),High
2026-01-07 13:19:02,Physical Anomaly,ECG AI,Critical Signal Loss (Flatline) (Loss: 0.00),High
2026-01-07 13:19:02,Physical Anomaly,ECG AI,Critical Signal Loss (Flatline) (Loss: 0.00),High
2026-01-07 13:19:02,Physical Anomaly,ECG AI,Critical Signal Loss (Flatline) (Loss: 0.00),High
2026-01-07 13:19:02,Physical Anomaly,ECG AI,Critical Signal Loss (Flatline) (Loss: 0.00),High
2026-01-07 13:19:02,Physical Anomaly,ECG AI,Critical Signal Loss (Flatline) (Loss: 0.00),High
2026-01-07 13:19:02,Physical Anomaly,ECG AI,Critical Signal Loss (Flatline) (Loss: 0.00),High
2026-01-07 13:19:02,Physical Anomaly,ECG AI,Critical Signal Loss (Flatline) (Loss: 0.00),High
2026-01-07 13:19:02,Physical Anomaly,ECG AI,Critical Signal Loss (Flatline) (Loss: 0.00),High
2026-01-07 13:19:02,Physical Anomaly,ECG AI,Critical Signal Loss (Flatline) (Loss: 0.00),High
2026-01-07 13:19:02,Physical Anomaly,ECG AI,Critical Signal Loss (Flatline) (Loss: 0.00),High
2026-01-07 13:19:03,Physical Anomaly,ECG AI,Critical Signal Loss (Flatline) (Loss: 0.00),High
2026-01-07 13:19:03,Physical Anomaly,ECG AI,Critical Signal Loss (Flatline) (Loss: 0.00),High
2026-01-07 13:19:03,Physical Anomaly,ECG AI,Critical Signal Loss (Flatline) (Loss: 0.00),High
2026-01-07 13:19:03,Physical Anomaly,ECG AI,Critical Signal Loss (Flatline) (Loss: 0.00),High
2026-01-07 13:19:03,Physical Anomaly,ECG AI,Critical Signal Loss (Flatline) (Loss: 0.00),High
2026-01-07 13:19:03,Physical Anomaly,ECG AI,Critical Signal Loss (Flatline) (Loss: 0.00),High
2026-01-07 13:19:03,Physical Anomaly,ECG AI,Critical Signal Loss (Flatline) (Loss: 0.00),High
2026-01-07 13:19:03,Physical Anomaly,ECG AI,Critical Signal Loss (Flatline) (Loss: 0.00),High
2026-01-07 13:19:03,Physical Anomaly,ECG AI,Critical Signal Loss (Flatline) (Loss: 0.00),High
2026-01-07 13:19:04,Physical Anomaly,ECG AI,Critical Signal Loss (Flatline) (Loss: 0.00),High
2026-01-07 13:19:04,Physical Anomaly,ECG AI,Critical Signal Loss (Flatline) (Loss: 0.00),High
2026-01-07 13:19:04,Physical Anomaly,ECG AI,Critical Signal Loss (Flatline) (Loss: 0.00),High
2026-01-07 13:19:04,Physical Anomaly,ECG AI,Critical Signal Loss (Flatline) (Loss: 0.00),High
2026-01-07 13:19:04,Physical Anomaly,ECG AI,Critical Signal Loss (Flatline) (Loss: 0.00),High
2026-01-07 13:19:04,Physical Anomaly,ECG AI,Critical Signal Loss (Flatline) (Loss: 0.00),High
2026-01-07 13:19:04,Physical Anomaly,ECG AI,Critical Signal Loss (Flatline) (Loss: 0.00),High
2026-01-07 13:19:04,Physical Anomaly,ECG AI,Critical Signal Loss (Flatline) (Loss: 0.00),High
2026-01-07 13:19:04,Physical Anomaly,ECG AI,Critical Signal Loss (Flatline) (Loss: 0.00),High
2026-01-07 13:19:04,Physical Anomaly,ECG AI,Critical Signal Loss (Flatline) (Loss: 0.00),High
2026-01-07 13:19:04,Physical Anomaly,ECG AI,Critical Signal Loss (Flatline) (Loss: 0.00),High
2026-01-07 13:19:04,Physical Anomaly,ECG AI,Critical Signal Loss (Flatline) (Loss: 0.00),High
2026-01-07 13:19:04,Physical Anomaly,ECG AI,Critical Signal Loss (Flatline) (Loss: 0.00),High
2026-01-07 13:19:04,Physical Anomaly,ECG AI,Critical Signal Loss (Flatline) (Loss: 0.00),High
2026-01-07 13:19:04,Physical Anomaly,ECG AI,Critical Signal Loss (Flatline) (Loss: 0.00),High
2026-01-07 13:19:05,Physical Anomaly,ECG AI,Critical Signal Loss (Flatline) (Loss: 0.00),High
2026-01-07 13:19:05,Physical Anomaly,ECG AI,Critical Signal Loss (Flatline) (Loss: 0.00),High
2026-01-07 13:19:05,Physical Anomaly,ECG AI,Critical Signal Loss (Flatline) (Loss: 0.00),High
2026-01-07 13:19:05,Physical Anomaly,ECG AI,Critical Signal Loss (Flatline) (Loss: 0.00),High
2026-01-07 13:19:05,Physical Anomaly,ECG AI,Critical Signal Loss (Flatline) (Loss: 0.00),High
2026-01-07 13:19:05,Physical Anomaly,ECG AI,Critical Signal Loss (Flatline) (Loss: 0.00),High
2026-01-07 13:19:05,Physical Anomaly,ECG AI,Critical Signal Loss (Flatline) (Loss: 0.00),High
2026-01-07 13:19:05,Physical Anomaly,ECG AI,Critical Signal Loss (Flatline) (Loss: 0.00),High
2026-01-07 13:19:05,Physical Anomaly,ECG AI,Critical Signal Loss (Flatline) (Loss: 0.00),High
2026-01-07 13:19:05,Physical Anomaly,ECG AI,Critical Signal Loss (Flatline) (Loss: 0.00),High
2026-01-07 13:19:06,Physical Anomaly,ECG AI,Critical Signal Loss (Flatline) (Loss: 0.00),High
2026-01-07 13:19:06,Physical Anomaly,ECG AI,Critical Signal Loss (Flatline) (Loss: 0.00),High
2026-01-07 13:19:06,Physical Anomaly,ECG AI,Critical Signal Loss (Flatline) (Loss: 0.00),High
2026-01-07 13:19:06,Physical Anomaly,ECG AI,Critical Signal Loss (Flatline) (Loss: 0.00),High
2026-01-07 13:19:06,Physical Anomaly,ECG AI,Critical Signal Loss (Flatline) (Loss: 0.00),High
2026-01-07 13:19:06,Physical Anomaly,ECG AI,Critical Signal Loss (Flatline) (Loss: 0.00),High
2026-01-07 13:19:06,Physical Anomaly,ECG AI,Critical Signal Loss (Flatline) (Loss: 0.00),High
2026-01-07 13:19:06,Physical Anomaly,ECG AI,Critical Signal Loss (Flatline) (Loss: 0.00),High
2026-01-07 13:19:06,Physical Anomaly,ECG AI,Critical Signal Loss (Flatline) (Loss: 0.00),High
2026-01-07 13:19:06,Physical Anomaly,ECG AI,Critical Signal Loss (Flatline) (Loss: 0.00),High
2026-01-07 13:19:06,Physical Anomaly,ECG AI,Critical Signal Loss (Flatline) (Loss: 0.00),High
2026-01-07 13:19:06,Physical Anomaly,ECG AI,Critical Signal Loss (Flatline) (Loss: 0.00),High
2026-01-07 13:19:06,Physical Anomaly,ECG AI,Critical Signal Loss (Flatline) (Loss: 0.00),High
2026-01-07 13:19:06,Physical Anomaly,ECG AI,Critical Signal Loss (Flatline) (Loss: 0.00),High
2026-01-07 13:19:07,Physical Anomaly,ECG AI,Critical Signal Loss (Flatline) (Loss: 0.00),High
2026-01-07 13:19:07,Physical Anomaly,ECG AI,Critical Signal Loss (Flatline) (Loss: 0.00),High
2026-01-07 13:19:07,Physical Anomaly,ECG AI,Critical Signal Loss (Flatline) (Loss: 0.00),High
2026-01-07 13:19:07,Physical Anomaly,ECG AI,Critical Signal Loss (Flatline) (Loss: 0.00),High
2026-01-07 13:19:07,Physical Anomaly,ECG AI,Critical Signal Loss (Flatline) (Loss: 0.00),High
2026-01-07 13:19:07,Physical Anomaly,ECG AI,Critical Signal Loss (Flatline) (Loss: 0.00),High
2026-01-07 13:19:07,Physical Anomaly,ECG AI,Critical Signal Loss (Flatline) (Loss: 0.00),High
2026-01-07 13:19:07,Physical Anomaly,ECG AI,Critical Signal Loss (Flatline) (Loss: 0.00),High
2026-01-07 13:19:08,Physical Anomaly,ECG AI,Critical Signal Loss (Flatline) (Loss: 0.00),High
2026-01-07 13:19:08,Physical Anomaly,ECG AI,Critical Signal Loss (Flatline) (Loss: 0.00),High
2026-01-07 13:19:08,Physical Anomaly,ECG AI,Critical Signal Loss (Flatline) (Loss: 0.00),High
2026-01-07 13:19:08,Physical Anomaly,ECG AI,Critical Signal Loss (Flatline) (Loss: 0.00),High
2026-01-07 13:19:08,Physical Anomaly,ECG AI,Critical Signal Loss (Flatline) (Loss: 0.00),High
2026-01-07 13:19:08,Physical Anomaly,ECG AI,Critical Signal Loss (Flatline) (Loss: 0.00),High
2026-01-07 13:19:08,Physical Anomaly,ECG AI,Critical Signal Loss (Flatline) (Loss: 0.00),High
2026-01-07 13:19:08,Physical Anomaly,ECG AI,Critical Signal Loss (Flatline) (Loss: 0.00),High
2026-01-07 13:19:08,Physical Anomaly,ECG AI,Critical Signal Loss (Flatline) (Loss: 0.00),High
2026-01-07 13:19:08,Physical Anomaly,ECG AI,Critical Signal Loss (Flatline) (Loss: 0.00),High
2026-01-07 13:19:08,Physical Anomaly,ECG AI,Critical Signal Loss (Flatline) (Loss: 0.00),High
2026-01-07 13:19:08,Physical Anomaly,ECG AI,Critical Signal Loss (Flatline) (Loss: 0.00),High
2026-01-07 13:19:08,Physical Anomaly,ECG AI,Critical Signal Loss (Flatline) (Loss: 0.00),High
2026-01-07 13:19:08,Physical Anomaly,ECG AI,Critical Signal Loss (Flatline) (Loss: 0.00),High
2026-01-07 13:19:09,Physical Anomaly,ECG AI,Critical Signal Loss (Flatline) (Loss: 0.00),High
2026-01-07 13:19:09,Physical Anomaly,ECG AI,Critical Signal Loss (Flatline) (Loss: 0.00),High
2026-01-07 13:19:09,Physical Anomaly,ECG AI,Critical Signal Loss (Flatline) (Loss: 0.00),High
2026-01-07 13:19:09,Physical Anomaly,ECG AI,Critical Signal Loss (Flatline) (Loss: 0.00),High
2026-01-07 13:19:09,Physical Anomaly,ECG AI,Critical Signal Loss (Flatline) (Loss: 0.00),High
2026-01-07 13:19:09,Physical Anomaly,ECG AI,Critical Signal Loss (Flatline) (Loss: 0.00),High
2026-01-07 13:19:09,Physical Anomaly,ECG AI,Critical Signal Loss (Flatline) (Loss: 0.00),High
2026-01-07 13:19:10,Physical Anomaly,ECG AI,Critical Signal Loss (Flatline) (Loss: 0.00),High
2026-01-07 13:19:10,Physical Anomaly,ECG AI,Critical Signal Loss (Flatline) (Loss: 0.00),High
2026-01-07 13:19:10,Physical Anomaly,ECG AI,Critical Signal Loss (Flatline) (Loss: 0.00),High
2026-01-07 13:19:10,Physical Anomaly,ECG AI,Critical Signal Loss (Flatline) (Loss: 0.00),High
2026-01-07 13:19:10,Physical Anomaly,ECG AI,Critical Signal Loss (Flatline) (Loss: 0.00),High
2026-01-07 13:19:10,Cyber Attack,Network AI,Detected ARP Spoofing (40.2%),High
2026-01-07 13:19:10,Physical Anomaly,ECG AI,Critical Signal Loss (Flatline) (Loss: 0.01),High
2026-01-07 13:19:10,Physical Anomaly,ECG AI,Critical Signal Loss (Flatline) (Loss: 0.01),High
2026-01-07 13:19:10,Cyber Attack,Network AI,Detected ARP Spoofing (38.5%),High
2026-01-07 13:19:10,Cyber Attack,Network AI,Detected ARP Spoofing (40.2%),High
2026-01-07 13:19:10,Cyber Attack,Network AI,Detected ARP Spoofing (38.8%),High
2026-01-07 13:19:11,Cyber Attack,Network AI,Detected ARP Spoofing (40.2%),High
2026-01-07 13:19:11,Cyber Attack,Network AI,Detected ARP Spoofing (38.5%),High
2026-01-07 13:19:11,Cyber Attack,Network AI,Detected ARP Spoofing (38.8%),High
2026-01-07 13:19:11,Physical Anomaly,ECG AI,Rate Tampering (Tachycardia) (Loss: 0.10),High
2026-01-07 13:19:11,Cyber Attack,Network AI,Detected ARP Spoofing (38.8%),High
2026-01-07 13:19:11,Physical Anomaly,ECG AI,Rate Tampering (Tachycardia) (Loss: 0.08),High
2026-01-07 13:19:11,Cyber Attack,Network AI,Detected ARP Spoofing (38.9%),High
2026-01-07 13:19:11,Cyber Attack,Network AI,Detected ARP Spoofing (38.9%),High
2026-01-07 13:19:12,Physical Anomaly,ECG AI,Spoofing (High Noise) (Loss: 0.11),High
2026-01-07 13:19:12,Physical Anomaly,ECG AI,Spoofing (High Noise) (Loss: 0.11),High
2026-01-07 13:19:12,Cyber Attack,Network AI,Detected ARP Spoofing (38.8%),High
2026-01-07 13:19:12,Physical Anomaly,ECG AI,Spoofing (High Noise) (Loss: 0.11),High
2026-01-07 13:19:12,Physical Anomaly,ECG AI,Spoofing (High Noise) (Loss: 0.13),High
2026-01-07 13:19:12,Physical Anomaly,ECG AI,Spoofing (High Noise) (Loss: 0.14),High
2026-01-07 13:19:12,Cyber Attack,Network AI,Detected ARP Spoofing (40.2%),High
2026-01-07 13:19:12,Physical Anomaly,ECG AI,Spoofing (High Noise) (Loss: 0.13),High
2026-01-07 13:19:12,Physical Anomaly,ECG AI,Spoofing (High Noise) (Loss: 0.12),High
2026-01-07 13:19:12,Cyber Attack,Network AI,Detected ARP Spoofing (38.5%),High
2026-01-07 13:19:12,Physical Anomaly,ECG AI,Spoofing (High Noise) (Loss: 0.10),High
2026-01-07 13:19:12,Physical Anomaly,ECG AI,Spoofing (High Noise) (Loss: 0.11),High
2026-01-07 13:19:12,Physical Anomaly,ECG AI,Rate Tampering (Tachycardia) (Loss: 0.11),High
2026-01-07 13:19:12,Cyber Attack,Network AI,Detected ARP Spoofing (36.6%),High
2026-01-07 13:19:12,Physical Anomaly,ECG AI,Rate Tampering (Tachycardia) (Loss: 0.10),High
2026-01-07 13:19:12,Physical Anomaly,ECG AI,Rate Tampering (Tachycardia) (Loss: 0.10),High
2026-01-07 13:19:13,Cyber Attack,Network AI,Detected ARP Spoofing (40.2%),High
2026-01-07 13:19:13,Physical Anomaly,ECG AI,Rate Tampering (Tachycardia) (Loss: 0.10),High
2026-01-07 13:19:13,Physical Anomaly,ECG AI,Rate Tampering (Tachycardia) (Loss: 0.09),High
2026-01-07 13:19:13,Cyber Attack,Network AI,Detected ARP Spoofing (38.5%),High
2026-01-07 13:19:13,Physical Anomaly,ECG AI,Rate Tampering (Tachycardia) (Loss: 0.09),High
2026-01-07 13:19:13,Physical Anomaly,ECG AI,Rate Tampering (Tachycardia) (Loss: 0.09),High
2026-01-07 13:19:13,Physical Anomaly,ECG AI,Rate Tampering (Tachycardia) (Loss: 0.06),High
2026-01-07 13:19:13,Cyber Attack,Network AI,Detected ARP Spoofing (38.8%),High
2026-01-07 13:19:13,Physical Anomaly,ECG AI,Rate Tampering (Tachycardia) (Loss: 0.04),High
2026-01-07 13:19:13,Physical Anomaly,ECG AI,Rate Tampering (Tachycardia) (Loss: 0.05),High
2026-01-07 13:19:13,Cyber Attack,Network AI,Detected ARP Spoofing (38.8%),High
2026-01-07 13:19:13,Physical Anomaly,ECG AI,Rate Tampering (Tachycardia) (Loss: 0.04),High
2026-01-07 13:19:13,Physical Anomaly,ECG AI,Rate Tampering (Tachycardia) (Loss: 0.04),High
2026-01-07 13:19:13,Physical Anomaly,ECG AI,Rate Tampering (Tachycardia) (Loss: 0.04),High
2026-01-07 13:19:13,Cyber Attack,Network AI,Detected ARP Spoofing (40.2%),High
2026-01-07 13:19:13,Physical Anomaly,ECG AI,Rate Tampering (Tachycardia) (Loss: 0.04),High
2026-01-07 13:19:14,Physical Anomaly,ECG AI,Rate Tampering (Tachycardia) (Loss: 0.04),High
2026-01-07 13:19:14,Cyber Attack,Network AI,Detected ARP Spoofing (36.6%),High
2026-01-07 13:19:14,Physical Anomaly,ECG AI,Rate Tampering (Tachycardia) (Loss: 0.06),High
2026-01-07 13:19:14,Physical Anomaly,ECG AI,Rate Tampering (Tachycardia) (Loss: 0.07),High
2026-01-07 13:19:14,Physical Anomaly,ECG AI,Rate Tampering (Tachycardia) (Loss: 0.06),High
2026-01-07 13:19:14,Cyber Attack,Network AI,Detected ARP Spoofing (38.8%),High
2026-01-07 13:19:14,Physical Anomaly,ECG AI,Rate Tampering (Tachycardia) (Loss: 0.07),High
2026-01-07 13:19:14,Cyber Attack,Network AI,Detected ARP Spoofing (36.6%),High
2026-01-07 13:19:14,Cyber Attack,Network AI,Detected ARP Spoofing (38.9%),High
2026-01-07 13:19:14,Cyber Attack,Network AI,Detected ARP Spoofing (38.8%),High
2026-01-07 13:19:14,Physical Anomaly,ECG AI,Rate Tampering (Tachycardia) (Loss: 0.09),High
2026-01-07 13:19:15,Cyber Attack,Network AI,Detected ARP Spoofing (40.2%),High
2026-01-07 13:19:15,Physical Anomaly,ECG AI,Rate Tampering (Tachycardia) (Loss: 0.07),High
2026-01-07 13:19:15,Cyber Attack,Network AI,Detected ARP Spoofing (38.8%),High
2026-01-07 13:19:15,Physical Anomaly,ECG AI,Rate Tampering (Tachycardia) (Loss: 0.07),High
2026-01-07 13:19:15,Physical Anomaly,ECG AI,Rate Tampering (Tachycardia) (Loss: 0.07),High
2026-01-07 13:19:15,Cyber Attack,Network AI,Detected ARP Spoofing (40.2%),High
2026-01-07 13:19:15,Physical Anomaly,ECG AI,Rate Tampering (Tachycardia) (Loss: 0.07),High
2026-01-07 13:19:15,Physical Anomaly,ECG AI,Rate Tampering (Tachycardia) (Loss: 0.07),High
2026-01-07 13:19:15,Physical Anomaly,ECG AI,Rate Tampering (Tachycardia) (Loss: 0.10),High
2026-01-07 13:19:15,Cyber Attack,Network AI,Detected ARP Spoofing (38.8%),High
2026-01-07 13:19:15,Physical Anomaly,ECG AI,Rate Tampering (Tachycardia) (Loss: 0.11),High
2026-01-07 13:19:15,Physical Anomaly,ECG AI,Rate Tampering (Tachycardia) (Loss: 0.10),High
2026-01-07 13:19:15,Cyber Attack,Network AI,Detected ARP Spoofing (40.2%),High
2026-01-07 13:19:15,Physical Anomaly,ECG AI,Rate Tampering (Tachycardia) (Loss: 0.10),High
2026-01-07 13:19:15,Physical Anomaly,ECG AI,Rate Tampering (Tachycardia) (Loss: 0.10),High
2026-01-07 13:19:16,Physical Anomaly,ECG AI,Rate Tampering (Tachycardia) (Loss: 0.09),High
2026-01-07 13:19:16,Cyber Attack,Network AI,Detected ARP Spoofing (38.9%),High
2026-01-07 13:19:16,Physical Anomaly,ECG AI,Rate Tampering (Tachycardia) (Loss: 0.10),High
2026-01-07 13:19:16,Physical Anomaly,ECG AI,Rate Tampering (Tachycardia) (Loss: 0.10),High
2026-01-07 13:19:16,Cyber Attack,Network AI,Detected ARP Spoofing (40.2%),High
2026-01-07 13:19:16,Physical Anomaly,ECG AI,Rate Tampering (Tachycardia) (Loss: 0.10),High
2026-01-07 13:19:16,Physical Anomaly,ECG AI,Rate Tampering (Tachycardia) (Loss: 0.10),High
2026-01-07 13:19:16,Cyber Attack,Network AI,Detected ARP Spoofing (38.8%),High
2026-01-07 13:19:16,Physical Anomaly,ECG AI,Rate Tampering (Tachycardia) (Loss: 0.09),High
2026-01-07 13:19:16,Physical Anomaly,ECG AI,Rate Tampering (Tachycardia) (Loss: 0.09),High
2026-01-07 13:19:16,Physical Anomaly,ECG AI,Rate Tampering (Tachycardia) (Loss: 0.09),High
2026-01-07 13:19:16,Cyber Attack,Network AI,Detected ARP Spoofing (36.6%),High
2026-01-07 13:19:16,Physical Anomaly,ECG AI,Rate Tampering (Tachycardia) (Loss: 0.06),High
2026-01-07 13:19:17,Cyber Attack,Network AI,Detected ARP Spoofing (40.2%),High
2026-01-07 13:19:17,Cyber Attack,Network AI,Detected ARP Spoofing (38.8%),High
2026-01-07 13:19:17,Cyber Attack,Network AI,Detected ARP Spoofing (38.8%),High
2026-01-07 13:19:17,Cyber Attack,Network AI,Detected ARP Spoofing (38.9%),High
2026-01-07 13:19:17,Cyber Attack,Network AI,Detected ARP Spoofing (38.9%),High
2026-01-07 13:19:18,Cyber Attack,Network AI,Detected ARP Spoofing (38.8%),High
2026-01-07 13:19:18,Cyber Attack,Network AI,Detected ARP Spoofing (38.8%),High
2026-01-07 13:19:18,Cyber Attack,Network AI,Detected ARP Spoofing (38.8%),High
2026-01-07 13:19:18,Cyber Attack,Network AI,Detected ARP Spoofing (40.2%),High
2026-01-07 13:19:18,Cyber Attack,Network AI,Detected ARP Spoofing (38.8%),High
2026-01-07 13:19:18,Physical Anomaly,ECG AI,Rate Tampering (Tachycardia) (Loss: 0.06),High
2026-01-07 13:19:18,Physical Anomaly,ECG AI,Rate Tampering (Tachycardia) (Loss: 0.07),High
2026-01-07 13:19:18,Cyber Attack,Network AI,Detected ARP Spoofing (40.2%),High
2026-01-07 13:19:19,Physical Anomaly,ECG AI,Rate Tampering (Tachycardia) (Loss: 0.06),High
2026-01-07 13:19:19,Physical Anomaly,ECG AI,Rate Tampering (Tachycardia) (Loss: 0.09),High
2026-01-07 13:19:19,Cyber Attack,Network AI,Detected ARP Spoofing (38.8%),High
2026-01-07 13:19:19,Physical Anomaly,ECG AI,Rate Tampering (Tachycardia) (Loss: 0.10),High
2026-01-07 13:19:19,Physical Anomaly,ECG AI,Rate Tampering (Tachycardia) (Loss: 0.08),High
2026-01-07 13:19:19,Cyber Attack,Network AI,Detected ARP Spoofing (40.2%),High
2026-01-07 13:19:19,Cyber Attack,Network AI,Detected ARP Spoofing (38.8%),High
2026-01-07 13:19:20,Cyber Attack,Network AI,Detected ARP Spoofing (40.2%),High
2026-01-07 13:19:20,Cyber Attack,Network AI,Detected ARP Spoofing (40.2%),High
2026-01-07 13:19:20,Cyber Attack,Network AI,Detected ARP Spoofing (38.8%),High
2026-01-07 13:19:20,Cyber Attack,Network AI,Detected ARP Spoofing (38.9%),High
2026-01-07 13:19:20,Cyber Attack,Network AI,Detected ARP Spoofing (38.8%),High
2026-01-07 13:19:20,Cyber Attack,Network AI,Detected ARP Spoofing (38.8%),High
2026-01-07 13:19:21,Cyber Attack,Network AI,Detected ARP Spoofing (38.8%),High
2026-01-07 13:19:21,Cyber Attack,Network AI,Detected ARP Spoofing (40.2%),High
2026-01-07 13:19:21,Physical Anomaly,ECG AI,Rate Tampering (Tachycardia) (Loss: 0.05),High
2026-01-07 13:19:21,Cyber Attack,Network AI,Detected ARP Spoofing (40.2%),High
2026-01-07 13:19:21,Physical Anomaly,ECG AI,Rate Tampering (Tachycardia) (Loss: 0.05),High
2026-01-07 13:19:21,Physical Anomaly,ECG AI,Rate Tampering (Tachycardia) (Loss: 0.05),High
2026-01-07 13:19:21,Cyber Attack,Network AI,Detected ARP Spoofing (40.2%),High
2026-01-07 13:19:21,Physical Anomaly,ECG AI,Rate Tampering (Tachycardia) (Loss: 0.06),High
2026-01-07 13:19:21,Physical Anomaly,ECG AI,Rate Tampering (Tachycardia) (Loss: 0.06),High
2026-01-07 13:19:22,Cyber Attack,Network AI,Detected ARP Spoofing (38.5%),High
2026-01-07 13:19:22,Cyber Attack,Network AI,Detected ARP Spoofing (40.2%),High
2026-01-07 13:19:22,Physical Anomaly,ECG AI,Rate Tampering (Tachycardia) (Loss: 0.05),High
2026-01-07 13:19:22,Cyber Attack,Network AI,Detected ARP Spoofing (38.5%),High
2026-01-07 13:19:22,Physical Anomaly,ECG AI,Rate Tampering (Tachycardia) (Loss: 0.05),High
2026-01-07 13:19:22,Physical Anomaly,ECG AI,Rate Tampering (Tachycardia) (Loss: 0.05),High
2026-01-07 13:19:22,Physical Anomaly,ECG AI,Rate Tampering (Tachycardia) (Loss: 0.07),High
2026-01-07 13:19:22,Cyber Attack,Network AI,Detected ARP Spoofing (40.2%),High
2026-01-07 13:19:22,Physical Anomaly,ECG AI,Rate Tampering (Tachycardia) (Loss: 0.08),High
2026-01-07 13:19:22,Physical Anomaly,ECG AI,Rate Tampering (Tachycardia) (Loss: 0.08),High
2026-01-07 13:19:22,Cyber Attack,Network AI,Detected ARP Spoofing (40.2%),High
2026-01-07 13:19:23,Physical Anomaly,ECG AI,Rate Tampering (Tachycardia) (Loss: 0.08),High
2026-01-07 13:19:23,Physical Anomaly,ECG AI,Rate Tampering (Tachycardia) (Loss: 0.09),High
2026-01-07 13:19:23,Cyber Attack,Network AI,Detected ARP Spoofing (40.2%),High
2026-01-07 13:19:23,Physical Anomaly,ECG AI,Rate Tampering (Tachycardia) (Loss: 0.08),High
2026-01-07 13:19:23,Physical Anomaly,ECG AI,Rate Tampering (Tachycardia) (Loss: 0.08),High
2026-01-07 13:19:23,Cyber Attack,Network AI,Detected ARP Spoofing (40.2%),High
2026-01-07 13:19:23,Physical Anomaly,ECG AI,Rate Tampering (Tachycardia) (Loss: 0.08),High
2026-01-07 13:19:23,Physical Anomaly,ECG AI,Rate Tampering (Tachycardia) (Loss: 0.08),High
2026-01-07 13:19:23,Cyber Attack,Network AI,Detected ARP Spoofing (40.2%),High
2026-01-07 13:19:23,Physical Anomaly,ECG AI,Rate Tampering (Tachycardia) (Loss: 0.08),High
2026-01-07 13:19:23,Physical Anomaly,ECG AI,Rate Tampering (Tachycardia) (Loss: 0.08),High
2026-01-07 13:19:23,Physical Anomaly,ECG AI,Rate Tampering (Tachycardia) (Loss: 0.08),High
2026-01-07 13:19:23,Cyber Attack,Network AI,Detected ARP Spoofing (38.5%),High
2026-01-07 13:19:23,Physical Anomaly,ECG AI,Rate Tampering (Tachycardia) (Loss: 0.08),High
2026-01-07 13:19:23,Physical Anomaly,ECG AI,Rate Tampering (Tachycardia) (Loss: 0.06),High
2026-01-07 13:19:24,Cyber Attack,Network AI,Detected ARP Spoofing (38.8%),High
2026-01-07 13:19:24,Physical Anomaly,ECG AI,Rate Tampering (Tachycardia) (Loss: 0.05),High
2026-01-07 13:19:24,Physical Anomaly,ECG AI,Rate Tampering (Tachycardia) (Loss: 0.06),High
2026-01-07 13:19:24,Physical Anomaly,ECG AI,Rate Tampering (Tachycardia) (Loss: 0.04),High
2026-01-07 13:19:24,Cyber Attack,Network AI,Detected ARP Spoofing (38.8%),High
2026-01-07 13:19:24,Physical Anomaly,ECG AI,Rate Tampering (Tachycardia) (Loss: 0.05),High
2026-01-07 13:19:24,Physical Anomaly,ECG AI,Rate Tampering (Tachycardia) (Loss: 0.05),High
2026-01-07 13:19:24,Cyber Attack,Network AI,Detected ARP Spoofing (40.2%),High
2026-01-07 13:19:24,Physical Anomaly,ECG AI,Rate Tampering (Tachycardia) (Loss: 0.05),High
2026-01-07 13:19:24,Physical Anomaly,ECG AI,Rate Tampering (Tachycardia) (Loss: 0.07),High
2026-01-07 13:19:24,Physical Anomaly,ECG AI,Rate Tampering (Tachycardia) (Loss: 0.09),High
2026-01-07 13:19:24,Cyber Attack,Network AI,Detected ARP Spoofing (40.2%),High
2026-01-07 13:19:24,Physical Anomaly,ECG AI,Rate Tampering (Tachycardia) (Loss: 0.09),High
2026-01-07 13:19:24,Physical Anomaly,ECG AI,Rate Tampering (Tachycardia) (Loss: 0.09),High
2026-01-07 13:19:24,Cyber Attack,Network AI,Detected ARP Spoofing (38.8%),High
2026-01-07 13:19:24,Physical Anomaly,ECG AI,Rate Tampering (Tachycardia) (Loss: 0.09),High
2026-01-07 13:19:24,Cyber Attack,Network AI,Detected ARP Spoofing (38.8%),High
2026-01-07 13:19:24,Cyber Attack,Network AI,Detected ARP Spoofing (40.2%),High
2026-01-07 13:19:25,Cyber Attack,Network AI,Detected ARP Spoofing (38.9%),High
2026-01-07 13:19:25,Physical Anomaly,ECG AI,Spoofing (High Noise) (Loss: 0.10),High
2026-01-07 13:19:25,Cyber Attack,Network AI,Detected ARP Spoofing (38.9%),High
2026-01-07 13:19:25,Physical Anomaly,ECG AI,Spoofing (High Noise) (Loss: 0.10),High
2026-01-07 13:19:25,Physical Anomaly,ECG AI,Spoofing (High Noise) (Loss: 0.09),High
2026-01-07 13:19:25,Cyber Attack,Network AI,Detected ARP Spoofing (38.8%),High
2026-01-07 13:19:25,Physical Anomaly,ECG AI,Spoofing (High Noise) (Loss: 0.09),High
2026-01-07 13:19:25,Physical Anomaly,ECG AI,Rate Tampering (Tachycardia) (Loss: 0.10),High
2026-01-07 13:19:25,Physical Anomaly,ECG AI,Rate Tampering (Tachycardia) (Loss: 0.10),High
2026-01-07 13:19:25,Cyber Attack,Network AI,Detected ARP Spoofing (38.5%),High
2026-01-07 13:19:25,Physical Anomaly,ECG AI,Rate Tampering (Tachycardia) (Loss: 0.10),High
2026-01-07 13:19:25,Physical Anomaly,ECG AI,Rate Tampering (Tachycardia) (Loss: 0.10),High
2026-01-07 13:19:26,Cyber Attack,Network AI,Detected ARP Spoofing (38.8%),High
2026-01-07 13:19:26,Physical Anomaly,ECG AI,Rate Tampering (Tachycardia) (Loss: 0.11),High
2026-01-07 13:19:26,Physical Anomaly,ECG AI,Rate Tampering (Tachycardia) (Loss: 0.12),High
2026-01-07 13:19:26,Physical Anomaly,ECG AI,Rate Tampering (Tachycardia) (Loss: 0.12),High
2026-01-07 13:19:26,Cyber Attack,Network AI,Detected ARP Spoofing (40.2%),High
2026-01-07 13:19:26,Physical Anomaly,ECG AI,Rate Tampering (Tachycardia) (Loss: 0.10),High
2026-01-07 13:19:26,Physical Anomaly,ECG AI,Rate Tampering (Tachycardia) (Loss: 0.09),High
2026-01-07 13:19:26,Cyber Attack,Network AI,Detected ARP Spoofing (38.5%),High
2026-01-07 13:19:26,Physical Anomaly,ECG AI,Rate Tampering (Tachycardia) (Loss: 0.09),High
2026-01-07 13:19:26,Physical Anomaly,ECG AI,Rate Tampering (Tachycardia) (Loss: 0.10),High
2026-01-07 13:19:26,Physical Anomaly,ECG AI,Rate Tampering (Tachycardia) (Loss: 0.10),High
2026-01-07 13:19:26,Cyber Attack,Network AI,Detected ARP Spoofing (38.8%),High
2026-01-07 13:19:26,Physical Anomaly,ECG AI,Rate Tampering (Tachycardia) (Loss: 0.10),High
2026-01-07 13:19:26,Physical Anomaly,ECG AI,Rate Tampering (Tachycardia) (Loss: 0.10),High
2026-01-07 13:19:26,Cyber Attack,Network AI,Detected ARP Spoofing (38.8%),High
2026-01-07 13:19:27,Physical Anomaly,ECG AI,Rate Tampering (Tachycardia) (Loss: 0.12),High
2026-01-07 13:19:27,Physical Anomaly,ECG AI,Rate Tampering (Tachycardia) (Loss: 0.13),High
2026-01-07 13:19:27,Cyber Attack,Network AI,Detected ARP Spoofing (40.2%),High
2026-01-07 13:19:27,Physical Anomaly,ECG AI,Rate Tampering (Tachycardia) (Loss: 0.11),High
2026-01-07 13:19:27,Physical Anomaly,ECG AI,Rate Tampering (Tachycardia) (Loss: 0.10),High
2026-01-07 13:19:27,Cyber Attack,Network AI,Detected ARP Spoofing (40.2%),High
2026-01-07 13:19:27,Physical Anomaly,ECG AI,Rate Tampering (Tachycardia) (Loss: 0.09),High
2026-01-07 13:19:27,Cyber Attack,Network AI,Detected ARP Spoofing (40.2%),High
2026-01-07 13:19:27,Cyber Attack,Network AI,Detected ARP Spoofing (38.5%),High
2026-01-07 13:19:28,Cyber Attack,Network AI,Detected ARP Spoofing (38.8%),High
2026-01-07 13:19:28,Cyber Attack,Network AI,Detected ARP Spoofing (38.8%),High
2026-01-07 13:19:28,Physical Anomaly,ECG AI,Rate Tampering (Tachycardia) (Loss: 0.03),High
2026-01-07 13:19:28,Cyber Attack,Network AI,Detected ARP Spoofing (40.2%),High
2026-01-07 13:19:28,Physical Anomaly,ECG AI,Rate Tampering (Tachycardia) (Loss: 0.04),High
2026-01-07 13:19:28,Physical Anomaly,ECG AI,Rate Tampering (Tachycardia) (Loss: 0.04),High
2026-01-07 13:19:28,Cyber Attack,Network AI,Detected ARP Spoofing (36.6%),High
2026-01-07 13:19:28,Physical Anomaly,ECG AI,Rate Tampering (Tachycardia) (Loss: 0.04),High
2026-01-07 13:19:28,Physical Anomaly,ECG AI,Rate Tampering (Tachycardia) (Loss: 0.04),High
2026-01-07 13:19:28,Physical Anomaly,ECG AI,Rate Tampering (Tachycardia) (Loss: 0.04),High
2026-01-07 13:19:28,Cyber Attack,Network AI,Detected ARP Spoofing (38.8%),High
2026-01-07 13:19:28,Physical Anomaly,ECG AI,Rate Tampering (Tachycardia) (Loss: 0.04),High
2026-01-07 13:19:28,Physical Anomaly,ECG AI,Rate Tampering (Tachycardia) (Loss: 0.04),High
2026-01-07 13:19:28,Cyber Attack,Network AI,Detected ARP Spoofing (36.6%),High
2026-01-07 13:19:28,Physical Anomaly,ECG AI,Rate Tampering (Tachycardia) (Loss: 0.04),High
2026-01-07 13:19:29,Cyber Attack,Network AI,Detected ARP Spoofing (38.8%),High
2026-01-07 13:19:29,Cyber Attack,Network AI,Detected ARP Spoofing (38.9%),High
2026-01-07 13:19:29,Cyber Attack,Network AI,Detected ARP Spoofing (38.8%),High
2026-01-07 13:19:29,Cyber Attack,Network AI,Detected ARP Spoofing (38.8%),High
2026-01-07 13:19:30,Cyber Attack,Network AI,Detected ARP Spoofing (38.8%),High
2026-01-07 13:19:30,Cyber Attack,Network AI,Detected ARP Spoofing (38.8%),High
2026-01-07 13:19:30,Cyber Attack,Network AI,Detected ARP Spoofing (38.8%),High
2026-01-07 13:19:30,Cyber Attack,Network AI,Detected ARP Spoofing (38.8%),High
2026-01-07 13:19:31,Cyber Attack,Network AI,Detected ARP Spoofing (38.9%),High
2026-01-07 13:19:31,Cyber Attack,Network AI,Detected ARP Spoofing (40.2%),High
2026-01-07 13:19:31,Cyber Attack,Network AI,Detected ARP Spoofing (38.8%),High
2026-01-07 13:19:31,Cyber Attack,Network AI,Detected ARP Spoofing (38.8%),High
2026-01-07 13:19:31,Cyber Attack,Network AI,Detected ARP Spoofing (38.9%),High
2026-01-07 13:19:31,Cyber Attack,Network AI,Detected ARP Spoofing (40.2%),High
2026-01-07 13:19:32,Cyber Attack,Network AI,Detected ARP Spoofing (38.5%),High
2026-01-07 13:19:32,Cyber Attack,Network AI,Detected ARP Spoofing (38.5%),High
2026-01-07 13:19:32,Cyber Attack,Network AI,Detected ARP Spoofing (40.2%),High
2026-01-07 13:19:32,Cyber Attack,Network AI,Detected ARP Spoofing (38.8%),High
2026-01-07 13:19:33,Cyber Attack,Network AI,Detected ARP Spoofing (38.8%),High
2026-01-07 13:19:33,Cyber Attack,Network AI,Detected ARP Spoofing (38.8%),High
2026-01-07 13:19:33,Cyber Attack,Network AI,Detected ARP Spoofing (38.8%),High
2026-01-07 13:19:33,Cyber Attack,Network AI,Detected ARP Spoofing (38.9%),High
2026-01-07 13:19:33,Cyber Attack,Network AI,Detected ARP Spoofing (38.5%),High
2026-01-07 13:19:33,Cyber Attack,Network AI,Detected ARP Spoofing (38.9%),High
2026-01-07 13:19:34,Cyber Attack,Network AI,Detected ARP Spoofing (38.8%),High
2026-01-07 13:19:34,Cyber Attack,Network AI,Detected ARP Spoofing (38.9%),High
2026-01-07 13:19:34,Cyber Attack,Network AI,Detected ARP Spoofing (40.2%),High
2026-01-07 13:19:34,Cyber Attack,Network AI,Detected ARP Spoofing (38.8%),High
2026-01-07 13:19:35,Cyber Attack,Network AI,Detected ARP Spoofing (36.6%),High
2026-01-07 13:19:35,Physical Anomaly,ECG AI,Spoofing (High Noise) (Loss: 0.10),High
2026-01-07 13:19:35,Physical Anomaly,ECG AI,Spoofing (High Noise) (Loss: 0.10),High
2026-01-07 13:19:35,Cyber Attack,Network AI,Detected ARP Spoofing (40.2%),High
2026-01-07 13:19:35,Physical Anomaly,ECG AI,Spoofing (High Noise) (Loss: 0.09),High
2026-01-07 13:19:35,Physical Anomaly,ECG AI,Spoofing (High Noise) (Loss: 0.10),High
2026-01-07 13:19:35,Cyber Attack,Network AI,Detected ARP Spoofing (40.2%),High
2026-01-07 13:19:35,Physical Anomaly,ECG AI,Spoofing (High Noise) (Loss: 0.10),High
2026-01-07 13:19:35,Physical Anomaly,ECG AI,Spoofing (High Noise) (Loss: 0.10),High
2026-01-07 13:19:35,Physical Anomaly,ECG AI,Spoofing (High Noise) (Loss: 0.13),High
2026-01-07 13:19:35,Cyber Attack,Network AI,Detected ARP Spoofing (36.6%),High
2026-01-07 13:19:35,Physical Anomaly,ECG AI,Spoofing (High Noise) (Loss: 0.16),High
2026-01-07 13:19:35,Physical Anomaly,ECG AI,Spoofing (High Noise) (Loss: 0.16),High
2026-01-07 13:19:35,Cyber Attack,Network AI,Detected ARP Spoofing (38.9%),High
2026-01-07 13:19:35,Physical Anomaly,ECG AI,Spoofing (High Noise) (Loss: 0.15),High
2026-01-07 13:19:35,Physical Anomaly,ECG AI,Spoofing (High Noise) (Loss: 0.15),High
2026-01-07 13:19:35,Physical Anomaly,ECG AI,Spoofing (High Noise) (Loss: 0.13),High
2026-01-07 13:19:35,Cyber Attack,Network AI,Detected ARP Spoofing (38.9%),High
2026-01-07 13:19:35,Physical Anomaly,ECG AI,Spoofing (High Noise) (Loss: 0.13),High
2026-01-07 13:19:36,Physical Anomaly,ECG AI,Spoofing (High Noise) (Loss: 0.14),High
2026-01-07 13:19:36,Cyber Attack,Network AI,Detected ARP Spoofing (38.9%),High
2026-01-07 13:19:36,Physical Anomaly,ECG AI,Spoofing (High Noise) (Loss: 0.14),High
2026-01-07 13:19:36,Physical Anomaly,ECG AI,Rate Tampering (Tachycardia) (Loss: 0.14),High
2026-01-07 13:19:36,Cyber Attack,Network AI,Detected ARP Spoofing (38.8%),High
2026-01-07 13:19:36,Physical Anomaly,ECG AI,Rate Tampering (Tachycardia) (Loss: 0.12),High
2026-01-07 13:19:36,Physical Anomaly,ECG AI,Rate Tampering (Tachycardia) (Loss: 0.12),High
2026-01-07 13:19:36,Physical Anomaly,ECG AI,Spoofing (High Noise) (Loss: 0.11),High
2026-01-07 13:19:36,Cyber Attack,Network AI,Detected ARP Spoofing (38.5%),High
2026-01-07 13:19:36,Physical Anomaly,ECG AI,Spoofing (High Noise) (Loss: 0.08),High
2026-01-07 13:19:36,Cyber Attack,Network AI,Detected ARP Spoofing (40.2%),High
2026-01-07 13:19:37,Cyber Attack,Network AI,Detected ARP Spoofing (38.8%),High
2026-01-07 13:19:37,Cyber Attack,Network AI,Detected ARP Spoofing (38.5%),High
2026-01-07 13:19:37,Cyber Attack,Network AI,Detected ARP Spoofing (38.8%),High
2026-01-07 13:19:37,Cyber Attack,Network AI,Detected ARP Spoofing (40.2%),High
2026-01-07 13:19:38,Cyber Attack,Network AI,Detected ARP Spoofing (38.8%),High
2026-01-07 13:19:38,Cyber Attack,Network AI,Detected ARP Spoofing (38.8%),High
2026-01-07 13:19:38,Cyber Attack,Network AI,Detected ARP Spoofing (38.8%),High
2026-01-07 13:19:38,Cyber Attack,Network AI,Detected ARP Spoofing (38.8%),High
2026-01-07 13:19:38,Physical Anomaly,ECG AI,Spoofing (High Noise) (Loss: 0.08),High
2026-01-07 13:19:38,Cyber Attack,Network AI,Detected ARP Spoofing (40.2%),High
2026-01-07 13:19:39,Physical Anomaly,ECG AI,Rate Tampering (Tachycardia) (Loss: 0.09),High
2026-01-07 13:19:39,Physical Anomaly,ECG AI,Rate Tampering (Tachycardia) (Loss: 0.09),High
2026-01-07 13:19:39,Cyber Attack,Network AI,Detected ARP Spoofing (38.8%),High
2026-01-07 13:19:39,Physical Anomaly,ECG AI,Rate Tampering (Tachycardia) (Loss: 0.09),High
2026-01-07 13:19:39,Physical Anomaly,ECG AI,Rate Tampering (Tachycardia) (Loss: 0.09),High
2026-01-07 13:19:39,Cyber Attack,Network AI,Detected ARP Spoofing (40.2%),High
2026-01-07 13:19:39,Physical Anomaly,ECG AI,Rate Tampering (Tachycardia) (Loss: 0.11),High
2026-01-07 13:19:39,Physical Anomaly,ECG AI,Rate Tampering (Tachycardia) (Loss: 0.10),High
2026-01-07 13:19:39,Physical Anomaly,ECG AI,Rate Tampering (Tachycardia) (Loss: 0.09),High
2026-01-07 13:19:39,Cyber Attack,Network AI,Detected ARP Spoofing (38.9%),High
2026-01-07 13:19:39,Physical Anomaly,ECG AI,Rate Tampering (Tachycardia) (Loss: 0.09),High
2026-01-07 13:19:39,Physical Anomaly,ECG AI,Rate Tampering (Tachycardia) (Loss: 0.06),High
2026-01-07 13:19:39,Cyber Attack,Network AI,Detected ARP Spoofing (38.8%),High
2026-01-07 13:19:39,Physical Anomaly,ECG AI,Rate Tampering (Tachycardia) (Loss: 0.06),High
2026-01-07 13:19:39,Physical Anomaly,ECG AI,Rate Tampering (Tachycardia) (Loss: 0.06),High
2026-01-07 13:19:39,Cyber Attack,Network AI,Detected ARP Spoofing (40.2%),High
2026-01-07 13:19:39,Physical Anomaly,ECG AI,Rate Tampering (Tachycardia) (Loss: 0.06),High
2026-01-07 13:19:39,Physical Anomaly,ECG AI,Rate Tampering (Tachycardia) (Loss: 0.06),High
2026-01-07 13:19:39,Physical Anomaly,ECG AI,Rate Tampering (Tachycardia) (Loss: 0.05),High
2026-01-07 13:19:39,Cyber Attack,Network AI,Detected ARP Spoofing (38.8%),High
2026-01-07 13:19:39,Physical Anomaly,ECG AI,Rate Tampering (Tachycardia) (Loss: 0.06),High
2026-01-07 13:19:40,Physical Anomaly,ECG AI,Rate Tampering (Tachycardia) (Loss: 0.05),High
2026-01-07 13:19:40,Cyber Attack,Network AI,Detected ARP Spoofing (38.8%),High
2026-01-07 13:19:40,Physical Anomaly,ECG AI,Rate Tampering (Tachycardia) (Loss: 0.06),High
2026-01-07 13:19:40,Cyber Attack,Network AI,Detected ARP Spoofing (38.5%),High
2026-01-07 13:19:40,Cyber Attack,Network AI,Detected ARP Spoofing (38.8%),High
2026-01-07 13:19:40,Cyber Attack,Network AI,Detected ARP Spoofing (38.8%),High
2026-01-07 13:19:40,Cyber Attack,Network AI,Detected ARP Spoofing (38.8%),High
2026-01-07 13:19:41,Cyber Attack,Network AI,Detected ARP Spoofing (38.8%),High
2026-01-07 13:19:41,Physical Anomaly,ECG AI,Rate Tampering (Tachycardia) (Loss: 0.08),High
2026-01-07 13:19:41,Cyber Attack,Network AI,Detected ARP Spoofing (36.6%),High
2026-01-07 13:19:41,Physical Anomaly,ECG AI,Rate Tampering (Tachycardia) (Loss: 0.08),High
2026-01-07 13:19:41,Physical Anomaly,ECG AI,Rate Tampering (Tachycardia) (Loss: 0.08),High
2026-01-07 13:19:41,Cyber Attack,Network AI,Detected ARP Spoofing (38.8%),High
2026-01-07 13:19:41,Physical Anomaly,ECG AI,Rate Tampering (Tachycardia) (Loss: 0.08),High
2026-01-07 13:19:41,Physical Anomaly,ECG AI,Rate Tampering (Tachycardia) (Loss: 0.07),High
2026-01-07 13:19:41,Physical Anomaly,ECG AI,Rate Tampering (Tachycardia) (Loss: 0.07),High
2026-01-07 13:19:41,Cyber Attack,Network AI,Detected ARP Spoofing (38.8%),High
2026-01-07 13:19:42,Cyber Attack,Network AI,Detected ARP Spoofing (38.8%),High
2026-01-07 13:19:42,Cyber Attack,Network AI,Detected ARP Spoofing (38.5%),High
2026-01-07 13:19:42,Physical Anomaly,ECG AI,Rate Tampering (Tachycardia) (Loss: 0.07),High
2026-01-07 13:19:42,Physical Anomaly,ECG AI,Rate Tampering (Tachycardia) (Loss: 0.07),High
2026-01-07 13:19:42,Cyber Attack,Network AI,Detected ARP Spoofing (38.8%),High
2026-01-07 13:19:42,Physical Anomaly,ECG AI,Rate Tampering (Tachycardia) (Loss: 0.07),High
2026-01-07 13:19:42,Physical Anomaly,ECG AI,Rate Tampering (Tachycardia) (Loss: 0.06),High
2026-01-07 13:19:42,Cyber Attack,Network AI,Detected ARP Spoofing (36.6%),High
2026-01-07 13:19:42,Physical Anomaly,ECG AI,Rate Tampering (Tachycardia) (Loss: 0.06),High
2026-01-07 13:19:43,Cyber Attack,Network AI,Detected ARP Spoofing (40.2%),High
2026-01-07 13:19:43,Cyber Attack,Network AI,Detected ARP Spoofing (36.6%),High
2026-01-07 13:19:43,Cyber Attack,Network AI,Detected ARP Spoofing (38.8%),High
2026-01-07 13:19:43,Cyber Attack,Network AI,Detected ARP Spoofing (38.5%),High
2026-01-07 13:19:43,Cyber Attack,Network AI,Detected ARP Spoofing (38.8%),High
2026-01-07 13:19:43,Cyber Attack,Network AI,Detected ARP Spoofing (38.8%),High
2026-01-07 13:19:44,Cyber Attack,Network AI,Detected ARP Spoofing (40.2%),High
2026-01-07 13:19:44,Cyber Attack,Network AI,Detected ARP Spoofing (38.8%),High
2026-01-07 13:19:44,Physical Anomaly,ECG AI,Spoofing (High Noise) (Loss: 0.10),High
2026-01-07 13:19:44,Cyber Attack,Network AI,Detected ARP Spoofing (40.2%),High
2026-01-07 13:19:44,Physical Anomaly,ECG AI,Spoofing (High Noise) (Loss: 0.11),High
2026-01-07 13:19:44,Physical Anomaly,ECG AI,Spoofing (High Noise) (Loss: 0.10),High
2026-01-07 13:19:44,Cyber Attack,Network AI,Detected ARP Spoofing (38.8%),High
2026-01-07 13:19:44,Physical Anomaly,ECG AI,Spoofing (High Noise) (Loss: 0.11),High
2026-01-07 13:19:45,Physical Anomaly,ECG AI,Spoofing (High Noise) (Loss: 0.11),High
2026-01-07 13:19:45,Physical Anomaly,ECG AI,Spoofing (High Noise) (Loss: 0.11),High
2026-01-07 13:19:45,Cyber Attack,Network AI,Detected ARP Spoofing (40.2%),High
2026-01-07 13:19:45,Physical Anomaly,ECG AI,Spoofing (High Noise) (Loss: 0.11),High
2026-01-07 13:19:45,Physical Anomaly,ECG AI,Spoofing (High Noise) (Loss: 0.14),High
2026-01-07 13:19:45,Cyber Attack,Network AI,Detected ARP Spoofing (36.6%),High
2026-01-07 13:19:45,Physical Anomaly,ECG AI,Spoofing (High Noise) (Loss: 0.15),High
2026-01-07 13:19:45,Physical Anomaly,ECG AI,Spoofing (High Noise) (Loss: 0.14),High
2026-01-07 13:19:45,Physical Anomaly,ECG AI,Spoofing (High Noise) (Loss: 0.13),High
2026-01-07 13:19:45,Cyber Attack,Network AI,Detected ARP Spoofing (38.8%),High
2026-01-07 13:19:45,Physical Anomaly,ECG AI,Spoofing (High Noise) (Loss: 0.11),High
2026-01-07 13:19:45,Physical Anomaly,ECG AI,Spoofing (High Noise) (Loss: 0.11),High
2026-01-07 13:19:45,Cyber Attack,Network AI,Detected ARP Spoofing (38.9%),High
2026-01-07 13:19:45,Physical Anomaly,ECG AI,Spoofing (High Noise) (Loss: 0.12),High
2026-01-07 13:19:45,Physical Anomaly,ECG AI,Spoofing (High Noise) (Loss: 0.12),High
2026-01-07 13:19:45,Cyber Attack,Network AI,Detected ARP Spoofing (40.2%),High
2026-01-07 13:19:45,Physical Anomaly,ECG AI,Rate Tampering (Tachycardia) (Loss: 0.12),High
2026-01-07 13:19:45,Physical Anomaly,ECG AI,Rate Tampering (Tachycardia) (Loss: 0.11),High
2026-01-07 13:19:45,Physical Anomaly,ECG AI,Rate Tampering (Tachycardia) (Loss: 0.11),High
2026-01-07 13:19:46,Cyber Attack,Network AI,Detected ARP Spoofing (38.9%),High
2026-01-07 13:19:46,Physical Anomaly,ECG AI,Spoofing (High Noise) (Loss: 0.11),High
2026-01-07 13:19:46,Physical Anomaly,ECG AI,Spoofing (High Noise) (Loss: 0.09),High
2026-01-07 13:19:46,Cyber Attack,Network AI,Detected ARP Spoofing (38.9%),High
2026-01-07 13:19:46,Physical Anomaly,ECG AI,Spoofing (High Noise) (Loss: 0.08),High
2026-01-07 13:19:46,Cyber Attack,Network AI,Detected ARP Spoofing (38.5%),High
2026-01-07 13:19:46,Cyber Attack,Network AI,Detected ARP Spoofing (38.8%),High
2026-01-07 13:19:46,Cyber Attack,Network AI,Detected ARP Spoofing (38.8%),High
2026-01-07 13:19:46,Cyber Attack,Network AI,Detected ARP Spoofing (40.2%),High
2026-01-07 13:19:47,Cyber Attack,Network AI,Detected ARP Spoofing (36.6%),High
2026-01-07 13:19:47,Cyber Attack,Network AI,Detected ARP Spoofing (38.8%),High
2026-01-07 13:19:47,Cyber Attack,Network AI,Detected ARP Spoofing (36.6%),High
2026-01-07 13:19:47,Cyber Attack,Network AI,Detected ARP Spoofing (38.8%),High
2026-01-07 13:19:48,Cyber Attack,Network AI,Detected ARP Spoofing (38.8%),High
2026-01-07 13:19:48,Cyber Attack,Network AI,Detected ARP Spoofing (36.6%),High
2026-01-07 13:19:48,Cyber Attack,Network AI,Detected ARP Spoofing (38.5%),High
2026-01-07 13:19:48,Cyber Attack,Network AI,Detected ARP Spoofing (38.8%),High
2026-01-07 13:19:48,Cyber Attack,Network AI,Detected ARP Spoofing (40.2%),High
2026-01-07 13:19:49,Cyber Attack,Network AI,Detected ARP Spoofing (38.8%),High
2026-01-07 13:19:49,Cyber Attack,Network AI,Detected ARP Spoofing (38.8%),High
2026-01-07 13:19:49,Cyber Attack,Network AI,Detected ARP Spoofing (40.2%),High
2026-01-07 13:19:49,Physical Anomaly,ECG AI,Spoofing (High Noise) (Loss: 0.10),High
2026-01-07 13:19:49,Physical Anomaly,ECG AI,Spoofing (High Noise) (Loss: 0.10),High
2026-01-07 13:19:49,Cyber Attack,Network AI,Detected ARP Spoofing (40.2%),High
2026-01-07 13:19:49,Physical Anomaly,ECG AI,Spoofing (High Noise) (Loss: 0.10),High
2026-01-07 13:19:49,Physical Anomaly,ECG AI,Spoofing (High Noise) (Loss: 0.11),High
2026-01-07 13:19:49,Physical Anomaly,ECG AI,Spoofing (High Noise) (Loss: 0.11),High
2026-01-07 13:19:49,Cyber Attack,Network AI,Detected ARP Spoofing (36.6%),High
2026-01-07 13:19:49,Physical Anomaly,ECG AI,Spoofing (High Noise) (Loss: 0.11),High
2026-01-07 13:19:49,Physical Anomaly,ECG AI,Spoofing (High Noise) (Loss: 0.09),High
2026-01-07 13:19:49,Cyber Attack,Network AI,Detected ARP Spoofing (38.8%),High
2026-01-07 13:19:50,Cyber Attack,Network AI,Detected ARP Spoofing (36.6%),High
2026-01-07 13:19:50,Physical Anomaly,ECG AI,Rate Tampering (Tachycardia) (Loss: 0.03),High
2026-01-07 13:19:50,Cyber Attack,Network AI,Detected ARP Spoofing (38.5%),High
2026-01-07 13:19:50,Physical Anomaly,ECG AI,Rate Tampering (Tachycardia) (Loss: 0.03),High
2026-01-07 13:19:50,Physical Anomaly,ECG AI,Rate Tampering (Tachycardia) (Loss: 0.04),High
2026-01-07 13:19:50,Cyber Attack,Network AI,Detected ARP Spoofing (40.2%),High
2026-01-07 13:19:50,Physical Anomaly,ECG AI,Rate Tampering (Tachycardia) (Loss: 0.04),High
2026-01-07 13:19:50,Physical Anomaly,ECG AI,Rate Tampering (Tachycardia) (Loss: 0.04),High
2026-01-07 13:19:51,Physical Anomaly,ECG AI,Rate Tampering (Tachycardia) (Loss: 0.04),High
2026-01-07 13:19:51,Cyber Attack,Network AI,Detected ARP Spoofing (38.8%),High
2026-01-07 13:19:51,Physical Anomaly,ECG AI,Rate Tampering (Tachycardia) (Loss: 0.04),High
2026-01-07 13:19:51,Physical Anomaly,ECG AI,Rate Tampering (Tachycardia) (Loss: 0.04),High
2026-01-07 13:19:51,Cyber Attack,Network AI,Detected ARP Spoofing (40.2%),High
2026-01-07 13:19:51,Physical Anomaly,ECG AI,Rate Tampering (Tachycardia) (Loss: 0.04),High
2026-01-07 13:19:51,Physical Anomaly,ECG AI,Rate Tampering (Tachycardia) (Loss: 0.04),High
2026-01-07 13:19:51,Cyber Attack,Network AI,Detected ARP Spoofing (38.8%),High
2026-01-07 13:19:51,Cyber Attack,Network AI,Detected ARP Spoofing (38.8%),High
2026-01-07 13:19:51,Cyber Attack,Network AI,Detected ARP Spoofing (40.2%),High
2026-01-07 13:19:52,Cyber Attack,Network AI,Detected ARP Spoofing (40.2%),High
2026-01-07 13:19:52,Physical Anomaly,ECG AI,Spoofing (High Noise) (Loss: 0.11),High
2026-01-07 13:19:52,Cyber Attack,Network AI,Detected ARP Spoofing (38.8%),High
2026-01-07 13:19:52,Physical Anomaly,ECG AI,Spoofing (High Noise) (Loss: 0.11),High
2026-01-07 13:19:52,Physical Anomaly,ECG AI,Spoofing (High Noise) (Loss: 0.12),High
2026-01-07 13:19:52,Physical Anomaly,ECG AI,Spoofing (High Noise) (Loss: 0.12),High
2026-01-07 13:19:52,Cyber Attack,Network AI,Detected ARP Spoofing (38.8%),High
2026-01-07 13:19:52,Physical Anomaly,ECG AI,Rate Tampering (Tachycardia) (Loss: 0.12),High
2026-01-07 13:19:52,Physical Anomaly,ECG AI,Rate Tampering (Tachycardia) (Loss: 0.13),High
2026-01-07 13:19:52,Cyber Attack,Network AI,Detected ARP Spoofing (38.8%),High
2026-01-07 13:19:52,Physical Anomaly,ECG AI,Rate Tampering (Tachycardia) (Loss: 0.14),High
2026-01-07 13:19:52,Physical Anomaly,ECG AI,Spoofing (High Noise) (Loss: 0.14),High
2026-01-07 13:19:52,Cyber Attack,Network AI,Detected ARP Spoofing (40.2%),High
2026-01-07 13:19:52,Physical Anomaly,ECG AI,Spoofing (High Noise) (Loss: 0.13),High
2026-01-07 13:19:52,Physical Anomaly,ECG AI,Spoofing (High Noise) (Loss: 0.10),High
2026-01-07 13:19:52,Physical Anomaly,ECG AI,Rate Tampering (Tachycardia) (Loss: 0.07),High
2026-01-07 13:19:52,Cyber Attack,Network AI,Detected ARP Spoofing (38.8%),High
2026-01-07 13:19:52,Physical Anomaly,ECG AI,Rate Tampering (Tachycardia) (Loss: 0.07),High
2026-01-07 13:19:53,Physical Anomaly,ECG AI,Rate Tampering (Tachycardia) (Loss: 0.09),High
2026-01-07 13:19:53,Cyber Attack,Network AI,Detected ARP Spoofing (38.9%),High
2026-01-07 13:19:53,Physical Anomaly,ECG AI,Rate Tampering (Tachycardia) (Loss: 0.09),High
2026-01-07 13:19:53,Physical Anomaly,ECG AI,Rate Tampering (Tachycardia) (Loss: 0.09),High
2026-01-07 13:19:53,Cyber Attack,Network AI,Detected ARP Spoofing (38.8%),High
2026-01-07 13:19:53,Physical Anomaly,ECG AI,Rate Tampering (Tachycardia) (Loss: 0.10),High
2026-01-07 13:19:53,Physical Anomaly,ECG AI,Rate Tampering (Tachycardia) (Loss: 0.11),High
2026-01-07 13:19:53,Physical Anomaly,ECG AI,Rate Tampering (Tachycardia) (Loss: 0.11),High
2026-01-07 13:19:53,Cyber Attack,Network AI,Detected ARP Spoofing (40.2%),High
2026-01-07 13:19:53,Physical Anomaly,ECG AI,Rate Tampering (Tachycardia) (Loss: 0.11),High
2026-01-07 13:19:53,Physical Anomaly,ECG AI,Rate Tampering (Tachycardia) (Loss: 0.09),High
2026-01-07 13:19:53,Cyber Attack,Network AI,Detected ARP Spoofing (40.2%),High
2026-01-07 13:19:54,Cyber Attack,Network AI,Detected ARP Spoofing (38.8%),High
2026-01-07 13:19:54,Cyber Attack,Network AI,Detected ARP Spoofing (38.8%),High
2026-01-07 13:19:54,Cyber Attack,Network AI,Detected ARP Spoofing (38.8%),High
2026-01-07 13:19:54,Cyber Attack,Network AI,Detected ARP Spoofing (38.8%),High
2026-01-07 13:19:54,Cyber Attack,Network AI,Detected ARP Spoofing (38.8%),High
2026-01-07 13:19:54,Cyber Attack,Network AI,Detected ARP Spoofing (40.2%),High
2026-01-07 13:19:55,Cyber Attack,Network AI,Detected ARP Spoofing (40.2%),High
2026-01-07 13:19:55,Cyber Attack,Network AI,Detected ARP Spoofing (38.5%),High
2026-01-07 13:19:55,Cyber Attack,Network AI,Detected ARP Spoofing (40.2%),High
2026-01-07 13:19:56,Cyber Attack,Network AI,Detected ARP Spoofing (36.6%),High
2026-01-07 13:19:56,Cyber Attack,Network AI,Detected ARP Spoofing (38.8%),High
2026-01-07 13:19:56,Cyber Attack,Network AI,Detected ARP Spoofing (38.8%),High
2026-01-07 13:19:56,Cyber Attack,Network AI,Detected ARP Spoofing (40.2%),High
2026-01-07 13:19:56,Cyber Attack,Network AI,Detected ARP Spoofing (38.8%),High
2026-01-07 13:19:56,Cyber Attack,Network AI,Detected ARP Spoofing (38.8%),High
2026-01-07 13:19:57,Cyber Attack,Network AI,Detected ARP Spoofing (40.2%),High
2026-01-07 13:19:57,Cyber Attack,Network AI,Detected ARP Spoofing (38.8%),High
2026-01-07 13:19:57,Cyber Attack,Network AI,Detected ARP Spoofing (40.2%),High
2026-01-07 13:19:57,Cyber Attack,Network AI,Detected ARP Spoofing (38.8%),High
2026-01-07 13:19:58,Cyber Attack,Network AI,Detected ARP Spoofing (40.2%),High
2026-01-07 13:19:58,Cyber Attack,Network AI,Detected ARP Spoofing (38.8%),High
2026-01-07 13:19:58,Cyber Attack,Network AI,Detected ARP Spoofing (38.5%),High
2026-01-07 13:19:58,Physical Anomaly,ECG AI,Rate Tampering (Tachycardia) (Loss: 0.08),High
2026-01-07 13:19:58,Physical Anomaly,ECG AI,Rate Tampering (Tachycardia) (Loss: 0.07),High
2026-01-07 13:19:58,Cyber Attack,Network AI,Detected ARP Spoofing (38.5%),High
2026-01-07 13:19:58,Cyber Attack,Network AI,Detected ARP Spoofing (40.2%),High
2026-01-07 13:19:58,Cyber Attack,Network AI,Detected ARP Spoofing (38.8%),High
2026-01-07 13:19:59,Cyber Attack,Network AI,Detected ARP Spoofing (36.6%),High
2026-01-07 13:19:59,Cyber Attack,Network AI,Detected ARP Spoofing (38.8%),High
2026-01-07 13:19:59,Cyber Attack,Network AI,Detected ARP Spoofing (38.8%),High
2026-01-07 13:19:59,Cyber Attack,Network AI,Detected ARP Spoofing (38.8%),High
2026-01-07 13:20:00,Cyber Attack,Network AI,Detected ARP Spoofing (40.2%),High
2026-01-07 13:20:00,Physical Anomaly,ECG AI,Rate Tampering (Tachycardia) (Loss: 0.05),High
2026-01-07 13:20:00,Physical Anomaly,ECG AI,Rate Tampering (Tachycardia) (Loss: 0.05),High
2026-01-07 13:20:00,Cyber Attack,Network AI,Detected ARP Spoofing (38.8%),High
2026-01-07 13:20:00,Cyber Attack,Network AI,Detected ARP Spoofing (38.8%),High
2026-01-07 13:20:00,Cyber Attack,Network AI,Detected ARP Spoofing (38.8%),High
2026-01-07 13:20:01,Cyber Attack,Network AI,Detected ARP Spoofing (40.2%),High
2026-01-07 13:20:01,Physical Anomaly,ECG AI,Rate Tampering (Tachycardia) (Loss: 0.07),High
2026-01-07 13:20:01,Cyber Attack,Network AI,Detected ARP Spoofing (38.5%),High
2026-01-07 13:20:01,Physical Anomaly,ECG AI,Rate Tampering (Tachycardia) (Loss: 0.06),High
2026-01-07 13:20:01,Cyber Attack,Network AI,Detected ARP Spoofing (40.2%),High
2026-01-07 13:20:01,Cyber Attack,Network AI,Detected ARP Spoofing (38.8%),High
2026-01-07 13:20:01,Cyber Attack,Network AI,Detected ARP Spoofing (38.8%),High
2026-01-07 13:20:01,Cyber Attack,Network AI,Detected ARP Spoofing (38.8%),High
2026-01-07 13:20:02,Cyber Attack,Network AI,Detected ARP Spoofing (40.2%),High
2026-01-07 13:20:02,Cyber Attack,Network AI,Detected ARP Spoofing (38.8%),High
2026-01-07 13:20:02,Cyber Attack,Network AI,Detected ARP Spoofing (38.8%),High
2026-01-07 13:20:02,Cyber Attack,Network AI,Detected ARP Spoofing (38.8%),High
2026-01-07 13:20:02,Physical Anomaly,ECG AI,Rate Tampering (Tachycardia) (Loss: 0.07),High
2026-01-07 13:20:02,Physical Anomaly,ECG AI,Rate Tampering (Tachycardia) (Loss: 0.07),High
2026-01-07 13:20:02,Physical Anomaly,ECG AI,Rate Tampering (Tachycardia) (Loss: 0.08),High
2026-01-07 13:20:02,Cyber Attack,Network AI,Detected ARP Spoofing (38.8%),High
2026-01-07 13:20:03,Cyber Attack,Network AI,Detected ARP Spoofing (40.2%),High
2026-01-07 13:20:03,Cyber Attack,Network AI,Detected ARP Spoofing (40.2%),High
2026-01-07 13:20:03,Cyber Attack,Network AI,Detected ARP Spoofing (40.2%),High
2026-01-07 13:20:03,Cyber Attack,Network AI,Detected ARP Spoofing (38.8%),High
2026-01-07 13:20:04,Cyber Attack,Network AI,Detected ARP Spoofing (38.8%),High
2026-01-07 13:20:04,Physical Anomaly,ECG AI,Spoofing (High Noise) (Loss: 0.14),High
2026-01-07 13:20:04,Physical Anomaly,ECG AI,Spoofing (High Noise) (Loss: 0.13),High
2026-01-07 13:20:04,Cyber Attack,Network AI,Detected ARP Spoofing (38.8%),High
2026-01-07 13:20:04,Physical Anomaly,ECG AI,Spoofing (High Noise) (Loss: 0.12),High
2026-01-07 13:20:04,Physical Anomaly,ECG AI,Spoofing (High Noise) (Loss: 0.13),High
2026-01-07 13:20:04,Cyber Attack,Network AI,Detected ARP Spoofing (36.6%),High
2026-01-07 13:20:04,Physical Anomaly,ECG AI,Spoofing (High Noise) (Loss: 0.13),High
2026-01-07 13:20:04,Physical Anomaly,ECG AI,Spoofing (High Noise) (Loss: 0.13),High
2026-01-07 13:20:04,Physical Anomaly,ECG AI,Spoofing (High Noise) (Loss: 0.13),High
2026-01-07 13:20:04,Cyber Attack,Network AI,Detected ARP Spoofing (38.8%),High
2026-01-07 13:20:04,Physical Anomaly,ECG AI,Spoofing (High Noise) (Loss: 0.12),High
2026-01-07 13:20:05,Physical Anomaly,ECG AI,Spoofing (High Noise) (Loss: 0.11),High
2026-01-07 13:20:05,Cyber Attack,Network AI,Detected ARP Spoofing (36.6%),High
2026-01-07 13:20:05,Physical Anomaly,ECG AI,Spoofing (High Noise) (Loss: 0.10),High
2026-01-07 13:20:05,Physical Anomaly,ECG AI,Spoofing (High Noise) (Loss: 0.08),High
2026-01-07 13:20:05,Cyber Attack,Network AI,Detected ARP Spoofing (38.8%),High
2026-01-07 13:20:05,Cyber Attack,Network AI,Detected ARP Spoofing (38.8%),High
2026-01-07 13:20:05,Physical Anomaly,ECG AI,Rate Tampering (Tachycardia) (Loss: 0.03),High
2026-01-07 13:20:05,Cyber Attack,Network AI,Detected ARP Spoofing (36.6%),High
2026-01-07 13:20:05,Physical Anomaly,ECG AI,Rate Tampering (Tachycardia) (Loss: 0.05),High
2026-01-07 13:20:05,Cyber Attack,Network AI,Detected ARP Spoofing (40.2%),High
2026-01-07 13:20:05,Cyber Attack,Network AI,Detected ARP Spoofing (38.8%),High
2026-01-07 13:20:05,Physical Anomaly,ECG AI,Rate Tampering (Tachycardia) (Loss: 0.07),High
2026-01-07 13:20:05,Physical Anomaly,ECG AI,Rate Tampering (Tachycardia) (Loss: 0.08),High
2026-01-07 13:20:05,Cyber Attack,Network AI,Detected ARP Spoofing (38.8%),High
2026-01-07 13:20:06,Physical Anomaly,ECG AI,Rate Tampering (Tachycardia) (Loss: 0.08),High
2026-01-07 13:20:06,Physical Anomaly,ECG AI,Rate Tampering (Tachycardia) (Loss: 0.09),High
2026-01-07 13:20:06,Cyber Attack,Network AI,Detected ARP Spoofing (38.8%),High
2026-01-07 13:20:06,Physical Anomaly,ECG AI,Rate Tampering (Tachycardia) (Loss: 0.08),High
2026-01-07 13:20:06,Physical Anomaly,ECG AI,Rate Tampering (Tachycardia) (Loss: 0.08),High
2026-01-07 13:20:06,Physical Anomaly,ECG AI,Rate Tampering (Tachycardia) (Loss: 0.09),High
2026-01-07 13:20:06,Cyber Attack,Network AI,Detected ARP Spoofing (40.2%),High
2026-01-07 13:20:06,Physical Anomaly,ECG AI,Rate Tampering (Tachycardia) (Loss: 0.09),High
2026-01-07 13:20:06,Physical Anomaly,ECG AI,Rate Tampering (Tachycardia) (Loss: 0.08),High
2026-01-07 13:20:06,Cyber Attack,Network AI,Detected ARP Spoofing (38.5%),High
2026-01-07 13:20:06,Physical Anomaly,ECG AI,Rate Tampering (Tachycardia) (Loss: 0.07),High
2026-01-07 13:20:06,Physical Anomaly,ECG AI,Rate Tampering (Tachycardia) (Loss: 0.06),High
2026-01-07 13:20:06,Cyber Attack,Network AI,Detected ARP Spoofing (38.8%),High
2026-01-07 13:20:06,Physical Anomaly,ECG AI,Rate Tampering (Tachycardia) (Loss: 0.06),High
2026-01-07 13:20:07,Physical Anomaly,ECG AI,Rate Tampering (Tachycardia) (Loss: 0.06),High
2026-01-07 13:20:07,Physical Anomaly,ECG AI,Rate Tampering (Tachycardia) (Loss: 0.06),High
2026-01-07 13:20:07,Cyber Attack,Network AI,Detected ARP Spoofing (40.2%),High
2026-01-07 13:20:07,Physical Anomaly,ECG AI,Rate Tampering (Tachycardia) (Loss: 0.08),High
2026-01-07 13:20:07,Physical Anomaly,ECG AI,Rate Tampering (Tachycardia) (Loss: 0.08),High
2026-01-07 13:20:07,Cyber Attack,Network AI,Detected ARP Spoofing (38.8%),High
2026-01-07 13:20:07,Cyber Attack,Network AI,Detected ARP Spoofing (36.6%),High
2026-01-07 13:20:07,Cyber Attack,Network AI,Detected ARP Spoofing (38.8%),High
2026-01-07 13:20:08,Cyber Attack,Network AI,Detected ARP Spoofing (40.2%),High
2026-01-07 13:20:08,Cyber Attack,Network AI,Detected ARP Spoofing (38.8%),High
2026-01-07 13:20:08,Cyber Attack,Network AI,Detected ARP Spoofing (36.6%),High
2026-01-07 13:20:08,Cyber Attack,Network AI,Detected ARP Spoofing (38.9%),High
2026-01-07 13:20:08,Cyber Attack,Network AI,Detected ARP Spoofing (40.2%),High
2026-01-07 13:20:08,Cyber Attack,Network AI,Detected ARP Spoofing (38.9%),High
2026-01-07 13:20:09,Cyber Attack,Network AI,Detected ARP Spoofing (38.8%),High
2026-01-07 13:20:09,Cyber Attack,Network AI,Detected ARP Spoofing (38.8%),High
2026-01-07 13:20:09,Cyber Attack,Network AI,Detected ARP Spoofing (38.8%),High
2026-01-07 13:20:09,Cyber Attack,Network AI,Detected ARP Spoofing (40.2%),High
2026-01-07 13:20:10,Cyber Attack,Network AI,Detected ARP Spoofing (38.8%),High
2026-01-07 13:20:10,Physical Anomaly,ECG AI,Spoofing (High Noise) (Loss: 0.12),High
2026-01-07 13:20:10,Physical Anomaly,ECG AI,Spoofing (High Noise) (Loss: 0.10),High
2026-01-07 13:20:10,Physical Anomaly,ECG AI,Spoofing (High Noise) (Loss: 0.10),High
2026-01-07 13:20:10,Cyber Attack,Network AI,Detected ARP Spoofing (40.2%),High
2026-01-07 13:20:10,Physical Anomaly,ECG AI,Spoofing (High Noise) (Loss: 0.10),High
2026-01-07 13:20:10,Physical Anomaly,ECG AI,Spoofing (High Noise) (Loss: 0.11),High
2026-01-07 13:20:10,Cyber Attack,Network AI,Detected ARP Spoofing (38.9%),High
2026-01-07 13:20:10,Physical Anomaly,ECG AI,Spoofing (High Noise) (Loss: 0.11),High
2026-01-07 13:20:10,Physical Anomaly,ECG AI,Spoofing (High Noise) (Loss: 0.12),High
2026-01-07 13:20:10,Physical Anomaly,ECG AI,Spoofing (High Noise) (Loss: 0.10),High
2026-01-07 13:20:10,Cyber Attack,Network AI,Detected ARP Spoofing (38.8%),High
2026-01-07 13:20:10,Physical Anomaly,ECG AI,Spoofing (High Noise) (Loss: 0.14),High
2026-01-07 13:20:11,Physical Anomaly,ECG AI,Spoofing (High Noise) (Loss: 0.15),High
2026-01-07 13:20:11,Cyber Attack,Network AI,Detected ARP Spoofing (40.2%),High
2026-01-07 13:20:11,Physical Anomaly,ECG AI,Spoofing (High Noise) (Loss: 0.14),High
2026-01-07 13:20:11,Physical Anomaly,ECG AI,Spoofing (High Noise) (Loss: 0.12),High
2026-01-07 13:20:11,Cyber Attack,Network AI,Detected ARP Spoofing (38.8%),High
2026-01-07 13:20:11,Physical Anomaly,ECG AI,Spoofing (High Noise) (Loss: 0.10),High
2026-01-07 13:20:11,Physical Anomaly,ECG AI,Spoofing (High Noise) (Loss: 0.10),High
2026-01-07 13:20:11,Cyber Attack,Network AI,Detected ARP Spoofing (40.2%),High
2026-01-07 13:20:11,Physical Anomaly,ECG AI,Spoofing (High Noise) (Loss: 0.12),High
2026-01-07 13:20:11,Physical Anomaly,ECG AI,Spoofing (High Noise) (Loss: 0.12),High
2026-01-07 13:20:11,Physical Anomaly,ECG AI,Rate Tampering (Tachycardia) (Loss: 0.12),High
2026-01-07 13:20:11,Cyber Attack,Network AI,Detected ARP Spoofing (40.2%),High
2026-01-07 13:20:11,Physical Anomaly,ECG AI,Rate Tampering (Tachycardia) (Loss: 0.12),High
2026-01-07 13:20:11,Physical Anomaly,ECG AI,Rate Tampering (Tachycardia) (Loss: 0.10),High
2026-01-07 13:20:11,Cyber Attack,Network AI,Detected ARP Spoofing (38.8%),High
2026-01-07 13:20:11,Physical Anomaly,ECG AI,Rate Tampering (Tachycardia) (Loss: 0.10),High
2026-01-07 13:20:11,Physical Anomaly,ECG AI,Spoofing (High Noise) (Loss: 0.10),High
2026-01-07 13:20:11,Cyber Attack,Network AI,Detected ARP Spoofing (40.2%),High
2026-01-07 13:20:11,Physical Anomaly,ECG AI,Spoofing (High Noise) (Loss: 0.07),High
2026-01-07 13:20:12,Cyber Attack,Network AI,Detected ARP Spoofing (38.8%),High
2026-01-07 13:20:12,Cyber Attack,Network AI,Detected ARP Spoofing (40.2%),High
2026-01-07 13:20:12,Cyber Attack,Network AI,Detected ARP Spoofing (38.8%),High
2026-01-07 13:20:12,Cyber Attack,Network AI,Detected ARP Spoofing (38.9%),High
2026-01-07 13:20:12,Cyber Attack,Network AI,Detected ARP Spoofing (38.9%),High
2026-01-07 13:20:13,Cyber Attack,Network AI,Detected ARP Spoofing (38.8%),High
2026-01-07 13:20:13,Cyber Attack,Network AI,Detected ARP Spoofing (38.8%),High
2026-01-07 13:20:13,Cyber Attack,Network AI,Detected ARP Spoofing (38.9%),High
2026-01-07 13:20:13,Cyber Attack,Network AI,Detected ARP Spoofing (40.2%),High
2026-01-07 13:20:14,Cyber Attack,Network AI,Detected ARP Spoofing (38.9%),High
2026-01-07 13:20:14,Cyber Attack,Network AI,Detected ARP Spoofing (38.8%),High
2026-01-07 13:20:14,Physical Anomaly,ECG AI,Rate Tampering (Tachycardia) (Loss: 0.05),High
2026-01-07 13:20:14,Physical Anomaly,ECG AI,Rate Tampering (Tachycardia) (Loss: 0.05),High
2026-01-07 13:20:14,Cyber Attack,Network AI,Detected ARP Spoofing (38.8%),High
2026-01-07 13:20:14,Cyber Attack,Network AI,Detected ARP Spoofing (38.5%),High
2026-01-07 13:20:15,Cyber Attack,Network AI,Detected ARP Spoofing (38.9%),High
2026-01-07 13:20:15,Cyber Attack,Network AI,Detected ARP Spoofing (38.5%),High
2026-01-07 13:20:15,Cyber Attack,Network AI,Detected ARP Spoofing (40.2%),High
2026-01-07 13:20:15,Cyber Attack,Network AI,Detected ARP Spoofing (38.8%),High
2026-01-07 13:20:15,Cyber Attack,Network AI,Detected ARP Spoofing (38.8%),High
2026-01-07 13:20:16,Physical Anomaly,ECG AI,Rate Tampering (Tachycardia) (Loss: 0.04),High
2026-01-07 13:20:16,Physical Anomaly,ECG AI,Rate Tampering (Tachycardia) (Loss: 0.04),High
2026-01-07 13:20:16,Cyber Attack,Network AI,Detected ARP Spoofing (38.5%),High
2026-01-07 13:20:16,Physical Anomaly,ECG AI,Rate Tampering (Tachycardia) (Loss: 0.06),High
2026-01-07 13:20:16,Physical Anomaly,ECG AI,Rate Tampering (Tachycardia) (Loss: 0.07),High
2026-01-07 13:20:16,Cyber Attack,Network AI,Detected ARP Spoofing (36.6%),High
2026-01-07 13:20:16,Physical Anomaly,ECG AI,Rate Tampering (Tachycardia) (Loss: 0.07),High
2026-01-07 13:20:16,Physical Anomaly,ECG AI,Rate Tampering (Tachycardia) (Loss: 0.07),High
2026-01-07 13:20:16,Physical Anomaly,ECG AI,Rate Tampering (Tachycardia) (Loss: 0.09),High
2026-01-07 13:20:16,Cyber Attack,Network AI,Detected ARP Spoofing (38.8%),High
2026-01-07 13:20:16,Physical Anomaly,ECG AI,Rate Tampering (Tachycardia) (Loss: 0.10),High
2026-01-07 13:20:16,Physical Anomaly,ECG AI,Rate Tampering (Tachycardia) (Loss: 0.10),High
2026-01-07 13:20:16,Cyber Attack,Network AI,Detected ARP Spoofing (38.8%),High
2026-01-07 13:20:16,Physical Anomaly,ECG AI,Rate Tampering (Tachycardia) (Loss: 0.11),High
2026-01-07 13:20:16,Physical Anomaly,ECG AI,Rate Tampering (Tachycardia) (Loss: 0.11),High
2026-01-07 13:20:16,Physical Anomaly,ECG AI,Rate Tampering (Tachycardia) (Loss: 0.11),High
2026-01-07 13:20:16,Cyber Attack,Network AI,Detected ARP Spoofing (38.8%),High
2026-01-07 13:20:16,Physical Anomaly,ECG AI,Rate Tampering (Tachycardia) (Loss: 0.11),High
2026-01-07 13:20:16,Physical Anomaly,ECG AI,Rate Tampering (Tachycardia) (Loss: 0.10),High
2026-01-07 13:20:16,Cyber Attack,Network AI,Detected ARP Spoofing (36.6%),High
2026-01-07 13:20:16,Physical Anomaly,ECG AI,Rate Tampering (Tachycardia) (Loss: 0.10),High
2026-01-07 13:20:17,Physical Anomaly,ECG AI,Rate Tampering (Tachycardia) (Loss: 0.08),High
2026-01-07 13:20:17,Cyber Attack,Network AI,Detected ARP Spoofing (40.2%),High
2026-01-07 13:20:17,Cyber Attack,Network AI,Detected ARP Spoofing (38.8%),High
2026-01-07 13:20:17,Cyber Attack,Network AI,Detected ARP Spoofing (38.8%),High
2026-01-07 13:20:17,Cyber Attack,Network AI,Detected ARP Spoofing (38.8%),High
2026-01-07 13:20:18,Cyber Attack,Network AI,Detected ARP Spoofing (38.8%),High
2026-01-07 13:20:18,Cyber Attack,Network AI,Detected ARP Spoofing (40.2%),High
2026-01-07 13:20:18,Cyber Attack,Network AI,Detected ARP Spoofing (38.8%),High
2026-01-07 13:20:18,Cyber Attack,Network AI,Detected ARP Spoofing (40.2%),High
2026-01-07 13:20:18,Cyber Attack,Network AI,Detected ARP Spoofing (40.2%),High
2026-01-07 13:20:19,Cyber Attack,Network AI,Detected ARP Spoofing (38.8%),High
2026-01-07 13:20:19,Cyber Attack,Network AI,Detected ARP Spoofing (40.2%),High
2026-01-07 13:20:19,Cyber Attack,Network AI,Detected ARP Spoofing (36.6%),High
2026-01-07 13:20:19,Cyber Attack,Network AI,Detected ARP Spoofing (38.9%),High
2026-01-07 13:20:19,Cyber Attack,Network AI,Detected ARP Spoofing (38.9%),High
2026-01-07 13:20:19,Cyber Attack,Network AI,Detected ARP Spoofing (40.2%),High
2026-01-07 13:20:20,Cyber Attack,Network AI,Detected ARP Spoofing (40.2%),High
2026-01-07 13:20:20,Physical Anomaly,ECG AI,Rate Tampering (Tachycardia) (Loss: 0.03),High
2026-01-07 13:20:20,Physical Anomaly,ECG AI,Rate Tampering (Tachycardia) (Loss: 0.04),High
2026-01-07 13:20:20,Cyber Attack,Network AI,Detected ARP Spoofing (38.8%),High
2026-01-07 13:20:20,Cyber Attack,Network AI,Detected ARP Spoofing (40.2%),High
2026-01-07 13:20:20,Cyber Attack,Network AI,Detected ARP Spoofing (38.8%),High
2026-01-07 13:20:21,Cyber Attack,Network AI,Detected ARP Spoofing (38.8%),High
2026-01-07 13:20:21,Cyber Attack,Network AI,Detected ARP Spoofing (38.9%),High
2026-01-07 13:20:21,Cyber Attack,Network AI,Detected ARP Spoofing (40.2%),High
2026-01-07 13:20:21,Cyber Attack,Network AI,Detected ARP Spoofing (38.8%),High
2026-01-07 13:20:21,Cyber Attack,Network AI,Detected ARP Spoofing (38.8%),High
2026-01-07 13:20:22,Cyber Attack,Network AI,Detected ARP Spoofing (38.8%),High
2026-01-07 13:20:22,Cyber Attack,Network AI,Detected ARP Spoofing (40.2%),High
2026-01-07 13:20:22,Cyber Attack,Network AI,Detected ARP Spoofing (40.2%),High
2026-01-07 13:20:22,Cyber Attack,Network AI,Detected ARP Spoofing (38.8%),High
2026-01-07 13:20:22,Physical Anomaly,ECG AI,Rate Tampering (Tachycardia) (Loss: 0.03),High
2026-01-07 13:20:22,Cyber Attack,Network AI,Detected ARP Spoofing (38.5%),High
2026-01-07 13:20:22,Physical Anomaly,ECG AI,Rate Tampering (Tachycardia) (Loss: 0.04),High
2026-01-07 13:20:23,Cyber Attack,Network AI,Detected ARP Spoofing (38.8%),High
2026-01-07 13:20:23,Cyber Attack,Network AI,Detected ARP Spoofing (38.8%),High
2026-01-07 13:20:23,Cyber Attack,Network AI,Detected ARP Spoofing (38.9%),High
2026-01-07 13:20:23,Physical Anomaly,ECG AI,Rate Tampering (Tachycardia) (Loss: 0.06),High
2026-01-07 13:20:23,Physical Anomaly,ECG AI,Rate Tampering (Tachycardia) (Loss: 0.06),High
2026-01-07 13:20:23,Physical Anomaly,ECG AI,Rate Tampering (Tachycardia) (Loss: 0.06),High
2026-01-07 13:20:23,Cyber Attack,Network AI,Detected ARP Spoofing (38.8%),High
2026-01-07 13:20:23,Physical Anomaly,ECG AI,Rate Tampering (Tachycardia) (Loss: 0.06),High
2026-01-07 13:20:24,Physical Anomaly,ECG AI,Rate Tampering (Tachycardia) (Loss: 0.06),High
2026-01-07 13:20:24,Cyber Attack,Network AI,Detected ARP Spoofing (38.5%),High
2026-01-07 13:20:24,Physical Anomaly,ECG AI,Rate Tampering (Tachycardia) (Loss: 0.05),High
2026-01-07 13:20:24,Physical Anomaly,ECG AI,Rate Tampering (Tachycardia) (Loss: 0.06),High
2026-01-07 13:20:24,Cyber Attack,Network AI,Detected ARP Spoofing (38.8%),High
2026-01-07 13:20:24,Cyber Attack,Network AI,Detected ARP Spoofing (38.5%),High
2026-01-07 13:20:24,Cyber Attack,Network AI,Detected ARP Spoofing (38.9%),High
2026-01-07 13:20:24,Cyber Attack,Network AI,Detected ARP Spoofing (38.8%),High
2026-01-07 13:20:24,Cyber Attack,Network AI,Detected ARP Spoofing (38.9%),High
2026-01-07 13:20:25,Cyber Attack,Network AI,Detected ARP Spoofing (38.8%),High
2026-01-07 13:20:25,Cyber Attack,Network AI,Detected ARP Spoofing (38.8%),High
2026-01-07 13:20:25,Cyber Attack,Network AI,Detected ARP Spoofing (36.6%),High
2026-01-07 13:20:25,Cyber Attack,Network AI,Detected ARP Spoofing (38.8%),High
2026-01-07 13:20:25,Cyber Attack,Network AI,Detected ARP Spoofing (38.8%),High
2026-01-07 13:20:26,Cyber Attack,Network AI,Detected ARP Spoofing (40.2%),High
2026-01-07 13:20:26,Cyber Attack,Network AI,Detected ARP Spoofing (38.8%),High
2026-01-07 13:20:26,Cyber Attack,Network AI,Detected ARP Spoofing (40.2%),High
2026-01-07 13:20:26,Cyber Attack,Network AI,Detected ARP Spoofing (38.5%),High
2026-01-07 13:20:27,Cyber Attack,Network AI,Detected ARP Spoofing (38.8%),High
2026-01-07 13:20:27,Cyber Attack,Network AI,Detected ARP Spoofing (38.8%),High
2026-01-07 13:20:27,Cyber Attack,Network AI,Detected ARP Spoofing (40.2%),High
2026-01-07 13:20:28,Cyber Attack,Network AI,Detected ARP Spoofing (38.5%),High
2026-01-07 13:20:28,Cyber Attack,Network AI,Detected ARP Spoofing (38.8%),High
2026-01-07 13:20:28,Physical Anomaly,ECG AI,Rate Tampering (Tachycardia) (Loss: 0.11),High
2026-01-07 13:20:28,Cyber Attack,Network AI,Detected ARP Spoofing (38.8%),High
2026-01-07 13:20:28,Physical Anomaly,ECG AI,Rate Tampering (Tachycardia) (Loss: 0.12),High
2026-01-07 13:20:28,Physical Anomaly,ECG AI,Rate Tampering (Tachycardia) (Loss: 0.12),High
2026-01-07 13:20:28,Physical Anomaly,ECG AI,Spoofing (High Noise) (Loss: 0.12),High
2026-01-07 13:20:28,Physical Anomaly,ECG AI,Spoofing (High Noise) (Loss: 0.11),High
2026-01-07 13:20:28,Physical Anomaly,ECG AI,Spoofing (High Noise) (Loss: 0.12),High
2026-01-07 13:20:28,Physical Anomaly,ECG AI,Spoofing (High Noise) (Loss: 0.11),High
2026-01-07 13:20:28,Physical Anomaly,ECG AI,Spoofing (High Noise) (Loss: 0.13),High
2026-01-07 13:20:28,Physical Anomaly,ECG AI,Spoofing (High Noise) (Loss: 0.13),High
2026-01-07 13:20:28,Physical Anomaly,ECG AI,Spoofing (High Noise) (Loss: 0.13),High
2026-01-07 13:20:28,Physical Anomaly,ECG AI,Spoofing (High Noise) (Loss: 0.10),High
2026-01-07 13:20:29,Physical Anomaly,ECG AI,Spoofing (High Noise) (Loss: 0.10),High
2026-01-07 13:20:49,Physical Anomaly,ECG AI,Rate Tampering (Tachycardia) (Loss: 0.05),High
2026-01-07 13:20:49,Physical Anomaly,ECG AI,Rate Tampering (Tachycardia) (Loss: 0.05),High
2026-01-07 13:20:49,Physical Anomaly,ECG AI,Rate Tampering (Tachycardia) (Loss: 0.05),High
2026-01-07 13:20:49,Physical Anomaly,ECG AI,Rate Tampering (Tachycardia) (Loss: 0.05),High
2026-01-07 13:20:49,Physical Anomaly,ECG AI,Rate Tampering (Tachycardia) (Loss: 0.05),High
2026-01-07 13:20:50,Physical Anomaly,ECG AI,Rate Tampering (Tachycardia) (Loss: 0.05),High
2026-01-07 13:20:50,Physical Anomaly,ECG AI,Rate Tampering (Tachycardia) (Loss: 0.07),High
2026-01-07 13:20:50,Physical Anomaly,ECG AI,Rate Tampering (Tachycardia) (Loss: 0.06),High
2026-01-07 13:20:50,Physical Anomaly,ECG AI,Rate Tampering (Tachycardia) (Loss: 0.06),High
2026-01-07 13:20:50,Physical Anomaly,ECG AI,Rate Tampering (Tachycardia) (Loss: 0.06),High
2026-01-07 13:20:50,Physical Anomaly,ECG AI,Rate Tampering (Tachycardia) (Loss: 0.06),High
2026-01-07 13:20:50,Physical Anomaly,ECG AI,Rate Tampering (Tachycardia) (Loss: 0.06),High
2026-01-07 13:20:50,Physical Anomaly,ECG AI,Rate Tampering (Tachycardia) (Loss: 0.05),High
2026-01-07 13:20:50,Physical Anomaly,ECG AI,Rate Tampering (Tachycardia) (Loss: 0.05),High
2026-01-07 13:20:50,Physical Anomaly,ECG AI,Rate Tampering (Tachycardia) (Loss: 0.05),High
2026-01-07 13:20:50,Physical Anomaly,ECG AI,Rate Tampering (Tachycardia) (Loss: 0.05),High
2026-01-07 13:20:50,Physical Anomaly,ECG AI,Rate Tampering (Tachycardia) (Loss: 0.05),High
2026-01-07 13:20:50,Physical Anomaly,ECG AI,Rate Tampering (Tachycardia) (Loss: 0.04),High
2026-01-07 13:20:51,Physical Anomaly,ECG AI,Rate Tampering (Tachycardia) (Loss: 0.05),High
2026-01-07 13:20:51,Physical Anomaly,ECG AI,Rate Tampering (Tachycardia) (Loss: 0.05),High
2026-01-07 13:20:51,Physical Anomaly,ECG AI,Rate Tampering (Tachycardia) (Loss: 0.05),High
2026-01-07 13:20:51,Physical Anomaly,ECG AI,Rate Tampering (Tachycardia) (Loss: 0.05),High
2026-01-07 13:20:51,Physical Anomaly,ECG AI,Rate Tampering (Tachycardia) (Loss: 0.05),High
2026-01-07 13:20:51,Physical Anomaly,ECG AI,Rate Tampering (Tachycardia) (Loss: 0.05),High
2026-01-07 13:20:51,Physical Anomaly,ECG AI,Rate Tampering (Tachycardia) (Loss: 0.05),High
2026-01-07 13:20:51,Physical Anomaly,ECG AI,Rate Tampering (Tachycardia) (Loss: 0.05),High
2026-01-07 13:20:52,Physical Anomaly,ECG AI,Rate Tampering (Tachycardia) (Loss: 0.06),High
2026-01-07 13:20:52,Physical Anomaly,ECG AI,Rate Tampering (Tachycardia) (Loss: 0.05),High
2026-01-07 13:20:52,Physical Anomaly,ECG AI,Rate Tampering (Tachycardia) (Loss: 0.05),High
2026-01-07 13:20:52,Physical Anomaly,ECG AI,Rate Tampering (Tachycardia) (Loss: 0.05),High
2026-01-07 13:20:52,Physical Anomaly,ECG AI,Rate Tampering (Tachycardia) (Loss: 0.05),High
2026-01-07 13:20:52,Physical Anomaly,ECG AI,Rate Tampering (Tachycardia) (Loss: 0.05),High
2026-01-07 13:20:52,Physical Anomaly,ECG AI,Rate Tampering (Tachycardia) (Loss: 0.04),High
2026-01-07 13:20:52,Physical Anomaly,ECG AI,Rate Tampering (Tachycardia) (Loss: 0.04),High
2026-01-07 13:20:52,Physical Anomaly,ECG AI,Rate Tampering (Tachycardia) (Loss: 0.04),High
2026-01-07 13:20:52,Physical Anomaly,ECG AI,Rate Tampering (Tachycardia) (Loss: 0.04),High
2026-01-07 13:20:52,Physical Anomaly,ECG AI,Rate Tampering (Tachycardia) (Loss: 0.04),High
2026-01-07 13:20:52,Physical Anomaly,ECG AI,Rate Tampering (Tachycardia) (Loss: 0.04),High
2026-01-07 13:20:52,Physical Anomaly,ECG AI,Rate Tampering (Tachycardia) (Loss: 0.04),High
2026-01-07 13:20:53,Physical Anomaly,ECG AI,Rate Tampering (Tachycardia) (Loss: 0.04),High
2026-01-07 13:20:53,Physical Anomaly,ECG AI,Rate Tampering (Tachycardia) (Loss: 0.04),High
2026-01-07 13:20:53,Physical Anomaly,ECG AI,Rate Tampering (Tachycardia) (Loss: 0.05),High
2026-01-07 13:20:53,Physical Anomaly,ECG AI,Rate Tampering (Tachycardia) (Loss: 0.04),High
2026-01-07 13:20:53,Physical Anomaly,ECG AI,Rate Tampering (Tachycardia) (Loss: 0.04),High
2026-01-07 13:20:53,Physical Anomaly,ECG AI,Rate Tampering (Tachycardia) (Loss: 0.05),High
2026-01-07 13:20:53,Physical Anomaly,ECG AI,Rate Tampering (Tachycardia) (Loss: 0.05),High
2026-01-07 13:20:53,Physical Anomaly,ECG AI,Rate Tampering (Tachycardia) (Loss: 0.06),High
2026-01-07 13:20:53,Physical Anomaly,ECG AI,Rate Tampering (Tachycardia) (Loss: 0.05),High
2026-01-07 13:20:53,Physical Anomaly,ECG AI,Rate Tampering (Tachycardia) (Loss: 0.05),High
2026-01-07 13:20:53,Physical Anomaly,ECG AI,Rate Tampering (Tachycardia) (Loss: 0.05),High
2026-01-07 13:20:53,Physical Anomaly,ECG AI,Rate Tampering (Tachycardia) (Loss: 0.05),High
2026-01-07 13:20:53,Physical Anomaly,ECG AI,Rate Tampering (Tachycardia) (Loss: 0.05),High
2026-01-07 13:20:54,Physical Anomaly,ECG AI,Rate Tampering (Tachycardia) (Loss: 0.05),High
2026-01-07 13:20:54,Physical Anomaly,ECG AI,Rate Tampering (Tachycardia) (Loss: 0.05),High
2026-01-07 13:20:54,Physical Anomaly,ECG AI,Rate Tampering (Tachycardia) (Loss: 0.04),High
2026-01-07 13:20:54,Physical Anomaly,ECG AI,Rate Tampering (Tachycardia) (Loss: 0.05),High
2026-01-07 13:20:54,Physical Anomaly,ECG AI,Rate Tampering (Tachycardia) (Loss: 0.05),High
2026-01-07 13:20:54,Physical Anomaly,ECG AI,Rate Tampering (Tachycardia) (Loss: 0.04),High
2026-01-07 13:20:54,Physical Anomaly,ECG AI,Rate Tampering (Tachycardia) (Loss: 0.04),High
2026-01-07 13:20:54,Physical Anomaly,ECG AI,Rate Tampering (Tachycardia) (Loss: 0.03),High
2026-01-07 13:20:54,Physical Anomaly,ECG AI,Rate Tampering (Tachycardia) (Loss: 0.04),High
2026-01-07 13:20:54,Physical Anomaly,ECG AI,Rate Tampering (Tachycardia) (Loss: 0.04),High
2026-01-07 13:20:54,Physical Anomaly,ECG AI,Rate Tampering (Tachycardia) (Loss: 0.04),High
2026-01-07 13:20:54,Physical Anomaly,ECG AI,Rate Tampering (Tachycardia) (Loss: 0.05),High
2026-01-07 13:20:54,Physical Anomaly,ECG AI,Rate Tampering (Tachycardia) (Loss: 0.05),High
2026-01-07 13:20:55,Physical Anomaly,ECG AI,Rate Tampering (Tachycardia) (Loss: 0.06),High
2026-01-07 13:20:55,Physical Anomaly,ECG AI,Rate Tampering (Tachycardia) (Loss: 0.05),High
2026-01-07 13:20:55,Physical Anomaly,ECG AI,Rate Tampering (Tachycardia) (Loss: 0.05),High
2026-01-07 13:20:55,Physical Anomaly,ECG AI,Rate Tampering (Tachycardia) (Loss: 0.05),High
2026-01-07 13:20:55,Physical Anomaly,ECG AI,Rate Tampering (Tachycardia) (Loss: 0.05),High
2026-01-07 13:20:55,Physical Anomaly,ECG AI,Rate Tampering (Tachycardia) (Loss: 0.05),High
2026-01-07 13:20:55,Physical Anomaly,ECG AI,Rate Tampering (Tachycardia) (Loss: 0.05),High
2026-01-07 13:20:55,Physical Anomaly,ECG AI,Rate Tampering (Tachycardia) (Loss: 0.05),High
2026-01-07 13:20:55,Physical Anomaly,ECG AI,Rate Tampering (Tachycardia) (Loss: 0.05),High
2026-01-07 13:20:56,Physical Anomaly,ECG AI,Rate Tampering (Tachycardia) (Loss: 0.05),High
2026-01-07 13:20:56,Physical Anomaly,ECG AI,Rate Tampering (Tachycardia) (Loss: 0.05),High
2026-01-07 13:20:56,Physical Anomaly,ECG AI,Rate Tampering (Tachycardia) (Loss: 0.04),High
2026-01-07 13:20:56,Physical Anomaly,ECG AI,Rate Tampering (Tachycardia) (Loss: 0.04),High
2026-01-07 13:20:56,Physical Anomaly,ECG AI,Rate Tampering (Tachycardia) (Loss: 0.05),High
2026-01-07 13:20:56,Physical Anomaly,ECG AI,Rate Tampering (Tachycardia) (Loss: 0.05),High
2026-01-07 13:20:56,Physical Anomaly,ECG AI,Rate Tampering (Tachycardia) (Loss: 0.05),High
2026-01-07 13:20:56,Physical Anomaly,ECG AI,Rate Tampering (Tachycardia) (Loss: 0.04),High
2026-01-07 13:20:56,Physical Anomaly,ECG AI,Rate Tampering (Tachycardia) (Loss: 0.04),High
2026-01-07 13:20:56,Physical Anomaly,ECG AI,Rate Tampering (Tachycardia) (Loss: 0.04),High
2026-01-07 13:20:56,Physical Anomaly,ECG AI,Rate Tampering (Tachycardia) (Loss: 0.04),High
2026-01-07 13:20:56,Physical Anomaly,ECG AI,Rate Tampering (Tachycardia) (Loss: 0.03),High
2026-01-07 13:20:57,Physical Anomaly,ECG AI,Rate Tampering (Tachycardia) (Loss: 0.04),High
2026-01-07 13:20:57,Physical Anomaly,ECG AI,Rate Tampering (Tachycardia) (Loss: 0.04),High
2026-01-07 13:20:57,Physical Anomaly,ECG AI,Rate Tampering (Tachycardia) (Loss: 0.05),High
2026-01-07 13:20:57,Physical Anomaly,ECG AI,Rate Tampering (Tachycardia) (Loss: 0.05),High
2026-01-07 13:20:57,Physical Anomaly,ECG AI,Rate Tampering (Tachycardia) (Loss: 0.06),High
2026-01-07 13:20:57,Physical Anomaly,ECG AI,Rate Tampering (Tachycardia) (Loss: 0.05),High
2026-01-07 13:20:57,Physical Anomaly,ECG AI,Rate Tampering (Tachycardia) (Loss: 0.05),High
2026-01-07 13:20:57,Physical Anomaly,ECG AI,Rate Tampering (Tachycardia) (Loss: 0.05),High
2026-01-07 13:20:57,Physical Anomaly,ECG AI,Rate Tampering (Tachycardia) (Loss: 0.05),High
2026-01-07 13:20:57,Physical Anomaly,ECG AI,Rate Tampering (Tachycardia) (Loss: 0.06),High
2026-01-07 13:20:57,Physical Anomaly,ECG AI,Rate Tampering (Tachycardia) (Loss: 0.06),High
2026-01-07 13:20:57,Physical Anomaly,ECG AI,Rate Tampering (Tachycardia) (Loss: 0.06),High
2026-01-07 13:20:57,Physical Anomaly,ECG AI,Rate Tampering (Tachycardia) (Loss: 0.06),High
2026-01-07 13:20:57,Physical Anomaly,ECG AI,Rate Tampering (Tachycardia) (Loss: 0.06),High
2026-01-07 13:20:59,Physical Anomaly,ECG AI,Rate Tampering (Tachycardia) (Loss: 0.06),High
2026-01-07 13:20:59,Physical Anomaly,ECG AI,Rate Tampering (Tachycardia) (Loss: 0.05),High
2026-01-07 13:20:59,Physical Anomaly,ECG AI,Rate Tampering (Tachycardia) (Loss: 0.05),High
2026-01-07 13:20:59,Physical Anomaly,ECG AI,Rate Tampering (Tachycardia) (Loss: 0.05),High
2026-01-07 13:20:59,Physical Anomaly,ECG AI,Rate Tampering (Tachycardia) (Loss: 0.05),High
2026-01-07 13:20:59,Physical Anomaly,ECG AI,Rate Tampering (Tachycardia) (Loss: 0.05),High
2026-01-07 13:21:00,Physical Anomaly,ECG AI,Rate Tampering (Tachycardia) (Loss: 0.06),High
2026-01-07 13:21:00,Physical Anomaly,ECG AI,Rate Tampering (Tachycardia) (Loss: 0.06),High
2026-01-07 13:21:00,Physical Anomaly,ECG AI,Rate Tampering (Tachycardia) (Loss: 0.07),High
2026-01-07 13:21:00,Physical Anomaly,ECG AI,Rate Tampering (Tachycardia) (Loss: 0.07),High
2026-01-07 13:21:00,Physical Anomaly,ECG AI,Rate Tampering (Tachycardia) (Loss: 0.06),High
2026-01-07 13:21:01,Physical Anomaly,ECG AI,Rate Tampering (Tachycardia) (Loss: 0.06),High
2026-01-07 13:21:01,Physical Anomaly,ECG AI,Rate Tampering (Tachycardia) (Loss: 0.05),High
2026-01-07 13:21:01,Physical Anomaly,ECG AI,Rate Tampering (Tachycardia) (Loss: 0.05),High
2026-01-07 13:21:01,Physical Anomaly,ECG AI,Rate Tampering (Tachycardia) (Loss: 0.05),High
2026-01-07 13:21:01,Physical Anomaly,ECG AI,Rate Tampering (Tachycardia) (Loss: 0.05),High
2026-01-07 13:21:01,Physical Anomaly,ECG AI,Rate Tampering (Tachycardia) (Loss: 0.06),High
2026-01-07 13:21:01,Physical Anomaly,ECG AI,Rate Tampering (Tachycardia) (Loss: 0.05),High
2026-01-07 13:21:01,Physical Anomaly,ECG AI,Rate Tampering (Tachycardia) (Loss: 0.05),High
2026-01-07 13:21:01,Physical Anomaly,ECG AI,Rate Tampering (Tachycardia) (Loss: 0.05),High
2026-01-07 13:21:01,Physical Anomaly,ECG AI,Rate Tampering (Tachycardia) (Loss: 0.05),High
2026-01-07 13:21:02,Physical Anomaly,ECG AI,Rate Tampering (Tachycardia) (Loss: 0.06),High
2026-01-07 13:21:02,Physical Anomaly,ECG AI,Rate Tampering (Tachycardia) (Loss: 0.06),High
2026-01-07 13:21:02,Physical Anomaly,ECG AI,Rate Tampering (Tachycardia) (Loss: 0.06),High
2026-01-07 13:21:02,Physical Anomaly,ECG AI,Rate Tampering (Tachycardia) (Loss: 0.06),High
2026-01-07 13:21:02,Physical Anomaly,ECG AI,Rate Tampering (Tachycardia) (Loss: 0.06),High
2026-01-07 13:21:02,Physical Anomaly,ECG AI,Rate Tampering (Tachycardia) (Loss: 0.06),High
2026-01-07 13:21:03,Physical Anomaly,ECG AI,Rate Tampering (Tachycardia) (Loss: 0.06),High
2026-01-07 13:21:03,Physical Anomaly,ECG AI,Rate Tampering (Tachycardia) (Loss: 0.06),High
2026-01-07 13:21:03,Physical Anomaly,ECG AI,Rate Tampering (Tachycardia) (Loss: 0.05),High
2026-01-07 13:21:03,Physical Anomaly,ECG AI,Rate Tampering (Tachycardia) (Loss: 0.05),High
2026-01-07 13:21:03,Physical Anomaly,ECG AI,Rate Tampering (Tachycardia) (Loss: 0.05),High
2026-01-07 13:21:03,Physical Anomaly,ECG AI,Rate Tampering (Tachycardia) (Loss: 0.05),High
2026-01-07 13:21:03,Physical Anomaly,ECG AI,Rate Tampering (Tachycardia) (Loss: 0.05),High
2026-01-07 13:21:03,Physical Anomaly,ECG AI,Rate Tampering (Tachycardia) (Loss: 0.04),High
2026-01-07 13:21:04,Physical Anomaly,ECG AI,Rate Tampering (Tachycardia) (Loss: 0.04),High
2026-01-07 13:21:04,Physical Anomaly,ECG AI,Rate Tampering (Tachycardia) (Loss: 0.04),High
2026-01-07 13:21:04,Physical Anomaly,ECG AI,Rate Tampering (Tachycardia) (Loss: 0.03),High
2026-01-07 13:21:04,Physical Anomaly,ECG AI,Rate Tampering (Tachycardia) (Loss: 0.04),High
2026-01-07 13:21:04,Physical Anomaly,ECG AI,Rate Tampering (Tachycardia) (Loss: 0.04),High
2026-01-07 13:21:04,Physical Anomaly,ECG AI,Rate Tampering (Tachycardia) (Loss: 0.04),High
2026-01-07 13:21:05,Physical Anomaly,ECG AI,Rate Tampering (Tachycardia) (Loss: 0.04),High
2026-01-07 13:21:05,Physical Anomaly,ECG AI,Rate Tampering (Tachycardia) (Loss: 0.04),High
2026-01-07 13:21:05,Physical Anomaly,ECG AI,Rate Tampering (Tachycardia) (Loss: 0.04),High
2026-01-07 13:21:05,Physical Anomaly,ECG AI,Rate Tampering (Tachycardia) (Loss: 0.04),High
2026-01-07 13:21:05,Physical Anomaly,ECG AI,Rate Tampering (Tachycardia) (Loss: 0.04),High
2026-01-07 13:21:05,Physical Anomaly,ECG AI,Rate Tampering (Tachycardia) (Loss: 0.05),High
2026-01-07 13:21:05,Physical Anomaly,ECG AI,Rate Tampering (Tachycardia) (Loss: 0.05),High
2026-01-07 13:21:05,Physical Anomaly,ECG AI,Rate Tampering (Tachycardia) (Loss: 0.05),High
2026-01-07 13:21:05,Physical Anomaly,ECG AI,Rate Tampering (Tachycardia) (Loss: 0.05),High
2026-01-07 13:21:05,Physical Anomaly,ECG AI,Rate Tampering (Tachycardia) (Loss: 0.05),High
2026-01-07 13:21:06,Physical Anomaly,ECG AI,Rate Tampering (Tachycardia) (Loss: 0.06),High
2026-01-07 13:21:06,Physical Anomaly,ECG AI,Rate Tampering (Tachycardia) (Loss: 0.06),High
2026-01-07 13:21:06,Physical Anomaly,ECG AI,Rate Tampering (Tachycardia) (Loss: 0.06),High
2026-01-07 13:21:06,Physical Anomaly,ECG AI,Rate Tampering (Tachycardia) (Loss: 0.05),High
2026-01-07 13:21:06,Physical Anomaly,ECG AI,Rate Tampering (Tachycardia) (Loss: 0.05),High
2026-01-07 13:21:06,Physical Anomaly,ECG AI,Rate Tampering (Tachycardia) (Loss: 0.05),High
2026-01-07 13:21:06,Physical Anomaly,ECG AI,Rate Tampering (Tachycardia) (Loss: 0.05),High
2026-01-07 13:21:06,Physical Anomaly,ECG AI,Rate Tampering (Tachycardia) (Loss: 0.05),High
2026-01-07 13:21:07,Physical Anomaly,ECG AI,Rate Tampering (Tachycardia) (Loss: 0.05),High
2026-01-07 13:21:07,Physical Anomaly,ECG AI,Rate Tampering (Tachycardia) (Loss: 0.04),High
2026-01-07 13:21:07,Physical Anomaly,ECG AI,Rate Tampering (Tachycardia) (Loss: 0.04),High
2026-01-07 13:21:07,Physical Anomaly,ECG AI,Rate Tampering (Tachycardia) (Loss: 0.04),High
2026-01-07 13:21:07,Physical Anomaly,ECG AI,Rate Tampering (Tachycardia) (Loss: 0.05),High
2026-01-07 13:21:07,Physical Anomaly,ECG AI,Rate Tampering (Tachycardia) (Loss: 0.05),High
2026-01-07 13:21:07,Physical Anomaly,ECG AI,Rate Tampering (Tachycardia) (Loss: 0.07),High
2026-01-07 13:21:07,Physical Anomaly,ECG AI,Rate Tampering (Tachycardia) (Loss: 0.05),High
2026-01-07 13:21:07,Physical Anomaly,ECG AI,Rate Tampering (Tachycardia) (Loss: 0.06),High
2026-01-07 13:21:07,Physical Anomaly,ECG AI,Rate Tampering (Tachycardia) (Loss: 0.06),High
2026-01-07 13:21:07,Physical Anomaly,ECG AI,Rate Tampering (Tachycardia) (Loss: 0.07),High
2026-01-07 13:21:08,Physical Anomaly,ECG AI,Rate Tampering (Tachycardia) (Loss: 0.06),High
2026-01-07 13:21:08,Physical Anomaly,ECG AI,Rate Tampering (Tachycardia) (Loss: 0.05),High
2026-01-07 13:21:08,Physical Anomaly,ECG AI,Rate Tampering (Tachycardia) (Loss: 0.04),High
2026-01-07 13:21:09,Physical Anomaly,ECG AI,Rate Tampering (Tachycardia) (Loss: 0.04),High
2026-01-07 13:21:09,Physical Anomaly,ECG AI,Rate Tampering (Tachycardia) (Loss: 0.04),High
2026-01-07 13:21:09,Physical Anomaly,ECG AI,Rate Tampering (Tachycardia) (Loss: 0.04),High
2026-01-07 13:21:09,Physical Anomaly,ECG AI,Rate Tampering (Tachycardia) (Loss: 0.04),High
2026-01-07 13:21:09,Physical Anomaly,ECG AI,Rate Tampering (Tachycardia) (Loss: 0.04),High
2026-01-07 13:21:09,Physical Anomaly,ECG AI,Rate Tampering (Tachycardia) (Loss: 0.04),High
2026-01-07 13:21:09,Physical Anomaly,ECG AI,Rate Tampering (Tachycardia) (Loss: 0.04),High
2026-01-07 13:21:09,Physical Anomaly,ECG AI,Rate Tampering (Tachycardia) (Loss: 0.05),High
2026-01-07 13:21:09,Physical Anomaly,ECG AI,Rate Tampering (Tachycardia) (Loss: 0.04),High
2026-01-07 13:21:09,Physical Anomaly,ECG AI,Rate Tampering (Tachycardia) (Loss: 0.06),High
2026-01-07 13:21:09,Physical Anomaly,ECG AI,Rate Tampering (Tachycardia) (Loss: 0.04),High
2026-01-07 13:21:09,Physical Anomaly,ECG AI,Rate Tampering (Tachycardia) (Loss: 0.05),High
2026-01-07 13:21:09,Physical Anomaly,ECG AI,Rate Tampering (Tachycardia) (Loss: 0.05),High
2026-01-07 13:21:09,Physical Anomaly,ECG AI,Rate Tampering (Tachycardia) (Loss: 0.05),High
2026-01-07 13:21:09,Physical Anomaly,ECG AI,Rate Tampering (Tachycardia) (Loss: 0.06),High
2026-01-07 13:21:10,Physical Anomaly,ECG AI,Rate Tampering (Tachycardia) (Loss: 0.05),High
2026-01-07 13:21:10,Physical Anomaly,ECG AI,Rate Tampering (Tachycardia) (Loss: 0.05),High
2026-01-07 13:21:10,Physical Anomaly,ECG AI,Rate Tampering (Tachycardia) (Loss: 0.04),High
2026-01-07 13:21:10,Physical Anomaly,ECG AI,Rate Tampering (Tachycardia) (Loss: 0.04),High
2026-01-07 13:21:10,Physical Anomaly,ECG AI,Rate Tampering (Tachycardia) (Loss: 0.04),High
2026-01-07 13:21:10,Physical Anomaly,ECG AI,Rate Tampering (Tachycardia) (Loss: 0.04),High
2026-01-07 13:21:10,Physical Anomaly,ECG AI,Rate Tampering (Tachycardia) (Loss: 0.04),High
2026-01-07 13:21:10,Physical Anomaly,ECG AI,Rate Tampering (Tachycardia) (Loss: 0.04),High
2026-01-07 13:21:10,Physical Anomaly,ECG AI,Rate Tampering (Tachycardia) (Loss: 0.04),High
2026-01-07 13:21:10,Physical Anomaly,ECG AI,Rate Tampering (Tachycardia) (Loss: 0.05),High
2026-01-07 13:21:11,Physical Anomaly,ECG AI,Rate Tampering (Tachycardia) (Loss: 0.05),High
2026-01-07 13:21:11,Physical Anomaly,ECG AI,Rate Tampering (Tachycardia) (Loss: 0.06),High
2026-01-07 13:21:11,Physical Anomaly,ECG AI,Rate Tampering (Tachycardia) (Loss: 0.06),High
2026-01-07 13:21:11,Physical Anomaly,ECG AI,Rate Tampering (Tachycardia) (Loss: 0.06),High
2026-01-07 13:21:11,Physical Anomaly,ECG AI,Rate Tampering (Tachycardia) (Loss: 0.06),High
2026-01-07 13:21:12,Physical Anomaly,ECG AI,Rate Tampering (Tachycardia) (Loss: 0.06),High
2026-01-07 13:21:12,Physical Anomaly,ECG AI,Rate Tampering (Tachycardia) (Loss: 0.06),High
2026-01-07 13:21:13,Physical Anomaly,ECG AI,Rate Tampering (Tachycardia) (Loss: 0.07),High
2026-01-07 13:21:13,Physical Anomaly,ECG AI,Rate Tampering (Tachycardia) (Loss: 0.06),High
2026-01-07 13:21:13,Physical Anomaly,ECG AI,Rate Tampering (Tachycardia) (Loss: 0.06),High
2026-01-07 13:21:13,Physical Anomaly,ECG AI,Rate Tampering (Tachycardia) (Loss: 0.06),High
2026-01-07 13:21:13,Physical Anomaly,ECG AI,Rate Tampering (Tachycardia) (Loss: 0.06),High
2026-01-07 13:21:13,Physical Anomaly,ECG AI,Rate Tampering (Tachycardia) (Loss: 0.07),High
2026-01-07 13:21:13,Physical Anomaly,ECG AI,Rate Tampering (Tachycardia) (Loss: 0.05),High
2026-01-07 13:21:13,Physical Anomaly,ECG AI,Rate Tampering (Tachycardia) (Loss: 0.06),High
2026-01-07 13:21:13,Physical Anomaly,ECG AI,Rate Tampering (Tachycardia) (Loss: 0.06),High
2026-01-07 13:21:13,Physical Anomaly,ECG AI,Rate Tampering (Tachycardia) (Loss: 0.06),High
2026-01-07 13:21:13,Physical Anomaly,ECG AI,Rate Tampering (Tachycardia) (Loss: 0.07),High
2026-01-07 13:21:13,Physical Anomaly,ECG AI,Rate Tampering (Tachycardia) (Loss: 0.06),High
2026-01-07 13:21:13,Physical Anomaly,ECG AI,Rate Tampering (Tachycardia) (Loss: 0.06),High
2026-01-07 13:21:13,Physical Anomaly,ECG AI,Rate Tampering (Tachycardia) (Loss: 0.05),High
2026-01-07 13:21:13,Physical Anomaly,ECG AI,Rate Tampering (Tachycardia) (Loss: 0.05),High
2026-01-07 13:21:13,Physical Anomaly,ECG AI,Rate Tampering (Tachycardia) (Loss: 0.05),High
2026-01-07 13:21:13,Physical Anomaly,ECG AI,Rate Tampering (Tachycardia) (Loss: 0.04),High
2026-01-07 13:21:14,Physical Anomaly,ECG AI,Rate Tampering (Tachycardia) (Loss: 0.04),High
2026-01-07 13:21:14,Physical Anomaly,ECG AI,Rate Tampering (Tachycardia) (Loss: 0.04),High
2026-01-07 13:21:14,Physical Anomaly,ECG AI,Rate Tampering (Tachycardia) (Loss: 0.04),High
2026-01-07 13:21:14,Physical Anomaly,ECG AI,Rate Tampering (Tachycardia) (Loss: 0.04),High
2026-01-07 13:21:14,Physical Anomaly,ECG AI,Rate Tampering (Tachycardia) (Loss: 0.03),High
2026-01-07 13:21:14,Physical Anomaly,ECG AI,Rate Tampering (Tachycardia) (Loss: 0.03),High
2026-01-07 13:21:14,Physical Anomaly,ECG AI,Rate Tampering (Tachycardia) (Loss: 0.03),High
2026-01-07 13:21:14,Physical Anomaly,ECG AI,Rate Tampering (Tachycardia) (Loss: 0.03),High
2026-01-07 13:21:14,Physical Anomaly,ECG AI,Rate Tampering (Tachycardia) (Loss: 0.05),High
2026-01-07 13:21:14,Physical Anomaly,ECG AI,Rate Tampering (Tachycardia) (Loss: 0.04),High
2026-01-07 13:21:15,Physical Anomaly,ECG AI,Rate Tampering (Tachycardia) (Loss: 0.04),High
2026-01-07 13:21:15,Physical Anomaly,ECG AI,Rate Tampering (Tachycardia) (Loss: 0.04),High
2026-01-07 13:21:15,Physical Anomaly,ECG AI,Rate Tampering (Tachycardia) (Loss: 0.03),High
2026-01-07 13:21:15,Physical Anomaly,ECG AI,Rate Tampering (Tachycardia) (Loss: 0.05),High
2026-01-07 13:21:15,Physical Anomaly,ECG AI,Rate Tampering (Tachycardia) (Loss: 0.04),High
2026-01-07 13:21:15,Physical Anomaly,ECG AI,Rate Tampering (Tachycardia) (Loss: 0.04),High
2026-01-07 13:21:15,Physical Anomaly,ECG AI,Rate Tampering (Tachycardia) (Loss: 0.04),High
2026-01-07 13:21:15,Physical Anomaly,ECG AI,Rate Tampering (Tachycardia) (Loss: 0.04),High
2026-01-07 13:21:15,Physical Anomaly,ECG AI,Rate Tampering (Tachycardia) (Loss: 0.06),High
2026-01-07 13:21:15,Physical Anomaly,ECG AI,Rate Tampering (Tachycardia) (Loss: 0.06),High
2026-01-07 13:21:16,Physical Anomaly,ECG AI,Rate Tampering (Tachycardia) (Loss: 0.06),High
2026-01-07 13:21:16,Physical Anomaly,ECG AI,Rate Tampering (Tachycardia) (Loss: 0.06),High
2026-01-07 13:21:16,Physical Anomaly,ECG AI,Rate Tampering (Tachycardia) (Loss: 0.06),High
2026-01-07 13:21:16,Physical Anomaly,ECG AI,Rate Tampering (Tachycardia) (Loss: 0.05),High
2026-01-07 13:21:17,Physical Anomaly,ECG AI,Rate Tampering (Tachycardia) (Loss: 0.05),High
2026-01-07 13:21:17,Physical Anomaly,ECG AI,Rate Tampering (Tachycardia) (Loss: 0.06),High
2026-01-07 13:21:17,Physical Anomaly,ECG AI,Rate Tampering (Tachycardia) (Loss: 0.04),High
2026-01-07 13:21:17,Physical Anomaly,ECG AI,Rate Tampering (Tachycardia) (Loss: 0.03),High
2026-01-07 13:21:17,Physical Anomaly,ECG AI,Rate Tampering (Tachycardia) (Loss: 0.03),High
2026-01-07 13:21:17,Physical Anomaly,ECG AI,Rate Tampering (Tachycardia) (Loss: 0.04),High
2026-01-07 13:21:17,Physical Anomaly,ECG AI,Rate Tampering (Tachycardia) (Loss: 0.04),High
2026-01-07 13:21:17,Physical Anomaly,ECG AI,Rate Tampering (Tachycardia) (Loss: 0.04),High
2026-01-07 13:21:17,Physical Anomaly,ECG AI,Rate Tampering (Tachycardia) (Loss: 0.05),High
2026-01-07 13:21:17,Physical Anomaly,ECG AI,Rate Tampering (Tachycardia) (Loss: 0.05),High
2026-01-07 13:21:17,Physical Anomaly,ECG AI,Rate Tampering (Tachycardia) (Loss: 0.05),High
2026-01-07 13:21:17,Physical Anomaly,ECG AI,Rate Tampering (Tachycardia) (Loss: 0.05),High
2026-01-07 13:21:17,Physical Anomaly,ECG AI,Rate Tampering (Tachycardia) (Loss: 0.07),High
2026-01-07 13:21:17,Physical Anomaly,ECG AI,Rate Tampering (Tachycardia) (Loss: 0.06),High
2026-01-07 13:21:17,Physical Anomaly,ECG AI,Rate Tampering (Tachycardia) (Loss: 0.05),High
2026-01-07 13:21:17,Physical Anomaly,ECG AI,Rate Tampering (Tachycardia) (Loss: 0.05),High
2026-01-07 13:21:17,Physical Anomaly,ECG AI,Rate Tampering (Tachycardia) (Loss: 0.05),High
2026-01-07 13:21:18,Physical Anomaly,ECG AI,Rate Tampering (Tachycardia) (Loss: 0.08),High
2026-01-07 13:21:18,Physical Anomaly,ECG AI,Rate Tampering (Tachycardia) (Loss: 0.08),High
2026-01-07 13:21:18,Physical Anomaly,ECG AI,Rate Tampering (Tachycardia) (Loss: 0.07),High
2026-01-07 13:21:18,Physical Anomaly,ECG AI,Rate Tampering (Tachycardia) (Loss: 0.07),High
2026-01-07 13:21:18,Physical Anomaly,ECG AI,Rate Tampering (Tachycardia) (Loss: 0.06),High
2026-01-07 13:21:18,Physical Anomaly,ECG AI,Rate Tampering (Tachycardia) (Loss: 0.07),High
2026-01-07 13:21:18,Physical Anomaly,ECG AI,Rate Tampering (Tachycardia) (Loss: 0.07),High
2026-01-07 13:21:19,Physical Anomaly,ECG AI,Rate Tampering (Tachycardia) (Loss: 0.06),High
2026-01-07 13:21:19,Physical Anomaly,ECG AI,Rate Tampering (Tachycardia) (Loss: 0.06),High
2026-01-07 13:21:19,Physical Anomaly,ECG AI,Rate Tampering (Tachycardia) (Loss: 0.06),High
2026-01-07 13:21:19,Physical Anomaly,ECG AI,Rate Tampering (Tachycardia) (Loss: 0.06),High
2026-01-07 13:21:19,Physical Anomaly,ECG AI,Rate Tampering (Tachycardia) (Loss: 0.04),High
2026-01-07 13:21:19,Physical Anomaly,ECG AI,Rate Tampering (Tachycardia) (Loss: 0.04),High
2026-01-07 13:21:19,Physical Anomaly,ECG AI,Rate Tampering (Tachycardia) (Loss: 0.04),High
2026-01-07 13:21:19,Physical Anomaly,ECG AI,Rate Tampering (Tachycardia) (Loss: 0.04),High
2026-01-07 13:21:19,Physical Anomaly,ECG AI,Rate Tampering (Tachycardia) (Loss: 0.05),High
2026-01-07 13:21:20,Physical Anomaly,ECG AI,Rate Tampering (Tachycardia) (Loss: 0.05),High
2026-01-07 13:21:20,Physical Anomaly,ECG AI,Rate Tampering (Tachycardia) (Loss: 0.04),High
2026-01-07 13:21:20,Physical Anomaly,ECG AI,Rate Tampering (Tachycardia) (Loss: 0.04),High
2026-01-07 13:21:20,Physical Anomaly,ECG AI,Rate Tampering (Tachycardia) (Loss: 0.04),High
2026-01-07 13:21:20,Physical Anomaly,ECG AI,Rate Tampering (Tachycardia) (Loss: 0.04),High
2026-01-07 13:21:20,Physical Anomaly,ECG AI,Rate Tampering (Tachycardia) (Loss: 0.05),High
2026-01-07 13:21:20,Physical Anomaly,ECG AI,Rate Tampering (Tachycardia) (Loss: 0.04),High
2026-01-07 13:21:20,Physical Anomaly,ECG AI,Rate Tampering (Tachycardia) (Loss: 0.04),High
2026-01-07 13:21:20,Physical Anomaly,ECG AI,Rate Tampering (Tachycardia) (Loss: 0.04),High
2026-01-07 13:21:20,Physical Anomaly,ECG AI,Rate Tampering (Tachycardia) (Loss: 0.04),High
2026-01-07 13:21:21,Physical Anomaly,ECG AI,Rate Tampering (Tachycardia) (Loss: 0.03),High
2026-01-07 13:21:21,Physical Anomaly,ECG AI,Rate Tampering (Tachycardia) (Loss: 0.04),High
2026-01-07 13:21:21,Physical Anomaly,ECG AI,Rate Tampering (Tachycardia) (Loss: 0.04),High
2026-01-07 13:21:21,Physical Anomaly,ECG AI,Rate Tampering (Tachycardia) (Loss: 0.04),High
2026-01-07 13:21:21,Physical Anomaly,ECG AI,Rate Tampering (Tachycardia) (Loss: 0.05),High
2026-01-07 13:21:21,Physical Anomaly,ECG AI,Rate Tampering (Tachycardia) (Loss: 0.05),High
2026-01-07 13:21:21,Physical Anomaly,ECG AI,Rate Tampering (Tachycardia) (Loss: 0.05),High
2026-01-07 13:21:21,Physical Anomaly,ECG AI,Rate Tampering (Tachycardia) (Loss: 0.05),High
2026-01-07 13:21:21,Physical Anomaly,ECG AI,Rate Tampering (Tachycardia) (Loss: 0.06),High
2026-01-07 13:21:21,Physical Anomaly,ECG AI,Rate Tampering (Tachycardia) (Loss: 0.06),High
2026-01-07 13:21:21,Physical Anomaly,ECG AI,Rate Tampering (Tachycardia) (Loss: 0.07),High
2026-01-07 13:21:21,Physical Anomaly,ECG AI,Rate Tampering (Tachycardia) (Loss: 0.06),High
2026-01-07 13:21:21,Physical Anomaly,ECG AI,Rate Tampering (Tachycardia) (Loss: 0.06),High
2026-01-07 13:21:21,Physical Anomaly,ECG AI,Rate Tampering (Tachycardia) (Loss: 0.07),High
2026-01-07 13:21:21,Physical Anomaly,ECG AI,Rate Tampering (Tachycardia) (Loss: 0.07),High
2026-01-07 13:21:22,Physical Anomaly,ECG AI,Rate Tampering (Tachycardia) (Loss: 0.07),High
2026-01-07 13:21:22,Physical Anomaly,ECG AI,Rate Tampering (Tachycardia) (Loss: 0.06),High
2026-01-07 13:21:22,Physical Anomaly,ECG AI,Rate Tampering (Tachycardia) (Loss: 0.06),High
2026-01-07 13:21:22,Physical Anomaly,ECG AI,Rate Tampering (Tachycardia) (Loss: 0.06),High
2026-01-07 13:21:22,Physical Anomaly,ECG AI,Rate Tampering (Tachycardia) (Loss: 0.06),High
2026-01-07 13:21:22,Physical Anomaly,ECG AI,Rate Tampering (Tachycardia) (Loss: 0.06),High
2026-01-07 13:21:22,Physical Anomaly,ECG AI,Rate Tampering (Tachycardia) (Loss: 0.05),High
2026-01-07 13:21:22,Physical Anomaly,ECG AI,Rate Tampering (Tachycardia) (Loss: 0.05),High
2026-01-07 13:21:22,Physical Anomaly,ECG AI,Rate Tampering (Tachycardia) (Loss: 0.05),High
2026-01-07 13:21:22,Physical Anomaly,ECG AI,Rate Tampering (Tachycardia) (Loss: 0.05),High
2026-01-07 13:21:23,Physical Anomaly,ECG AI,Rate Tampering (Tachycardia) (Loss: 0.05),High
2026-01-07 13:21:23,Physical Anomaly,ECG AI,Rate Tampering (Tachycardia) (Loss: 0.05),High
2026-01-07 13:21:23,Physical Anomaly,ECG AI,Rate Tampering (Tachycardia) (Loss: 0.05),High
2026-01-07 13:21:23,Physical Anomaly,ECG AI,Rate Tampering (Tachycardia) (Loss: 0.05),High
2026-01-07 13:21:23,Physical Anomaly,ECG AI,Rate Tampering (Tachycardia) (Loss: 0.05),High
2026-01-07 13:21:23,Physical Anomaly,ECG AI,Rate Tampering (Tachycardia) (Loss: 0.05),High
2026-01-07 13:21:23,Physical Anomaly,ECG AI,Rate Tampering (Tachycardia) (Loss: 0.04),High
2026-01-07 13:21:23,Physical Anomaly,ECG AI,Rate Tampering (Tachycardia) (Loss: 0.04),High
2026-01-07 13:21:23,Physical Anomaly,ECG AI,Rate Tampering (Tachycardia) (Loss: 0.04),High
2026-01-07 13:21:23,Physical Anomaly,ECG AI,Rate Tampering (Tachycardia) (Loss: 0.05),High
2026-01-07 13:21:23,Physical Anomaly,ECG AI,Rate Tampering (Tachycardia) (Loss: 0.05),High
2026-01-07 13:21:23,Physical Anomaly,ECG AI,Rate Tampering (Tachycardia) (Loss: 0.05),High
2026-01-07 13:21:23,Physical Anomaly,ECG AI,Rate Tampering (Tachycardia) (Loss: 0.06),High
2026-01-07 13:21:23,Physical Anomaly,ECG AI,Rate Tampering (Tachycardia) (Loss: 0.05),High
2026-01-07 13:21:23,Physical Anomaly,ECG AI,Rate Tampering (Tachycardia) (Loss: 0.06),High
2026-01-07 13:21:24,Physical Anomaly,ECG AI,Rate Tampering (Tachycardia) (Loss: 0.05),High
2026-01-07 13:21:24,Physical Anomaly,ECG AI,Rate Tampering (Tachycardia) (Loss: 0.05),High
2026-01-07 13:21:24,Physical Anomaly,ECG AI,Rate Tampering (Tachycardia) (Loss: 0.04),High
2026-01-07 13:21:24,Physical Anomaly,ECG AI,Rate Tampering (Tachycardia) (Loss: 0.05),High
2026-01-07 13:21:24,Physical Anomaly,ECG AI,Rate Tampering (Tachycardia) (Loss: 0.05),High
2026-01-07 13:21:24,Physical Anomaly,ECG AI,Rate Tampering (Tachycardia) (Loss: 0.04),High
2026-01-07 13:21:24,Physical Anomaly,ECG AI,Rate Tampering (Tachycardia) (Loss: 0.05),High
2026-01-07 13:21:24,Physical Anomaly,ECG AI,Rate Tampering (Tachycardia) (Loss: 0.05),High
2026-01-07 13:21:24,Physical Anomaly,ECG AI,Rate Tampering (Tachycardia) (Loss: 0.05),High
2026-01-07 13:21:24,Physical Anomaly,ECG AI,Rate Tampering (Tachycardia) (Loss: 0.05),High
2026-01-07 13:21:25,Physical Anomaly,ECG AI,Rate Tampering (Tachycardia) (Loss: 0.05),High
2026-01-07 13:21:25,Physical Anomaly,ECG AI,Rate Tampering (Tachycardia) (Loss: 0.05),High
2026-01-07 13:21:25,Physical Anomaly,ECG AI,Rate Tampering (Tachycardia) (Loss: 0.05),High
2026-01-07 13:21:25,Physical Anomaly,ECG AI,Rate Tampering (Tachycardia) (Loss: 0.05),High
2026-01-07 13:21:25,Physical Anomaly,ECG AI,Rate Tampering (Tachycardia) (Loss: 0.05),High
2026-01-07 13:21:25,Physical Anomaly,ECG AI,Rate Tampering (Tachycardia) (Loss: 0.05),High
2026-01-07 13:21:25,Physical Anomaly,ECG AI,Rate Tampering (Tachycardia) (Loss: 0.05),High
2026-01-07 13:21:25,Physical Anomaly,ECG AI,Rate Tampering (Tachycardia) (Loss: 0.05),High
2026-01-07 13:21:25,Physical Anomaly,ECG AI,Rate Tampering (Tachycardia) (Loss: 0.05),High
2026-01-07 13:21:26,Physical Anomaly,ECG AI,Rate Tampering (Tachycardia) (Loss: 0.05),High
2026-01-07 13:21:26,Physical Anomaly,ECG AI,Rate Tampering (Tachycardia) (Loss: 0.05),High
2026-01-07 13:21:26,Physical Anomaly,ECG AI,Rate Tampering (Tachycardia) (Loss: 0.05),High
2026-01-07 13:21:26,Physical Anomaly,ECG AI,Rate Tampering (Tachycardia) (Loss: 0.05),High
2026-01-07 13:21:26,Physical Anomaly,ECG AI,Rate Tampering (Tachycardia) (Loss: 0.05),High
2026-01-07 13:21:26,Physical Anomaly,ECG AI,Rate Tampering (Tachycardia) (Loss: 0.05),High
2026-01-07 13:21:26,Physical Anomaly,ECG AI,Rate Tampering (Tachycardia) (Loss: 0.05),High
2026-01-07 13:21:26,Physical Anomaly,ECG AI,Rate Tampering (Tachycardia) (Loss: 0.05),High
2026-01-07 13:21:26,Physical Anomaly,ECG AI,Rate Tampering (Tachycardia) (Loss: 0.05),High
2026-01-07 13:21:26,Physical Anomaly,ECG AI,Rate Tampering (Tachycardia) (Loss: 0.05),High
2026-01-07 13:21:26,Physical Anomaly,ECG AI,Rate Tampering (Tachycardia) (Loss: 0.05),High
2026-01-07 13:21:26,Physical Anomaly,ECG AI,Rate Tampering (Tachycardia) (Loss: 0.05),High
2026-01-07 13:21:26,Physical Anomaly,ECG AI,Rate Tampering (Tachycardia) (Loss: 0.05),High
2026-01-07 13:21:26,Physical Anomaly,ECG AI,Rate Tampering (Tachycardia) (Loss: 0.05),High
2026-01-07 13:21:27,Physical Anomaly,ECG AI,Rate Tampering (Tachycardia) (Loss: 0.05),High
2026-01-07 13:21:27,Physical Anomaly,ECG AI,Rate Tampering (Tachycardia) (Loss: 0.05),High
2026-01-07 13:21:27,Physical Anomaly,ECG AI,Rate Tampering (Tachycardia) (Loss: 0.04),High
2026-01-07 13:21:27,Physical Anomaly,ECG AI,Rate Tampering (Tachycardia) (Loss: 0.04),High
2026-01-07 13:21:27,Physical Anomaly,ECG AI,Rate Tampering (Tachycardia) (Loss: 0.04),High
2026-01-07 13:21:27,Physical Anomaly,ECG AI,Rate Tampering (Tachycardia) (Loss: 0.04),High
2026-01-07 13:21:27,Physical Anomaly,ECG AI,Rate Tampering (Tachycardia) (Loss: 0.04),High
2026-01-07 13:21:27,Physical Anomaly,ECG AI,Rate Tampering (Tachycardia) (Loss: 0.04),High
2026-01-07 13:21:27,Physical Anomaly,ECG AI,Rate Tampering (Tachycardia) (Loss: 0.04),High
2026-01-07 13:21:27,Physical Anomaly,ECG AI,Rate Tampering (Tachycardia) (Loss: 0.04),High
2026-01-07 13:21:28,Physical Anomaly,ECG AI,Rate Tampering (Tachycardia) (Loss: 0.05),High
2026-01-07 13:21:28,Physical Anomaly,ECG AI,Rate Tampering (Tachycardia) (Loss: 0.03),High
2026-01-07 13:21:28,Physical Anomaly,ECG AI,Rate Tampering (Tachycardia) (Loss: 0.04),High
2026-01-07 13:21:28,Physical Anomaly,ECG AI,Rate Tampering (Tachycardia) (Loss: 0.04),High
2026-01-07 13:21:28,Physical Anomaly,ECG AI,Rate Tampering (Tachycardia) (Loss: 0.05),High
2026-01-07 13:21:28,Physical Anomaly,ECG AI,Rate Tampering (Tachycardia) (Loss: 0.05),High
2026-01-07 13:21:28,Physical Anomaly,ECG AI,Rate Tampering (Tachycardia) (Loss: 0.06),High
2026-01-07 13:21:28,Physical Anomaly,ECG AI,Rate Tampering (Tachycardia) (Loss: 0.04),High
2026-01-07 13:21:28,Physical Anomaly,ECG AI,Rate Tampering (Tachycardia) (Loss: 0.05),High
2026-01-07 13:21:29,Physical Anomaly,ECG AI,Rate Tampering (Tachycardia) (Loss: 0.04),High
2026-01-07 13:21:29,Physical Anomaly,ECG AI,Rate Tampering (Tachycardia) (Loss: 0.05),High
2026-01-07 13:21:29,Physical Anomaly,ECG AI,Rate Tampering (Tachycardia) (Loss: 0.06),High
2026-01-07 13:21:29,Physical Anomaly,ECG AI,Rate Tampering (Tachycardia) (Loss: 0.05),High
2026-01-07 13:21:29,Physical Anomaly,ECG AI,Rate Tampering (Tachycardia) (Loss: 0.05),High
2026-01-07 13:21:29,Physical Anomaly,ECG AI,Rate Tampering (Tachycardia) (Loss: 0.05),High
2026-01-07 13:21:29,Physical Anomaly,ECG AI,Rate Tampering (Tachycardia) (Loss: 0.06),High
2026-01-07 13:21:29,Physical Anomaly,ECG AI,Rate Tampering (Tachycardia) (Loss: 0.07),High
2026-01-07 13:21:29,Physical Anomaly,ECG AI,Rate Tampering (Tachycardia) (Loss: 0.06),High
2026-01-07 13:21:29,Physical Anomaly,ECG AI,Rate Tampering (Tachycardia) (Loss: 0.06),High
2026-01-07 13:21:30,Physical Anomaly,ECG AI,Rate Tampering (Tachycardia) (Loss: 0.06),High
2026-01-07 13:21:30,Physical Anomaly,ECG AI,Rate Tampering (Tachycardia) (Loss: 0.06),High
2026-01-07 13:21:30,Physical Anomaly,ECG AI,Rate Tampering (Tachycardia) (Loss: 0.07),High
2026-01-07 13:21:30,Physical Anomaly,ECG AI,Rate Tampering (Tachycardia) (Loss: 0.06),High
2026-01-07 13:21:30,Physical Anomaly,ECG AI,Rate Tampering (Tachycardia) (Loss: 0.06),High
2026-01-07 13:21:30,Physical Anomaly,ECG AI,Rate Tampering (Tachycardia) (Loss: 0.05),High
2026-01-07 13:21:30,Physical Anomaly,ECG AI,Rate Tampering (Tachycardia) (Loss: 0.06),High
2026-01-07 13:21:31,Physical Anomaly,ECG AI,Rate Tampering (Tachycardia) (Loss: 0.05),High
2026-01-07 13:21:31,Physical Anomaly,ECG AI,Rate Tampering (Tachycardia) (Loss: 0.05),High
2026-01-07 13:21:31,Physical Anomaly,ECG AI,Rate Tampering (Tachycardia) (Loss: 0.06),High
2026-01-07 13:21:31,Physical Anomaly,ECG AI,Rate Tampering (Tachycardia) (Loss: 0.06),High
2026-01-07 13:21:31,Physical Anomaly,ECG AI,Rate Tampering (Tachycardia) (Loss: 0.05),High
2026-01-07 13:21:32,Physical Anomaly,ECG AI,Rate Tampering (Tachycardia) (Loss: 0.05),High
2026-01-07 13:21:32,Physical Anomaly,ECG AI,Rate Tampering (Tachycardia) (Loss: 0.05),High
2026-01-07 13:21:32,Physical Anomaly,ECG AI,Rate Tampering (Tachycardia) (Loss: 0.05),High
2026-01-07 13:21:32,Physical Anomaly,ECG AI,Rate Tampering (Tachycardia) (Loss: 0.06),High
2026-01-07 13:21:32,Physical Anomaly,ECG AI,Rate Tampering (Tachycardia) (Loss: 0.05),High
2026-01-07 13:21:32,Physical Anomaly,ECG AI,Rate Tampering (Tachycardia) (Loss: 0.05),High
2026-01-07 13:21:32,Physical Anomaly,ECG AI,Rate Tampering (Tachycardia) (Loss: 0.06),High
2026-01-07 13:21:33,Physical Anomaly,ECG AI,Rate Tampering (Tachycardia) (Loss: 0.04),High
2026-01-07 13:21:33,Physical Anomaly,ECG AI,Rate Tampering (Tachycardia) (Loss: 0.04),High
2026-01-07 13:21:33,Physical Anomaly,ECG AI,Rate Tampering (Tachycardia) (Loss: 0.05),High
2026-01-07 13:21:33,Physical Anomaly,ECG AI,Rate Tampering (Tachycardia) (Loss: 0.05),High
2026-01-07 13:21:33,Physical Anomaly,ECG AI,Rate Tampering (Tachycardia) (Loss: 0.06),High
2026-01-07 13:21:33,Physical Anomaly,ECG AI,Rate Tampering (Tachycardia) (Loss: 0.06),High
2026-01-07 13:21:33,Physical Anomaly,ECG AI,Rate Tampering (Tachycardia) (Loss: 0.07),High
2026-01-07 13:21:34,Physical Anomaly,ECG AI,Rate Tampering (Tachycardia) (Loss: 0.05),High
2026-01-07 13:21:34,Physical Anomaly,ECG AI,Rate Tampering (Tachycardia) (Loss: 0.05),High
2026-01-07 13:21:34,Physical Anomaly,ECG AI,Rate Tampering (Tachycardia) (Loss: 0.05),High
2026-01-07 13:21:34,Physical Anomaly,ECG AI,Rate Tampering (Tachycardia) (Loss: 0.06),High
2026-01-07 13:21:34,Physical Anomaly,ECG AI,Rate Tampering (Tachycardia) (Loss: 0.06),High
2026-01-07 13:21:34,Physical Anomaly,ECG AI,Rate Tampering (Tachycardia) (Loss: 0.06),High
2026-01-07 13:21:34,Physical Anomaly,ECG AI,Rate Tampering (Tachycardia) (Loss: 0.06),High
2026-01-07 13:21:34,Physical Anomaly,ECG AI,Rate Tampering (Tachycardia) (Loss: 0.06),High
2026-01-07 13:21:34,Physical Anomaly,ECG AI,Rate Tampering (Tachycardia) (Loss: 0.06),High
2026-01-07 13:21:36,Physical Anomaly,ECG AI,Rate Tampering (Tachycardia) (Loss: 0.06),High
2026-01-07 13:21:36,Physical Anomaly,ECG AI,Rate Tampering (Tachycardia) (Loss: 0.05),High
2026-01-07 13:21:36,Physical Anomaly,ECG AI,Rate Tampering (Tachycardia) (Loss: 0.05),High
2026-01-07 13:21:36,Physical Anomaly,ECG AI,Rate Tampering (Tachycardia) (Loss: 0.05),High
2026-01-07 13:21:36,Physical Anomaly,ECG AI,Rate Tampering (Tachycardia) (Loss: 0.05),High
2026-01-07 13:21:36,Physical Anomaly,ECG AI,Rate Tampering (Tachycardia) (Loss: 0.05),High
2026-01-07 13:21:37,Physical Anomaly,ECG AI,Rate Tampering (Tachycardia) (Loss: 0.06),High
2026-01-07 13:21:37,Physical Anomaly,ECG AI,Rate Tampering (Tachycardia) (Loss: 0.05),High
2026-01-07 13:21:37,Physical Anomaly,ECG AI,Rate Tampering (Tachycardia) (Loss: 0.05),High
2026-01-07 13:21:37,Physical Anomaly,ECG AI,Rate Tampering (Tachycardia) (Loss: 0.06),High
2026-01-07 13:21:37,Physical Anomaly,ECG AI,Rate Tampering (Tachycardia) (Loss: 0.05),High
2026-01-07 13:21:37,Physical Anomaly,ECG AI,Rate Tampering (Tachycardia) (Loss: 0.06),High
2026-01-07 13:21:37,Physical Anomaly,ECG AI,Rate Tampering (Tachycardia) (Loss: 0.07),High
2026-01-07 13:21:38,Physical Anomaly,ECG AI,Rate Tampering (Tachycardia) (Loss: 0.07),High
2026-01-07 13:21:38,Physical Anomaly,ECG AI,Rate Tampering (Tachycardia) (Loss: 0.08),High
2026-01-07 13:21:38,Physical Anomaly,ECG AI,Rate Tampering (Tachycardia) (Loss: 0.07),High
2026-01-07 13:21:38,Physical Anomaly,ECG AI,Rate Tampering (Tachycardia) (Loss: 0.07),High
2026-01-07 13:21:38,Physical Anomaly,ECG AI,Rate Tampering (Tachycardia) (Loss: 0.07),High
2026-01-07 13:21:39,Physical Anomaly,ECG AI,Rate Tampering (Tachycardia) (Loss: 0.08),High
2026-01-07 13:21:39,Physical Anomaly,ECG AI,Rate Tampering (Tachycardia) (Loss: 0.09),High
2026-01-07 13:21:39,Physical Anomaly,ECG AI,Rate Tampering (Tachycardia) (Loss: 0.05),High
2026-01-07 13:21:39,Physical Anomaly,ECG AI,Rate Tampering (Tachycardia) (Loss: 0.05),High
2026-01-07 13:21:39,Physical Anomaly,ECG AI,Rate Tampering (Tachycardia) (Loss: 0.06),High
2026-01-07 13:21:39,Physical Anomaly,ECG AI,Rate Tampering (Tachycardia) (Loss: 0.06),High
2026-01-07 13:21:39,Physical Anomaly,ECG AI,Rate Tampering (Tachycardia) (Loss: 0.05),High
2026-01-07 13:21:39,Physical Anomaly,ECG AI,Rate Tampering (Tachycardia) (Loss: 0.05),High
2026-01-07 13:21:39,Physical Anomaly,ECG AI,Rate Tampering (Tachycardia) (Loss: 0.05),High
2026-01-07 15:24:38,Cyber Attack,Network AI,Detected DoS (38.6%),High
2026-01-07 15:24:38,Cyber Attack,Network AI,Detected DoS (38.6%),High
2026-01-07 15:24:38,Cyber Attack,Network AI,Detected DoS (39.5%),High
2026-01-07 15:24:38,Cyber Attack,Network AI,Detected DoS (39.2%),High
2026-01-07 15:24:38,Cyber Attack,Network AI,Detected DoS (39.3%),High
2026-01-07 15:24:38,Cyber Attack,Network AI,Detected DoS (39.2%),High
2026-01-07 15:24:38,Cyber Attack,Network AI,Detected DoS (39.2%),High
2026-01-07 15:24:38,Cyber Attack,Network AI,Detected DoS (38.0%),High
2026-01-07 15:24:39,Cyber Attack,Network AI,Detected DoS (38.6%),High
2026-01-07 15:24:39,Cyber Attack,Network AI,Detected DoS (39.2%),High
2026-01-07 15:24:39,Cyber Attack,Network AI,Detected DoS (39.5%),High
2026-01-07 15:24:40,Cyber Attack,Network AI,Detected DoS (38.6%),High
2026-01-07 15:24:40,Cyber Attack,Network AI,Detected DoS (39.5%),High
2026-01-07 15:24:40,Physical Anomaly,ECG AI,Critical Signal Loss (Flatline) (Loss: 0.03),High
2026-01-07 15:24:40,Physical Anomaly,ECG AI,Critical Signal Loss (Flatline) (Loss: 0.03),High
2026-01-07 15:24:40,Cyber Attack,Network AI,Detected DoS (38.7%),High
2026-01-07 15:24:40,Physical Anomaly,ECG AI,Critical Signal Loss (Flatline) (Loss: 0.01),High
2026-01-07 15:24:40,Physical Anomaly,ECG AI,Critical Signal Loss (Flatline) (Loss: 0.01),High
2026-01-07 15:24:40,Cyber Attack,Network AI,Detected DoS (38.6%),High
2026-01-07 15:24:40,Cyber Attack,Network AI,Detected DoS (39.2%),High
2026-01-07 15:24:40,Cyber Attack,Network AI,Detected DoS (39.2%),High
2026-01-07 15:24:41,Cyber Attack,Network AI,Detected DoS (38.6%),High
2026-01-07 15:24:41,Cyber Attack,Network AI,Detected DoS (39.2%),High
2026-01-07 15:24:41,Cyber Attack,Network AI,Detected DoS (38.6%),High
2026-01-07 15:24:41,Cyber Attack,Network AI,Detected DoS (39.2%),High
2026-01-07 15:24:41,Cyber Attack,Network AI,Detected DoS (38.0%),High
2026-01-07 15:24:41,Cyber Attack,Network AI,Detected DoS (39.5%),High
2026-01-07 15:24:42,Cyber Attack,Network AI,Detected DoS (38.7%),High
2026-01-07 15:24:42,Cyber Attack,Network AI,Detected DoS (39.2%),High
2026-01-07 15:24:42,Cyber Attack,Network AI,Detected DoS (39.3%),High
2026-01-07 15:24:43,Cyber Attack,Network AI,Detected DoS (38.7%),High
2026-01-07 15:24:43,Cyber Attack,Network AI,Detected DoS (39.5%),High
2026-01-07 15:24:43,Cyber Attack,Network AI,Detected DoS (38.7%),High
2026-01-07 15:24:43,Cyber Attack,Network AI,Detected DoS (38.6%),High
2026-01-07 15:24:43,Cyber Attack,Network AI,Detected DoS (38.7%),High
2026-01-07 15:24:43,Physical Anomaly,ECG AI,Rate Tampering (Tachycardia) (Loss: 0.05),High
2026-01-07 15:24:43,Cyber Attack,Network AI,Detected DoS (39.5%),High
2026-01-07 15:24:43,Physical Anomaly,ECG AI,Rate Tampering (Tachycardia) (Loss: 0.07),High
2026-01-07 15:24:43,Physical Anomaly,ECG AI,Rate Tampering (Tachycardia) (Loss: 0.07),High
2026-01-07 15:24:44,Cyber Attack,Network AI,Detected DoS (38.7%),High
2026-01-07 15:24:44,Physical Anomaly,ECG AI,Rate Tampering (Tachycardia) (Loss: 0.07),High
2026-01-07 15:24:44,Physical Anomaly,ECG AI,Rate Tampering (Tachycardia) (Loss: 0.05),High
2026-01-07 15:24:44,Physical Anomaly,ECG AI,Rate Tampering (Tachycardia) (Loss: 0.05),High
2026-01-07 15:24:44,Cyber Attack,Network AI,Detected DoS (39.2%),High
2026-01-07 15:24:44,Physical Anomaly,ECG AI,Rate Tampering (Tachycardia) (Loss: 0.05),High
2026-01-07 15:24:44,Physical Anomaly,ECG AI,Rate Tampering (Tachycardia) (Loss: 0.05),High
2026-01-07 15:24:44,Cyber Attack,Network AI,Detected DoS (39.5%),High
2026-01-07 15:24:44,Physical Anomaly,ECG AI,Rate Tampering (Tachycardia) (Loss: 0.05),High
2026-01-07 15:24:44,Physical Anomaly,ECG AI,Rate Tampering (Tachycardia) (Loss: 0.04),High
2026-01-07 15:24:44,Cyber Attack,Network AI,Detected DoS (38.6%),High
2026-01-07 15:24:45,Cyber Attack,Network AI,Detected DoS (39.5%),High
2026-01-07 15:24:45,Cyber Attack,Network AI,Detected DoS (39.3%),High
2026-01-07 15:24:45,Cyber Attack,Network AI,Detected DoS (39.2%),High
2026-01-07 15:24:45,Cyber Attack,Network AI,Detected DoS (38.6%),High
2026-01-07 15:24:45,Cyber Attack,Network AI,Detected DoS (38.6%),High
2026-01-07 15:24:46,Cyber Attack,Network AI,Detected DoS (39.5%),High
2026-01-07 15:24:46,Cyber Attack,Network AI,Detected DoS (38.0%),High
2026-01-07 15:24:46,Cyber Attack,Network AI,Detected DoS (38.0%),High
2026-01-07 15:24:46,Cyber Attack,Network AI,Detected DoS (39.2%),High
2026-01-07 15:24:46,Cyber Attack,Network AI,Detected DoS (39.2%),High
2026-01-07 15:24:47,Cyber Attack,Network AI,Detected DoS (39.5%),High
2026-01-07 15:24:47,Cyber Attack,Network AI,Detected DoS (39.5%),High
2026-01-07 15:24:47,Cyber Attack,Network AI,Detected DoS (39.3%),High
2026-01-07 15:24:47,Cyber Attack,Network AI,Detected DoS (38.7%),High
2026-01-07 15:24:47,Cyber Attack,Network AI,Detected DoS (38.0%),High
2026-01-07 15:24:47,Physical Anomaly,ECG AI,Rate Tampering (Tachycardia) (Loss: 0.04),High
2026-01-07 15:24:47,Physical Anomaly,ECG AI,Rate Tampering (Tachycardia) (Loss: 0.04),High
2026-01-07 15:24:48,Cyber Attack,Network AI,Detected DoS (39.3%),High
2026-01-07 15:24:48,Cyber Attack,Network AI,Detected DoS (39.5%),High
2026-01-07 15:24:48,Cyber Attack,Network AI,Detected DoS (39.2%),High
2026-01-07 15:24:48,Cyber Attack,Network AI,Detected DoS (39.5%),High
2026-01-07 15:24:48,Cyber Attack,Network AI,Detected DoS (39.5%),High
2026-01-07 15:24:49,Cyber Attack,Network AI,Detected DoS (39.3%),High
2026-01-07 15:24:49,Cyber Attack,Network AI,Detected DoS (39.2%),High
2026-01-07 15:24:49,Cyber Attack,Network AI,Detected DoS (39.2%),High
2026-01-07 15:24:49,Cyber Attack,Network AI,Detected DoS (39.5%),High
2026-01-07 15:24:49,Cyber Attack,Network AI,Detected DoS (39.5%),High
2026-01-07 15:24:50,Cyber Attack,Network AI,Detected Smurf (40.1%),High
2026-01-07 15:24:50,Cyber Attack,Network AI,Detected Smurf (40.1%),High
2026-01-07 15:24:50,Physical Anomaly,ECG AI,Spoofing (High Noise) (Loss: 0.16),High
2026-01-07 15:24:50,Physical Anomaly,ECG AI,Rate Tampering (Tachycardia) (Loss: 0.16),High
2026-01-07 15:24:50,Physical Anomaly,ECG AI,Spoofing (High Noise) (Loss: 0.13),High
2026-01-07 15:24:50,Cyber Attack,Network AI,Detected Smurf (40.1%),High
2026-01-07 15:24:50,Physical Anomaly,ECG AI,Spoofing (High Noise) (Loss: 0.15),High
2026-01-07 15:24:50,Physical Anomaly,ECG AI,Spoofing (High Noise) (Loss: 0.14),High
2026-01-07 15:24:50,Cyber Attack,Network AI,Detected Smurf (40.1%),High
2026-01-07 15:24:50,Physical Anomaly,ECG AI,Spoofing (High Noise) (Loss: 0.14),High
2026-01-07 15:24:50,Physical Anomaly,ECG AI,Spoofing (High Noise) (Loss: 0.15),High
2026-01-07 15:24:50,Cyber Attack,Network AI,Detected Smurf (40.1%),High
2026-01-07 15:24:50,Physical Anomaly,ECG AI,Spoofing (High Noise) (Loss: 0.17),High
2026-01-07 15:24:50,Physical Anomaly,ECG AI,Spoofing (High Noise) (Loss: 0.17),High
2026-01-07 15:24:51,Physical Anomaly,ECG AI,Spoofing (High Noise) (Loss: 0.17),High
2026-01-07 15:24:51,Cyber Attack,Network AI,Detected Smurf (40.1%),High
2026-01-07 15:24:51,Physical Anomaly,ECG AI,Spoofing (High Noise) (Loss: 0.18),High
2026-01-07 15:24:51,Physical Anomaly,ECG AI,Spoofing (High Noise) (Loss: 0.21),High
2026-01-07 15:24:51,Cyber Attack,Network AI,Detected Smurf (40.1%),High
2026-01-07 15:24:51,Physical Anomaly,ECG AI,Spoofing (High Noise) (Loss: 0.23),High
2026-01-07 15:24:51,Physical Anomaly,ECG AI,Spoofing (High Noise) (Loss: 0.24),High
2026-01-07 15:24:51,Physical Anomaly,ECG AI,Spoofing (High Noise) (Loss: 0.24),High
2026-01-07 15:24:51,Cyber Attack,Network AI,Detected Smurf (40.1%),High
2026-01-07 15:24:51,Physical Anomaly,ECG AI,Spoofing (High Noise) (Loss: 0.26),High
2026-01-07 15:24:51,Physical Anomaly,ECG AI,Spoofing (High Noise) (Loss: 0.29),High
2026-01-07 15:24:51,Cyber Attack,Network AI,Detected Smurf (40.1%),High
2026-01-07 15:24:51,Physical Anomaly,ECG AI,Spoofing (High Noise) (Loss: 0.28),High
2026-01-07 15:24:52,Physical Anomaly,ECG AI,Spoofing (High Noise) (Loss: 0.30),High
2026-01-07 15:24:52,Cyber Attack,Network AI,Detected Smurf (40.1%),High
2026-01-07 15:24:52,Physical Anomaly,ECG AI,Spoofing (High Noise) (Loss: 0.33),High
2026-01-07 15:24:52,Physical Anomaly,ECG AI,Spoofing (High Noise) (Loss: 0.31),High
2026-01-07 15:24:52,Physical Anomaly,ECG AI,Spoofing (High Noise) (Loss: 0.33),High
2026-01-07 15:24:52,Cyber Attack,Network AI,Detected Smurf (40.1%),High
2026-01-07 15:24:52,Physical Anomaly,ECG AI,Spoofing (High Noise) (Loss: 0.31),High
2026-01-07 15:24:52,Physical Anomaly,ECG AI,Spoofing (High Noise) (Loss: 0.30),High
2026-01-07 15:24:52,Cyber Attack,Network AI,Detected Smurf (40.1%),High
2026-01-07 15:24:52,Physical Anomaly,ECG AI,Spoofing (High Noise) (Loss: 0.33),High
2026-01-07 15:24:52,Physical Anomaly,ECG AI,Spoofing (High Noise) (Loss: 0.30),High
2026-01-07 15:24:52,Physical Anomaly,ECG AI,Spoofing (High Noise) (Loss: 0.32),High
2026-01-07 15:24:52,Cyber Attack,Network AI,Detected Smurf (40.1%),High
2026-01-07 15:24:52,Physical Anomaly,ECG AI,Spoofing (High Noise) (Loss: 0.37),High
2026-01-07 15:24:52,Physical Anomaly,ECG AI,Spoofing (High Noise) (Loss: 0.34),High
2026-01-07 15:24:52,Cyber Attack,Network AI,Detected Smurf (40.1%),High
2026-01-07 15:24:52,Physical Anomaly,ECG AI,Spoofing (High Noise) (Loss: 0.36),High
2026-01-07 15:24:52,Physical Anomaly,ECG AI,Spoofing (High Noise) (Loss: 0.35),High
2026-01-07 15:24:52,Physical Anomaly,ECG AI,Spoofing (High Noise) (Loss: 0.35),High
2026-01-07 15:24:53,Cyber Attack,Network AI,Detected Smurf (40.1%),High
2026-01-07 15:24:53,Physical Anomaly,ECG AI,Spoofing (High Noise) (Loss: 0.31),High
2026-01-07 15:24:53,Physical Anomaly,ECG AI,Spoofing (High Noise) (Loss: 0.29),High
2026-01-07 15:24:53,Cyber Attack,Network AI,Detected Smurf (40.1%),High
2026-01-07 15:24:53,Physical Anomaly,ECG AI,Spoofing (High Noise) (Loss: 0.26),High
2026-01-07 15:24:53,Physical Anomaly,ECG AI,Spoofing (High Noise) (Loss: 0.25),High
2026-01-07 15:24:53,Physical Anomaly,ECG AI,Spoofing (High Noise) (Loss: 0.27),High
2026-01-07 15:24:53,Cyber Attack,Network AI,Detected Smurf (40.1%),High
2026-01-07 15:24:53,Physical Anomaly,ECG AI,Spoofing (High Noise) (Loss: 0.28),High
2026-01-07 15:24:53,Physical Anomaly,ECG AI,Spoofing (High Noise) (Loss: 0.24),High
2026-01-07 15:24:53,Cyber Attack,Network AI,Detected Smurf (40.1%),High
2026-01-07 15:24:53,Physical Anomaly,ECG AI,Spoofing (High Noise) (Loss: 0.21),High
2026-01-07 15:24:53,Physical Anomaly,ECG AI,Spoofing (High Noise) (Loss: 0.21),High
2026-01-07 15:24:53,Cyber Attack,Network AI,Detected Smurf (40.1%),High
2026-01-07 15:24:53,Physical Anomaly,ECG AI,Spoofing (High Noise) (Loss: 0.19),High
2026-01-07 15:24:53,Physical Anomaly,ECG AI,Spoofing (High Noise) (Loss: 0.17),High
2026-01-07 15:24:53,Physical Anomaly,ECG AI,Spoofing (High Noise) (Loss: 0.17),High
2026-01-07 15:24:53,Cyber Attack,Network AI,Detected Smurf (40.1%),High
2026-01-07 15:24:53,Physical Anomaly,ECG AI,Spoofing (High Noise) (Loss: 0.17),High
2026-01-07 15:24:54,Physical Anomaly,ECG AI,Spoofing (High Noise) (Loss: 0.17),High
2026-01-07 15:24:54,Cyber Attack,Network AI,Detected Smurf (40.1%),High
2026-01-07 15:24:54,Physical Anomaly,ECG AI,Spoofing (High Noise) (Loss: 0.19),High
2026-01-07 15:24:54,Physical Anomaly,ECG AI,Spoofing (High Noise) (Loss: 0.18),High
2026-01-07 15:24:54,Cyber Attack,Network AI,Detected Smurf (40.1%),High
2026-01-07 15:24:54,Physical Anomaly,ECG AI,Spoofing (High Noise) (Loss: 0.21),High
2026-01-07 15:24:54,Physical Anomaly,ECG AI,Spoofing (High Noise) (Loss: 0.19),High
2026-01-07 15:24:54,Physical Anomaly,ECG AI,Spoofing (High Noise) (Loss: 0.21),High
2026-01-07 15:24:54,Cyber Attack,Network AI,Detected Smurf (40.1%),High
2026-01-07 15:24:54,Physical Anomaly,ECG AI,Spoofing (High Noise) (Loss: 0.24),High
2026-01-07 15:24:54,Physical Anomaly,ECG AI,Spoofing (High Noise) (Loss: 0.23),High
2026-01-07 15:24:54,Cyber Attack,Network AI,Detected Smurf (40.1%),High
2026-01-07 15:24:54,Physical Anomaly,ECG AI,Spoofing (High Noise) (Loss: 0.25),High
2026-01-07 15:24:54,Physical Anomaly,ECG AI,Spoofing (High Noise) (Loss: 0.21),High
2026-01-07 15:24:54,Physical Anomaly,ECG AI,Spoofing (High Noise) (Loss: 0.26),High
2026-01-07 15:24:54,Cyber Attack,Network AI,Detected Smurf (40.1%),High
2026-01-07 15:24:56,Physical Anomaly,ECG AI,Spoofing (High Noise) (Loss: 0.25),High
2026-01-07 15:24:56,Physical Anomaly,ECG AI,Spoofing (High Noise) (Loss: 0.33),High
2026-01-07 15:24:56,Cyber Attack,Network AI,Detected Smurf (40.1%),High
2026-01-07 15:24:56,Physical Anomaly,ECG AI,Spoofing (High Noise) (Loss: 0.34),High
2026-01-07 15:24:56,Physical Anomaly,ECG AI,Spoofing (High Noise) (Loss: 0.35),High
2026-01-07 15:24:56,Cyber Attack,Network AI,Detected Smurf (40.1%),High
2026-01-07 15:24:56,Physical Anomaly,ECG AI,Spoofing (High Noise) (Loss: 0.30),High
2026-01-07 15:24:56,Physical Anomaly,ECG AI,Spoofing (High Noise) (Loss: 0.27),High
2026-01-07 15:24:56,Physical Anomaly,ECG AI,Spoofing (High Noise) (Loss: 0.29),High
2026-01-07 15:24:56,Cyber Attack,Network AI,Detected ARP Spoofing (38.8%),High
2026-01-07 15:24:56,Physical Anomaly,ECG AI,Spoofing (High Noise) (Loss: 0.27),High
2026-01-07 15:24:56,Physical Anomaly,ECG AI,Spoofing (High Noise) (Loss: 0.24),High
2026-01-07 15:24:56,Cyber Attack,Network AI,Detected ARP Spoofing (36.6%),High
2026-01-07 15:24:56,Physical Anomaly,ECG AI,Spoofing (High Noise) (Loss: 0.21),High
2026-01-07 15:24:56,Physical Anomaly,ECG AI,Spoofing (High Noise) (Loss: 0.21),High
2026-01-07 15:24:56,Physical Anomaly,ECG AI,Spoofing (High Noise) (Loss: 0.21),High
2026-01-07 15:24:56,Cyber Attack,Network AI,Detected ARP Spoofing (38.5%),High
2026-01-07 15:24:56,Physical Anomaly,ECG AI,Spoofing (High Noise) (Loss: 0.21),High
2026-01-07 15:24:56,Physical Anomaly,ECG AI,Spoofing (High Noise) (Loss: 0.19),High
2026-01-07 15:24:56,Cyber Attack,Network AI,Detected ARP Spoofing (40.2%),High
2026-01-07 15:24:56,Physical Anomaly,ECG AI,Spoofing (High Noise) (Loss: 0.18),High
2026-01-07 15:24:56,Physical Anomaly,ECG AI,Spoofing (High Noise) (Loss: 0.16),High
2026-01-07 15:24:56,Cyber Attack,Network AI,Detected ARP Spoofing (40.2%),High
2026-01-07 15:24:56,Physical Anomaly,ECG AI,Spoofing (High Noise) (Loss: 0.16),High
2026-01-07 15:24:56,Physical Anomaly,ECG AI,Spoofing (High Noise) (Loss: 0.13),High
2026-01-07 15:24:56,Physical Anomaly,ECG AI,Spoofing (High Noise) (Loss: 0.12),High
2026-01-07 15:24:56,Cyber Attack,Network AI,Detected ARP Spoofing (38.9%),High
2026-01-07 15:24:56,Physical Anomaly,ECG AI,Spoofing (High Noise) (Loss: 0.11),High
2026-01-07 15:24:56,Physical Anomaly,ECG AI,Spoofing (High Noise) (Loss: 0.10),High
2026-01-07 15:24:56,Cyber Attack,Network AI,Detected ARP Spoofing (38.5%),High
2026-01-07 15:24:56,Physical Anomaly,ECG AI,Spoofing (High Noise) (Loss: 0.10),High
2026-01-07 15:24:56,Physical Anomaly,ECG AI,Spoofing (High Noise) (Loss: 0.10),High
2026-01-07 15:24:57,Physical Anomaly,ECG AI,Spoofing (High Noise) (Loss: 0.10),High
2026-01-07 15:24:57,Cyber Attack,Network AI,Detected ARP Spoofing (40.2%),High
2026-01-07 15:24:57,Physical Anomaly,ECG AI,Spoofing (High Noise) (Loss: 0.10),High
2026-01-07 15:24:57,Physical Anomaly,ECG AI,Spoofing (High Noise) (Loss: 0.10),High
2026-01-07 15:24:57,Cyber Attack,Network AI,Detected ARP Spoofing (40.2%),High
2026-01-07 15:24:57,Physical Anomaly,ECG AI,Spoofing (High Noise) (Loss: 0.11),High
2026-01-07 15:24:57,Physical Anomaly,ECG AI,Spoofing (High Noise) (Loss: 0.13),High
2026-01-07 15:24:57,Cyber Attack,Network AI,Detected ARP Spoofing (38.8%),High
2026-01-07 15:24:57,Physical Anomaly,ECG AI,Spoofing (High Noise) (Loss: 0.11),High
2026-01-07 15:24:57,Physical Anomaly,ECG AI,Spoofing (High Noise) (Loss: 0.08),High
2026-01-07 15:24:57,Physical Anomaly,ECG AI,Rate Tampering (Tachycardia) (Loss: 0.08),High
2026-01-07 15:24:57,Cyber Attack,Network AI,Detected ARP Spoofing (40.2%),High
2026-01-07 15:24:57,Physical Anomaly,ECG AI,Rate Tampering (Tachycardia) (Loss: 0.08),High
2026-01-07 15:24:58,Physical Anomaly,ECG AI,Rate Tampering (Tachycardia) (Loss: 0.09),High
2026-01-07 15:24:58,Cyber Attack,Network AI,Detected ARP Spoofing (40.2%),High
2026-01-07 15:24:58,Physical Anomaly,ECG AI,Rate Tampering (Tachycardia) (Loss: 0.09),High
2026-01-07 15:24:58,Physical Anomaly,ECG AI,Rate Tampering (Tachycardia) (Loss: 0.09),High
2026-01-07 15:24:58,Physical Anomaly,ECG AI,Rate Tampering (Tachycardia) (Loss: 0.12),High
2026-01-07 15:24:58,Cyber Attack,Network AI,Detected ARP Spoofing (38.8%),High
2026-01-07 15:24:58,Physical Anomaly,ECG AI,Rate Tampering (Tachycardia) (Loss: 0.13),High
2026-01-07 15:24:58,Physical Anomaly,ECG AI,Rate Tampering (Tachycardia) (Loss: 0.14),High
2026-01-07 15:24:58,Cyber Attack,Network AI,Detected ARP Spoofing (38.8%),High
2026-01-07 15:24:58,Physical Anomaly,ECG AI,Rate Tampering (Tachycardia) (Loss: 0.12),High
2026-01-07 15:24:58,Physical Anomaly,ECG AI,Rate Tampering (Tachycardia) (Loss: 0.10),High
2026-01-07 15:24:58,Cyber Attack,Network AI,Detected ARP Spoofing (36.6%),High
2026-01-07 15:24:58,Physical Anomaly,ECG AI,Rate Tampering (Tachycardia) (Loss: 0.10),High
2026-01-07 15:24:58,Physical Anomaly,ECG AI,Spoofing (High Noise) (Loss: 0.10),High
2026-01-07 15:24:58,Physical Anomaly,ECG AI,Spoofing (High Noise) (Loss: 0.11),High
2026-01-07 15:24:58,Cyber Attack,Network AI,Detected ARP Spoofing (38.8%),High
2026-01-07 15:24:58,Physical Anomaly,ECG AI,Spoofing (High Noise) (Loss: 0.10),High
2026-01-07 15:24:58,Physical Anomaly,ECG AI,Rate Tampering (Tachycardia) (Loss: 0.11),High
2026-01-07 15:24:59,Cyber Attack,Network AI,Detected ARP Spoofing (38.8%),High
2026-01-07 15:24:59,Physical Anomaly,ECG AI,Rate Tampering (Tachycardia) (Loss: 0.11),High
2026-01-07 15:24:59,Physical Anomaly,ECG AI,Rate Tampering (Tachycardia) (Loss: 0.10),High
2026-01-07 15:24:59,Cyber Attack,Network AI,Detected ARP Spoofing (40.2%),High
2026-01-07 15:24:59,Physical Anomaly,ECG AI,Spoofing (High Noise) (Loss: 0.10),High
2026-01-07 15:24:59,Physical Anomaly,ECG AI,Spoofing (High Noise) (Loss: 0.08),High
2026-01-07 15:24:59,Cyber Attack,Network AI,Detected ARP Spoofing (38.8%),High
2026-01-07 15:24:59,Cyber Attack,Network AI,Detected ARP Spoofing (40.2%),High
2026-01-07 15:24:59,Cyber Attack,Network AI,Detected ARP Spoofing (38.8%),High
2026-01-07 15:24:59,Cyber Attack,Network AI,Detected ARP Spoofing (38.8%),High
2026-01-07 15:25:00,Cyber Attack,Network AI,Detected ARP Spoofing (38.8%),High
2026-01-07 15:25:00,Cyber Attack,Network AI,Detected ARP Spoofing (38.8%),High
2026-01-07 15:25:00,Physical Anomaly,ECG AI,Spoofing (High Noise) (Loss: 0.10),High
2026-01-07 15:25:00,Physical Anomaly,ECG AI,Spoofing (High Noise) (Loss: 0.10),High
2026-01-07 15:25:00,Cyber Attack,Network AI,Detected ARP Spoofing (38.8%),High
2026-01-07 15:25:00,Physical Anomaly,ECG AI,Spoofing (High Noise) (Loss: 0.10),High
2026-01-07 15:25:00,Physical Anomaly,ECG AI,Spoofing (High Noise) (Loss: 0.09),High
2026-01-07 15:25:00,Cyber Attack,Network AI,Detected ARP Spoofing (38.9%),High
2026-01-07 15:25:00,Physical Anomaly,ECG AI,Spoofing (High Noise) (Loss: 0.10),High
2026-01-07 15:25:00,Physical Anomaly,ECG AI,Spoofing (High Noise) (Loss: 0.09),High
2026-01-07 15:25:00,Physical Anomaly,ECG AI,Spoofing (High Noise) (Loss: 0.06),High
2026-01-07 15:25:00,Cyber Attack,Network AI,Detected ARP Spoofing (38.8%),High
2026-01-07 15:25:01,Cyber Attack,Network AI,Detected ARP Spoofing (40.2%),High
2026-01-07 15:25:01,Cyber Attack,Network AI,Detected ARP Spoofing (38.8%),High
2026-01-07 15:25:01,Cyber Attack,Network AI,Detected ARP Spoofing (40.2%),High
2026-01-07 15:25:02,Cyber Attack,Network AI,Detected ARP Spoofing (36.6%),High
2026-01-07 15:25:02,Cyber Attack,Network AI,Detected Port Scan (39.9%),High
2026-01-07 15:25:02,Cyber Attack,Network AI,Detected Port Scan (39.9%),High
2026-01-07 15:25:02,Cyber Attack,Network AI,Detected Port Scan (39.5%),High
2026-01-07 15:25:02,Cyber Attack,Network AI,Detected Port Scan (40.2%),High
2026-01-07 15:25:02,Cyber Attack,Network AI,Detected Port Scan (40.2%),High
2026-01-07 15:25:03,Cyber Attack,Network AI,Detected Port Scan (39.7%),High
2026-01-07 15:25:03,Cyber Attack,Network AI,Detected Port Scan (39.5%),High
2026-01-07 15:25:03,Cyber Attack,Network AI,Detected Port Scan (39.5%),High
2026-01-07 15:25:03,Cyber Attack,Network AI,Detected Port Scan (39.0%),High
2026-01-07 15:25:04,Cyber Attack,Network AI,Detected Port Scan (39.9%),High
2026-01-07 15:25:04,Cyber Attack,Network AI,Detected Port Scan (39.8%),High
2026-01-07 15:25:04,Cyber Attack,Network AI,Detected Port Scan (39.9%),High
2026-01-07 15:25:04,Cyber Attack,Network AI,Detected Port Scan (39.5%),High
2026-01-07 15:25:04,Cyber Attack,Network AI,Detected Port Scan (39.4%),High
2026-01-07 15:25:05,Cyber Attack,Network AI,Detected Port Scan (39.9%),High
2026-01-07 15:25:05,Cyber Attack,Network AI,Detected Port Scan (39.5%),High
2026-01-07 15:25:05,Cyber Attack,Network AI,Detected Port Scan (39.4%),High
2026-01-07 15:25:05,Cyber Attack,Network AI,Detected Port Scan (39.4%),High
2026-01-07 15:25:05,Cyber Attack,Network AI,Detected Port Scan (39.8%),High
2026-01-07 15:25:05,Cyber Attack,Network AI,Detected Port Scan (39.9%),High
2026-01-07 15:25:06,Cyber Attack,Network AI,Detected Port Scan (39.5%),High
2026-01-07 15:25:06,Cyber Attack,Network AI,Detected Port Scan (39.0%),High
2026-01-07 15:25:06,Cyber Attack,Network AI,Detected Port Scan (40.2%),High
2026-01-07 15:25:06,Cyber Attack,Network AI,Detected Port Scan (39.5%),High
2026-01-07 15:25:06,Cyber Attack,Network AI,Detected Port Scan (40.2%),High
2026-01-07 15:25:07,Cyber Attack,Network AI,Detected Port Scan (39.4%),High
2026-01-07 15:25:07,Cyber Attack,Network AI,Detected Port Scan (39.8%),High
2026-01-07 15:25:07,Cyber Attack,Network AI,Detected Port Scan (39.7%),High
2026-01-07 15:25:07,Cyber Attack,Network AI,Detected Port Scan (39.4%),High
2026-01-07 15:25:07,Cyber Attack,Network AI,Detected Port Scan (39.9%),High
2026-01-07 15:25:08,Cyber Attack,Network AI,Detected Port Scan (39.8%),High
2026-01-07 15:25:08,Cyber Attack,Network AI,Detected Port Scan (39.8%),High
2026-01-07 15:25:08,Cyber Attack,Network AI,Detected Port Scan (39.5%),High
2026-01-07 15:25:08,Cyber Attack,Network AI,Detected Port Scan (39.8%),High
2026-01-07 15:25:08,Cyber Attack,Network AI,Detected Port Scan (38.3%),High
2026-01-07 15:25:10,Cyber Attack,Network AI,Detected Port Scan (31.7%),High
2026-01-07 15:25:10,Cyber Attack,Network AI,Detected Port Scan (39.9%),High
2026-01-07 15:25:10,Physical Anomaly,ECG AI,Critical Signal Loss (Flatline) (Loss: 0.00),High
2026-01-07 15:25:10,Physical Anomaly,ECG AI,Critical Signal Loss (Flatline) (Loss: 0.00),High
2026-01-07 15:25:11,Physical Anomaly,ECG AI,Critical Signal Loss (Flatline) (Loss: 0.00),High
2026-01-07 15:25:11,Physical Anomaly,ECG AI,Critical Signal Loss (Flatline) (Loss: 0.00),High
2026-01-07 15:25:11,Physical Anomaly,ECG AI,Critical Signal Loss (Flatline) (Loss: 0.00),High
2026-01-07 15:25:11,Physical Anomaly,ECG AI,Critical Signal Loss (Flatline) (Loss: 0.00),High
2026-01-07 15:25:11,Physical Anomaly,ECG AI,Critical Signal Loss (Flatline) (Loss: 0.00),High
2026-01-07 15:25:11,Physical Anomaly,ECG AI,Critical Signal Loss (Flatline) (Loss: 0.00),High
2026-01-07 15:25:11,Physical Anomaly,ECG AI,Critical Signal Loss (Flatline) (Loss: 0.00),High
2026-01-07 15:25:11,Physical Anomaly,ECG AI,Critical Signal Loss (Flatline) (Loss: 0.00),High
2026-01-07 15:25:11,Physical Anomaly,ECG AI,Critical Signal Loss (Flatline) (Loss: 0.00),High
2026-01-07 15:25:11,Physical Anomaly,ECG AI,Critical Signal Loss (Flatline) (Loss: 0.00),High
2026-01-07 15:25:11,Physical Anomaly,ECG AI,Critical Signal Loss (Flatline) (Loss: 0.00),High
2026-01-07 15:25:11,Physical Anomaly,ECG AI,Critical Signal Loss (Flatline) (Loss: 0.00),High
2026-01-07 15:25:11,Physical Anomaly,ECG AI,Critical Signal Loss (Flatline) (Loss: 0.00),High
2026-01-07 15:25:12,Physical Anomaly,ECG AI,Critical Signal Loss (Flatline) (Loss: 0.00),High
2026-01-07 15:25:12,Physical Anomaly,ECG AI,Critical Signal Loss (Flatline) (Loss: 0.00),High
2026-01-07 15:25:12,Physical Anomaly,ECG AI,Critical Signal Loss (Flatline) (Loss: 0.00),High
2026-01-07 15:25:12,Physical Anomaly,ECG AI,Critical Signal Loss (Flatline) (Loss: 0.00),High
2026-01-07 15:25:12,Physical Anomaly,ECG AI,Critical Signal Loss (Flatline) (Loss: 0.00),High
2026-01-07 15:25:12,Physical Anomaly,ECG AI,Critical Signal Loss (Flatline) (Loss: 0.00),High
2026-01-07 15:25:12,Physical Anomaly,ECG AI,Critical Signal Loss (Flatline) (Loss: 0.00),High
2026-01-07 15:25:12,Physical Anomaly,ECG AI,Critical Signal Loss (Flatline) (Loss: 0.00),High
2026-01-07 15:25:12,Physical Anomaly,ECG AI,Critical Signal Loss (Flatline) (Loss: 0.00),High
2026-01-07 15:25:13,Physical Anomaly,ECG AI,Critical Signal Loss (Flatline) (Loss: 0.00),High
2026-01-07 15:25:13,Physical Anomaly,ECG AI,Critical Signal Loss (Flatline) (Loss: 0.00),High
2026-01-07 15:25:13,Physical Anomaly,ECG AI,Critical Signal Loss (Flatline) (Loss: 0.00),High
2026-01-07 15:25:13,Physical Anomaly,ECG AI,Critical Signal Loss (Flatline) (Loss: 0.00),High
2026-01-07 15:25:13,Physical Anomaly,ECG AI,Critical Signal Loss (Flatline) (Loss: 0.00),High
2026-01-07 15:25:13,Physical Anomaly,ECG AI,Critical Signal Loss (Flatline) (Loss: 0.00),High
2026-01-07 15:25:13,Physical Anomaly,ECG AI,Critical Signal Loss (Flatline) (Loss: 0.00),High
2026-01-07 15:25:13,Physical Anomaly,ECG AI,Critical Signal Loss (Flatline) (Loss: 0.00),High
2026-01-07 15:25:13,Physical Anomaly,ECG AI,Critical Signal Loss (Flatline) (Loss: 0.00),High
2026-01-07 15:25:13,Physical Anomaly,ECG AI,Critical Signal Loss (Flatline) (Loss: 0.00),High
2026-01-07 15:25:13,Physical Anomaly,ECG AI,Critical Signal Loss (Flatline) (Loss: 0.00),High
2026-01-07 15:25:13,Physical Anomaly,ECG AI,Critical Signal Loss (Flatline) (Loss: 0.00),High
2026-01-07 15:25:13,Physical Anomaly,ECG AI,Critical Signal Loss (Flatline) (Loss: 0.00),High
2026-01-07 15:25:14,Physical Anomaly,ECG AI,Critical Signal Loss (Flatline) (Loss: 0.00),High
2026-01-07 15:25:14,Physical Anomaly,ECG AI,Critical Signal Loss (Flatline) (Loss: 0.00),High
2026-01-07 15:25:14,Physical Anomaly,ECG AI,Critical Signal Loss (Flatline) (Loss: 0.00),High
2026-01-07 15:25:14,Physical Anomaly,ECG AI,Critical Signal Loss (Flatline) (Loss: 0.00),High
2026-01-07 15:25:14,Physical Anomaly,ECG AI,Critical Signal Loss (Flatline) (Loss: 0.00),High
2026-01-07 15:25:14,Physical Anomaly,ECG AI,Critical Signal Loss (Flatline) (Loss: 0.00),High
2026-01-07 15:25:14,Physical Anomaly,ECG AI,Critical Signal Loss (Flatline) (Loss: 0.00),High
2026-01-07 15:25:14,Physical Anomaly,ECG AI,Critical Signal Loss (Flatline) (Loss: 0.00),High
2026-01-07 15:25:14,Physical Anomaly,ECG AI,Critical Signal Loss (Flatline) (Loss: 0.00),High
2026-01-07 15:25:15,Physical Anomaly,ECG AI,Critical Signal Loss (Flatline) (Loss: 0.00),High
2026-01-07 15:25:15,Physical Anomaly,ECG AI,Critical Signal Loss (Flatline) (Loss: 0.00),High
2026-01-07 15:25:15,Physical Anomaly,ECG AI,Critical Signal Loss (Flatline) (Loss: 0.00),High
2026-01-07 15:25:15,Physical Anomaly,ECG AI,Critical Signal Loss (Flatline) (Loss: 0.00),High
2026-01-07 15:25:15,Physical Anomaly,ECG AI,Critical Signal Loss (Flatline) (Loss: 0.00),High
2026-01-07 15:25:15,Physical Anomaly,ECG AI,Critical Signal Loss (Flatline) (Loss: 0.00),High
2026-01-07 15:25:15,Physical Anomaly,ECG AI,Critical Signal Loss (Flatline) (Loss: 0.00),High
2026-01-07 15:25:15,Physical Anomaly,ECG AI,Critical Signal Loss (Flatline) (Loss: 0.00),High
2026-01-07 15:25:15,Physical Anomaly,ECG AI,Critical Signal Loss (Flatline) (Loss: 0.00),High
2026-01-07 15:25:15,Physical Anomaly,ECG AI,Critical Signal Loss (Flatline) (Loss: 0.00),High
2026-01-07 15:25:15,Physical Anomaly,ECG AI,Critical Signal Loss (Flatline) (Loss: 0.00),High
2026-01-07 15:25:15,Physical Anomaly,ECG AI,Critical Signal Loss (Flatline) (Loss: 0.00),High
2026-01-07 15:25:15,Physical Anomaly,ECG AI,Critical Signal Loss (Flatline) (Loss: 0.00),High
2026-01-07 15:25:15,Physical Anomaly,ECG AI,Critical Signal Loss (Flatline) (Loss: 0.00),High
2026-01-07 15:25:15,Physical Anomaly,ECG AI,Critical Signal Loss (Flatline) (Loss: 0.00),High
2026-01-07 15:25:15,Physical Anomaly,ECG AI,Critical Signal Loss (Flatline) (Loss: 0.00),High
2026-01-07 15:25:16,Physical Anomaly,ECG AI,Critical Signal Loss (Flatline) (Loss: 0.00),High
2026-01-07 15:25:16,Physical Anomaly,ECG AI,Critical Signal Loss (Flatline) (Loss: 0.00),High
2026-01-07 15:25:16,Physical Anomaly,ECG AI,Critical Signal Loss (Flatline) (Loss: 0.00),High
2026-01-07 15:25:16,Physical Anomaly,ECG AI,Critical Signal Loss (Flatline) (Loss: 0.00),High
2026-01-07 15:25:16,Physical Anomaly,ECG AI,Critical Signal Loss (Flatline) (Loss: 0.00),High
2026-01-07 15:25:16,Physical Anomaly,ECG AI,Critical Signal Loss (Flatline) (Loss: 0.00),High
2026-01-07 15:25:16,Physical Anomaly,ECG AI,Critical Signal Loss (Flatline) (Loss: 0.00),High
2026-01-07 15:25:16,Physical Anomaly,ECG AI,Critical Signal Loss (Flatline) (Loss: 0.00),High
2026-01-07 15:25:16,Physical Anomaly,ECG AI,Critical Signal Loss (Flatline) (Loss: 0.00),High
2026-01-07 15:25:17,Physical Anomaly,ECG AI,Critical Signal Loss (Flatline) (Loss: 0.00),High
2026-01-07 15:25:17,Physical Anomaly,ECG AI,Critical Signal Loss (Flatline) (Loss: 0.00),High
2026-01-07 15:25:17,Physical Anomaly,ECG AI,Critical Signal Loss (Flatline) (Loss: 0.00),High
2026-01-07 15:25:17,Physical Anomaly,ECG AI,Critical Signal Loss (Flatline) (Loss: 0.00),High
2026-01-07 15:25:17,Physical Anomaly,ECG AI,Critical Signal Loss (Flatline) (Loss: 0.00),High
2026-01-07 15:25:17,Physical Anomaly,ECG AI,Critical Signal Loss (Flatline) (Loss: 0.00),High
2026-01-07 15:25:17,Physical Anomaly,ECG AI,Critical Signal Loss (Flatline) (Loss: 0.00),High
2026-01-07 15:25:17,Physical Anomaly,ECG AI,Critical Signal Loss (Flatline) (Loss: 0.00),High
2026-01-07 15:25:17,Physical Anomaly,ECG AI,Critical Signal Loss (Flatline) (Loss: 0.00),High
2026-01-07 15:25:17,Physical Anomaly,ECG AI,Critical Signal Loss (Flatline) (Loss: 0.00),High
2026-01-07 15:25:17,Physical Anomaly,ECG AI,Critical Signal Loss (Flatline) (Loss: 0.00),High
2026-01-07 15:25:17,Physical Anomaly,ECG AI,Critical Signal Loss (Flatline) (Loss: 0.00),High
2026-01-07 15:25:17,Physical Anomaly,ECG AI,Critical Signal Loss (Flatline) (Loss: 0.00),High
2026-01-07 15:25:17,Physical Anomaly,ECG AI,Critical Signal Loss (Flatline) (Loss: 0.00),High
2026-01-07 15:25:18,Physical Anomaly,ECG AI,Critical Signal Loss (Flatline) (Loss: 0.00),High
2026-01-07 15:25:18,Physical Anomaly,ECG AI,Critical Signal Loss (Flatline) (Loss: 0.00),High
2026-01-07 15:25:18,Physical Anomaly,ECG AI,Critical Signal Loss (Flatline) (Loss: 0.00),High
2026-01-07 15:25:18,Physical Anomaly,ECG AI,Critical Signal Loss (Flatline) (Loss: 0.00),High
2026-01-07 15:25:18,Physical Anomaly,ECG AI,Critical Signal Loss (Flatline) (Loss: 0.00),High
2026-01-07 15:25:18,Physical Anomaly,ECG AI,Critical Signal Loss (Flatline) (Loss: 0.00),High
2026-01-07 15:25:18,Physical Anomaly,ECG AI,Critical Signal Loss (Flatline) (Loss: 0.00),High
2026-01-07 15:25:18,Physical Anomaly,ECG AI,Critical Signal Loss (Flatline) (Loss: 0.00),High
2026-01-07 15:25:18,Physical Anomaly,ECG AI,Critical Signal Loss (Flatline) (Loss: 0.00),High
2026-01-07 15:25:19,Physical Anomaly,ECG AI,Critical Signal Loss (Flatline) (Loss: 0.00),High
2026-01-07 15:25:19,Physical Anomaly,ECG AI,Critical Signal Loss (Flatline) (Loss: 0.00),High
2026-01-07 15:25:19,Physical Anomaly,ECG AI,Critical Signal Loss (Flatline) (Loss: 0.00),High
2026-01-07 15:25:19,Physical Anomaly,ECG AI,Critical Signal Loss (Flatline) (Loss: 0.00),High
2026-01-07 15:25:19,Physical Anomaly,ECG AI,Critical Signal Loss (Flatline) (Loss: 0.00),High
2026-01-07 15:25:19,Physical Anomaly,ECG AI,Critical Signal Loss (Flatline) (Loss: 0.00),High
2026-01-07 15:25:19,Physical Anomaly,ECG AI,Critical Signal Loss (Flatline) (Loss: 0.00),High
2026-01-07 15:25:19,Physical Anomaly,ECG AI,Critical Signal Loss (Flatline) (Loss: 0.00),High
2026-01-07 15:25:19,Physical Anomaly,ECG AI,Critical Signal Loss (Flatline) (Loss: 0.00),High
2026-01-07 15:25:19,Physical Anomaly,ECG AI,Critical Signal Loss (Flatline) (Loss: 0.00),High
2026-01-07 15:25:19,Physical Anomaly,ECG AI,Critical Signal Loss (Flatline) (Loss: 0.00),High
2026-01-07 15:25:19,Physical Anomaly,ECG AI,Critical Signal Loss (Flatline) (Loss: 0.00),High
2026-01-07 15:25:19,Physical Anomaly,ECG AI,Critical Signal Loss (Flatline) (Loss: 0.00),High
2026-01-07 15:25:19,Physical Anomaly,ECG AI,Critical Signal Loss (Flatline) (Loss: 0.00),High
2026-01-07 15:25:20,Physical Anomaly,ECG AI,Critical Signal Loss (Flatline) (Loss: 0.00),High
2026-01-07 15:25:20,Physical Anomaly,ECG AI,Critical Signal Loss (Flatline) (Loss: 0.00),High
2026-01-07 15:25:20,Physical Anomaly,ECG AI,Critical Signal Loss (Flatline) (Loss: 0.00),High
2026-01-07 15:25:20,Physical Anomaly,ECG AI,Critical Signal Loss (Flatline) (Loss: 0.00),High
2026-01-07 15:25:20,Physical Anomaly,ECG AI,Critical Signal Loss (Flatline) (Loss: 0.00),High
2026-01-07 15:25:20,Physical Anomaly,ECG AI,Critical Signal Loss (Flatline) (Loss: 0.00),High
2026-01-07 15:25:20,Physical Anomaly,ECG AI,Critical Signal Loss (Flatline) (Loss: 0.00),High
2026-01-07 15:25:20,Physical Anomaly,ECG AI,Critical Signal Loss (Flatline) (Loss: 0.00),High
2026-01-07 15:25:20,Physical Anomaly,ECG AI,Critical Signal Loss (Flatline) (Loss: 0.00),High
2026-01-07 15:25:21,Physical Anomaly,ECG AI,Critical Signal Loss (Flatline) (Loss: 0.00),High
2026-01-07 15:25:21,Physical Anomaly,ECG AI,Critical Signal Loss (Flatline) (Loss: 0.00),High
2026-01-07 15:25:21,Physical Anomaly,ECG AI,Critical Signal Loss (Flatline) (Loss: 0.00),High
2026-01-07 15:25:21,Physical Anomaly,ECG AI,Critical Signal Loss (Flatline) (Loss: 0.00),High
2026-01-07 15:25:21,Physical Anomaly,ECG AI,Critical Signal Loss (Flatline) (Loss: 0.00),High
2026-01-07 15:25:21,Physical Anomaly,ECG AI,Critical Signal Loss (Flatline) (Loss: 0.00),High
2026-01-07 15:25:21,Physical Anomaly,ECG AI,Critical Signal Loss (Flatline) (Loss: 0.00),High
2026-01-07 15:25:21,Physical Anomaly,ECG AI,Critical Signal Loss (Flatline) (Loss: 0.00),High
2026-01-07 15:25:21,Physical Anomaly,ECG AI,Critical Signal Loss (Flatline) (Loss: 0.00),High
2026-01-07 15:25:21,Physical Anomaly,ECG AI,Critical Signal Loss (Flatline) (Loss: 0.00),High
2026-01-07 15:25:21,Physical Anomaly,ECG AI,Critical Signal Loss (Flatline) (Loss: 0.00),High
2026-01-07 15:25:21,Physical Anomaly,ECG AI,Critical Signal Loss (Flatline) (Loss: 0.00),High
2026-01-07 15:25:21,Physical Anomaly,ECG AI,Critical Signal Loss (Flatline) (Loss: 0.00),High
2026-01-07 15:25:21,Physical Anomaly,ECG AI,Critical Signal Loss (Flatline) (Loss: 0.00),High
2026-01-07 15:25:22,Physical Anomaly,ECG AI,Critical Signal Loss (Flatline) (Loss: 0.00),High
2026-01-07 15:25:22,Physical Anomaly,ECG AI,Critical Signal Loss (Flatline) (Loss: 0.00),High
2026-01-07 15:25:22,Physical Anomaly,ECG AI,Critical Signal Loss (Flatline) (Loss: 0.00),High
2026-01-07 15:25:22,Physical Anomaly,ECG AI,Critical Signal Loss (Flatline) (Loss: 0.00),High
2026-01-07 15:25:22,Physical Anomaly,ECG AI,Critical Signal Loss (Flatline) (Loss: 0.00),High
2026-01-07 15:25:22,Physical Anomaly,ECG AI,Critical Signal Loss (Flatline) (Loss: 0.00),High
2026-01-07 15:25:22,Physical Anomaly,ECG AI,Critical Signal Loss (Flatline) (Loss: 0.00),High
2026-01-07 15:25:22,Physical Anomaly,ECG AI,Critical Signal Loss (Flatline) (Loss: 0.00),High
2026-01-07 15:25:22,Physical Anomaly,ECG AI,Critical Signal Loss (Flatline) (Loss: 0.00),High
2026-01-07 15:25:23,Physical Anomaly,ECG AI,Critical Signal Loss (Flatline) (Loss: 0.00),High
2026-01-07 15:25:23,Physical Anomaly,ECG AI,Critical Signal Loss (Flatline) (Loss: 0.00),High
2026-01-07 15:25:23,Physical Anomaly,ECG AI,Critical Signal Loss (Flatline) (Loss: 0.00),High
2026-01-07 15:25:23,Physical Anomaly,ECG AI,Critical Signal Loss (Flatline) (Loss: 0.00),High
2026-01-07 15:25:23,Physical Anomaly,ECG AI,Critical Signal Loss (Flatline) (Loss: 0.00),High
2026-01-07 15:25:23,Physical Anomaly,ECG AI,Critical Signal Loss (Flatline) (Loss: 0.00),High
2026-01-07 15:25:23,Physical Anomaly,ECG AI,Critical Signal Loss (Flatline) (Loss: 0.00),High
2026-01-07 15:25:23,Physical Anomaly,ECG AI,Critical Signal Loss (Flatline) (Loss: 0.00),High
2026-01-07 15:25:24,Physical Anomaly,ECG AI,Critical Signal Loss (Flatline) (Loss: 0.00),High
2026-01-07 15:25:24,Physical Anomaly,ECG AI,Critical Signal Loss (Flatline) (Loss: 0.00),High
2026-01-07 15:25:24,Physical Anomaly,ECG AI,Critical Signal Loss (Flatline) (Loss: 0.00),High
2026-01-07 15:25:24,Physical Anomaly,ECG AI,Critical Signal Loss (Flatline) (Loss: 0.00),High
2026-01-07 15:25:24,Physical Anomaly,ECG AI,Critical Signal Loss (Flatline) (Loss: 0.01),High
2026-01-07 15:25:24,Physical Anomaly,ECG AI,Critical Signal Loss (Flatline) (Loss: 0.01),High
2026-01-07 15:25:27,Physical Anomaly,ECG AI,Rate Tampering (Tachycardia) (Loss: 0.06),High
2026-01-07 15:25:27,Physical Anomaly,ECG AI,Rate Tampering (Tachycardia) (Loss: 0.06),High
2026-01-07 15:25:28,Physical Anomaly,ECG AI,Rate Tampering (Tachycardia) (Loss: 0.06),High
2026-01-07 15:25:28,Physical Anomaly,ECG AI,Rate Tampering (Tachycardia) (Loss: 0.06),High
2026-01-07 15:25:28,Physical Anomaly,ECG AI,Rate Tampering (Tachycardia) (Loss: 0.07),High
2026-01-07 15:25:28,Physical Anomaly,ECG AI,Rate Tampering (Tachycardia) (Loss: 0.06),High
2026-01-07 15:25:28,Physical Anomaly,ECG AI,Rate Tampering (Tachycardia) (Loss: 0.07),High
2026-01-07 15:25:28,Physical Anomaly,ECG AI,Rate Tampering (Tachycardia) (Loss: 0.07),High
2026-01-07 15:25:28,Physical Anomaly,ECG AI,Rate Tampering (Tachycardia) (Loss: 0.07),High
2026-01-07 15:25:28,Physical Anomaly,ECG AI,Rate Tampering (Tachycardia) (Loss: 0.06),High
2026-01-07 15:25:28,Physical Anomaly,ECG AI,Rate Tampering (Tachycardia) (Loss: 0.06),High
2026-01-07 15:25:29,Physical Anomaly,ECG AI,Rate Tampering (Tachycardia) (Loss: 0.05),High
2026-01-07 15:25:29,Physical Anomaly,ECG AI,Rate Tampering (Tachycardia) (Loss: 0.04),High
2026-01-07 15:25:29,Physical Anomaly,ECG AI,Rate Tampering (Tachycardia) (Loss: 0.04),High
2026-01-07 15:25:29,Physical Anomaly,ECG AI,Rate Tampering (Tachycardia) (Loss: 0.04),High
2026-01-07 15:25:29,Physical Anomaly,ECG AI,Rate Tampering (Tachycardia) (Loss: 0.04),High
2026-01-07 15:25:29,Physical Anomaly,ECG AI,Rate Tampering (Tachycardia) (Loss: 0.04),High
2026-01-07 15:25:29,Physical Anomaly,ECG AI,Rate Tampering (Tachycardia) (Loss: 0.04),High
2026-01-07 15:25:30,Physical Anomaly,ECG AI,Rate Tampering (Tachycardia) (Loss: 0.04),High
2026-01-07 15:25:30,Physical Anomaly,ECG AI,Rate Tampering (Tachycardia) (Loss: 0.04),High
2026-01-07 15:25:30,Physical Anomaly,ECG AI,Rate Tampering (Tachycardia) (Loss: 0.04),High
2026-01-07 15:25:33,Physical Anomaly,ECG AI,Rate Tampering (Tachycardia) (Loss: 0.05),High
2026-01-07 15:25:33,Physical Anomaly,ECG AI,Rate Tampering (Tachycardia) (Loss: 0.05),High
2026-01-07 15:25:33,Physical Anomaly,ECG AI,Rate Tampering (Tachycardia) (Loss: 0.05),High
2026-01-07 15:25:33,Physical Anomaly,ECG AI,Rate Tampering (Tachycardia) (Loss: 0.05),High
2026-01-07 15:25:33,Physical Anomaly,ECG AI,Rate Tampering (Tachycardia) (Loss: 0.05),High
2026-01-07 15:25:33,Physical Anomaly,ECG AI,Rate Tampering (Tachycardia) (Loss: 0.05),High
2026-01-07 15:25:33,Physical Anomaly,ECG AI,Rate Tampering (Tachycardia) (Loss: 0.05),High
2026-01-07 15:25:34,Physical Anomaly,ECG AI,Rate Tampering (Tachycardia) (Loss: 0.05),High
2026-01-07 15:25:34,Physical Anomaly,ECG AI,Rate Tampering (Tachycardia) (Loss: 0.05),High
2026-01-07 15:25:35,Physical Anomaly,ECG AI,Rate Tampering (Tachycardia) (Loss: 0.05),High
2026-01-07 15:25:35,Physical Anomaly,ECG AI,Rate Tampering (Tachycardia) (Loss: 0.06),High
2026-01-07 15:25:35,Physical Anomaly,ECG AI,Rate Tampering (Tachycardia) (Loss: 0.05),High
2026-01-07 15:25:35,Physical Anomaly,ECG AI,Rate Tampering (Tachycardia) (Loss: 0.05),High
2026-01-07 15:25:35,Physical Anomaly,ECG AI,Rate Tampering (Tachycardia) (Loss: 0.06),High
2026-01-07 15:25:35,Physical Anomaly,ECG AI,Rate Tampering (Tachycardia) (Loss: 0.05),High
2026-01-07 15:25:35,Physical Anomaly,ECG AI,Rate Tampering (Tachycardia) (Loss: 0.05),High
2026-01-07 15:25:35,Physical Anomaly,ECG AI,Rate Tampering (Tachycardia) (Loss: 0.05),High
2026-01-07 15:25:36,Physical Anomaly,ECG AI,Rate Tampering (Tachycardia) (Loss: 0.05),High
2026-01-07 15:25:36,Physical Anomaly,ECG AI,Rate Tampering (Tachycardia) (Loss: 0.05),High
2026-01-07 15:25:36,Physical Anomaly,ECG AI,Rate Tampering (Tachycardia) (Loss: 0.05),High
2026-01-07 15:25:36,Physical Anomaly,ECG AI,Rate Tampering (Tachycardia) (Loss: 0.05),High
2026-01-07 15:25:36,Physical Anomaly,ECG AI,Rate Tampering (Tachycardia) (Loss: 0.06),High
2026-01-07 15:25:36,Physical Anomaly,ECG AI,Rate Tampering (Tachycardia) (Loss: 0.06),High
2026-01-07 15:25:36,Physical Anomaly,ECG AI,Rate Tampering (Tachycardia) (Loss: 0.05),High
2026-01-07 15:25:36,Physical Anomaly,ECG AI,Rate Tampering (Tachycardia) (Loss: 0.05),High
2026-01-07 15:25:36,Physical Anomaly,ECG AI,Rate Tampering (Tachycardia) (Loss: 0.05),High
2026-01-07 15:25:36,Physical Anomaly,ECG AI,Rate Tampering (Tachycardia) (Loss: 0.04),High
2026-01-07 15:25:36,Physical Anomaly,ECG AI,Rate Tampering (Tachycardia) (Loss: 0.04),High
2026-01-07 15:25:37,Physical Anomaly,ECG AI,Rate Tampering (Tachycardia) (Loss: 0.05),High
2026-01-07 15:25:37,Physical Anomaly,ECG AI,Rate Tampering (Tachycardia) (Loss: 0.05),High
2026-01-07 15:25:37,Physical Anomaly,ECG AI,Rate Tampering (Tachycardia) (Loss: 0.07),High
2026-01-07 15:25:37,Physical Anomaly,ECG AI,Rate Tampering (Tachycardia) (Loss: 0.08),High
2026-01-07 15:25:38,Physical Anomaly,ECG AI,Rate Tampering (Tachycardia) (Loss: 0.08),High
2026-01-07 15:25:38,Physical Anomaly,ECG AI,Rate Tampering (Tachycardia) (Loss: 0.12),High
2026-01-07 15:25:38,Physical Anomaly,ECG AI,Rate Tampering (Tachycardia) (Loss: 0.13),High
2026-01-07 15:25:38,Physical Anomaly,ECG AI,Rate Tampering (Tachycardia) (Loss: 0.10),High
2026-01-07 15:25:39,Physical Anomaly,ECG AI,Rate Tampering (Tachycardia) (Loss: 0.09),High
2026-01-07 15:25:39,Physical Anomaly,ECG AI,Rate Tampering (Tachycardia) (Loss: 0.09),High
2026-01-07 15:25:39,Physical Anomaly,ECG AI,Rate Tampering (Tachycardia) (Loss: 0.09),High
2026-01-07 15:25:39,Physical Anomaly,ECG AI,Rate Tampering (Tachycardia) (Loss: 0.09),High
2026-01-07 15:25:39,Physical Anomaly,ECG AI,Rate Tampering (Tachycardia) (Loss: 0.09),High
2026-01-07 15:25:39,Physical Anomaly,ECG AI,Rate Tampering (Tachycardia) (Loss: 0.09),High
2026-01-07 15:25:39,Physical Anomaly,ECG AI,Rate Tampering (Tachycardia) (Loss: 0.08),High
2026-01-07 15:25:39,Physical Anomaly,ECG AI,Rate Tampering (Tachycardia) (Loss: 0.08),High
2026-01-07 15:25:39,Physical Anomaly,ECG AI,Rate Tampering (Tachycardia) (Loss: 0.05),High
2026-01-07 15:25:40,Physical Anomaly,ECG AI,Rate Tampering (Tachycardia) (Loss: 0.04),High
2026-01-07 15:25:40,Physical Anomaly,ECG AI,Rate Tampering (Tachycardia) (Loss: 0.05),High
2026-01-07 15:25:40,Physical Anomaly,ECG AI,Rate Tampering (Tachycardia) (Loss: 0.05),High
2026-01-07 15:25:40,Physical Anomaly,ECG AI,Rate Tampering (Tachycardia) (Loss: 0.06),High
2026-01-07 15:25:40,Physical Anomaly,ECG AI,Rate Tampering (Tachycardia) (Loss: 0.06),High
2026-01-07 15:25:40,Physical Anomaly,ECG AI,Rate Tampering (Tachycardia) (Loss: 0.07),High
2026-01-07 15:25:40,Physical Anomaly,ECG AI,Rate Tampering (Tachycardia) (Loss: 0.07),High
2026-01-07 15:25:40,Physical Anomaly,ECG AI,Rate Tampering (Tachycardia) (Loss: 0.08),High
2026-01-07 15:25:40,Physical Anomaly,ECG AI,Rate Tampering (Tachycardia) (Loss: 0.07),High
2026-01-07 15:25:40,Physical Anomaly,ECG AI,Rate Tampering (Tachycardia) (Loss: 0.07),High
2026-01-07 15:25:40,Physical Anomaly,ECG AI,Rate Tampering (Tachycardia) (Loss: 0.07),High
2026-01-07 15:25:40,Physical Anomaly,ECG AI,Rate Tampering (Tachycardia) (Loss: 0.07),High
2026-01-07 15:25:41,Physical Anomaly,ECG AI,Rate Tampering (Tachycardia) (Loss: 0.07),High
2026-01-07 15:25:41,Physical Anomaly,ECG AI,Rate Tampering (Tachycardia) (Loss: 0.07),High
2026-01-07 15:25:41,Physical Anomaly,ECG AI,Rate Tampering (Tachycardia) (Loss: 0.07),High
2026-01-07 15:25:41,Physical Anomaly,ECG AI,Rate Tampering (Tachycardia) (Loss: 0.07),High
2026-01-07 15:25:41,Physical Anomaly,ECG AI,Rate Tampering (Tachycardia) (Loss: 0.06),High
2026-01-07 15:25:41,Physical Anomaly,ECG AI,Rate Tampering (Tachycardia) (Loss: 0.06),High
2026-01-07 15:25:41,Physical Anomaly,ECG AI,Rate Tampering (Tachycardia) (Loss: 0.06),High
2026-01-07 15:25:43,Physical Anomaly,ECG AI,Rate Tampering (Tachycardia) (Loss: 0.08),High
2026-01-07 15:25:43,Physical Anomaly,ECG AI,Rate Tampering (Tachycardia) (Loss: 0.08),High
2026-01-07 15:25:43,Physical Anomaly,ECG AI,Rate Tampering (Tachycardia) (Loss: 0.08),High
2026-01-07 15:25:43,Physical Anomaly,ECG AI,Rate Tampering (Tachycardia) (Loss: 0.09),High
2026-01-07 15:25:43,Physical Anomaly,ECG AI,Rate Tampering (Tachycardia) (Loss: 0.09),High
2026-01-07 15:25:43,Physical Anomaly,ECG AI,Rate Tampering (Tachycardia) (Loss: 0.08),High
2026-01-07 15:25:44,Physical Anomaly,ECG AI,Rate Tampering (Tachycardia) (Loss: 0.08),High
2026-01-07 15:25:44,Physical Anomaly,ECG AI,Rate Tampering (Tachycardia) (Loss: 0.09),High
2026-01-07 15:25:44,Physical Anomaly,ECG AI,Rate Tampering (Tachycardia) (Loss: 0.11),High
2026-01-07 15:25:44,Physical Anomaly,ECG AI,Rate Tampering (Tachycardia) (Loss: 0.11),High
2026-01-07 15:25:44,Physical Anomaly,ECG AI,Spoofing (High Noise) (Loss: 0.13),High
2026-01-07 15:25:44,Physical Anomaly,ECG AI,Spoofing (High Noise) (Loss: 0.12),High
2026-01-07 15:25:44,Physical Anomaly,ECG AI,Spoofing (High Noise) (Loss: 0.13),High
2026-01-07 15:25:44,Physical Anomaly,ECG AI,Spoofing (High Noise) (Loss: 0.14),High
2026-01-07 15:25:45,Physical Anomaly,ECG AI,Spoofing (High Noise) (Loss: 0.16),High
2026-01-07 15:25:45,Physical Anomaly,ECG AI,Spoofing (High Noise) (Loss: 0.16),High
2026-01-07 15:25:45,Physical Anomaly,ECG AI,Spoofing (High Noise) (Loss: 0.11),High
2026-01-07 15:25:45,Physical Anomaly,ECG AI,Spoofing (High Noise) (Loss: 0.09),High
2026-01-07 15:25:45,Physical Anomaly,ECG AI,Spoofing (High Noise) (Loss: 0.10),High
2026-01-07 15:25:45,Physical Anomaly,ECG AI,Spoofing (High Noise) (Loss: 0.10),High
2026-01-07 15:25:45,Physical Anomaly,ECG AI,Spoofing (High Noise) (Loss: 0.09),High
2026-01-07 15:25:46,Physical Anomaly,ECG AI,Rate Tampering (Tachycardia) (Loss: 0.05),High
2026-01-07 15:25:46,Physical Anomaly,ECG AI,Rate Tampering (Tachycardia) (Loss: 0.06),High
2026-01-07 15:25:46,Physical Anomaly,ECG AI,Rate Tampering (Tachycardia) (Loss: 0.06),High
2026-01-07 15:25:46,Physical Anomaly,ECG AI,Rate Tampering (Tachycardia) (Loss: 0.06),High
2026-01-07 15:25:47,Physical Anomaly,ECG AI,Rate Tampering (Tachycardia) (Loss: 0.06),High
2026-01-07 15:25:47,Physical Anomaly,ECG AI,Rate Tampering (Tachycardia) (Loss: 0.06),High
2026-01-07 15:25:47,Physical Anomaly,ECG AI,Rate Tampering (Tachycardia) (Loss: 0.07),High
2026-01-07 15:25:47,Physical Anomaly,ECG AI,Rate Tampering (Tachycardia) (Loss: 0.05),High
2026-01-07 15:25:47,Physical Anomaly,ECG AI,Rate Tampering (Tachycardia) (Loss: 0.06),High
2026-01-07 15:25:48,Physical Anomaly,ECG AI,Rate Tampering (Tachycardia) (Loss: 0.06),High
2026-01-07 15:25:48,Physical Anomaly,ECG AI,Rate Tampering (Tachycardia) (Loss: 0.06),High
2026-01-07 15:25:48,Physical Anomaly,ECG AI,Rate Tampering (Tachycardia) (Loss: 0.05),High
2026-01-07 15:25:49,Physical Anomaly,ECG AI,Rate Tampering (Tachycardia) (Loss: 0.09),High
2026-01-07 15:25:49,Physical Anomaly,ECG AI,Rate Tampering (Tachycardia) (Loss: 0.09),High
2026-01-07 15:25:49,Physical Anomaly,ECG AI,Rate Tampering (Tachycardia) (Loss: 0.09),High
2026-01-07 15:25:49,Physical Anomaly,ECG AI,Rate Tampering (Tachycardia) (Loss: 0.09),High
2026-01-07 15:25:49,Physical Anomaly,ECG AI,Rate Tampering (Tachycardia) (Loss: 0.07),High
2026-01-07 15:25:49,Physical Anomaly,ECG AI,Rate Tampering (Tachycardia) (Loss: 0.07),High
2026-01-07 15:25:49,Physical Anomaly,ECG AI,Rate Tampering (Tachycardia) (Loss: 0.07),High
2026-01-07 15:25:49,Physical Anomaly,ECG AI,Rate Tampering (Tachycardia) (Loss: 0.07),High
2026-01-07 15:25:50,Physical Anomaly,ECG AI,Rate Tampering (Tachycardia) (Loss: 0.07),High
2026-01-07 15:25:50,Physical Anomaly,ECG AI,Rate Tampering (Tachycardia) (Loss: 0.07),High
2026-01-07 15:25:50,Physical Anomaly,ECG AI,Rate Tampering (Tachycardia) (Loss: 0.07),High
2026-01-07 15:25:50,Physical Anomaly,ECG AI,Rate Tampering (Tachycardia) (Loss: 0.07),High
2026-01-07 15:25:50,Physical Anomaly,ECG AI,Rate Tampering (Tachycardia) (Loss: 0.07),High
2026-01-07 15:25:50,Physical Anomaly,ECG AI,Rate Tampering (Tachycardia) (Loss: 0.06),High
2026-01-07 15:25:50,Physical Anomaly,ECG AI,Rate Tampering (Tachycardia) (Loss: 0.05),High
2026-01-07 15:25:50,Physical Anomaly,ECG AI,Rate Tampering (Tachycardia) (Loss: 0.06),High
2026-01-07 15:25:50,Physical Anomaly,ECG AI,Rate Tampering (Tachycardia) (Loss: 0.06),High
2026-01-07 15:25:51,Physical Anomaly,ECG AI,Rate Tampering (Tachycardia) (Loss: 0.06),High
2026-01-07 15:25:51,Physical Anomaly,ECG AI,Rate Tampering (Tachycardia) (Loss: 0.08),High
2026-01-07 15:25:51,Physical Anomaly,ECG AI,Rate Tampering (Tachycardia) (Loss: 0.08),High
2026-01-07 15:25:51,Physical Anomaly,ECG AI,Rate Tampering (Tachycardia) (Loss: 0.08),High
2026-01-07 15:25:51,Physical Anomaly,ECG AI,Rate Tampering (Tachycardia) (Loss: 0.07),High
2026-01-07 15:25:53,Physical Anomaly,ECG AI,Rate Tampering (Tachycardia) (Loss: 0.05),High
2026-01-07 15:25:53,Physical Anomaly,ECG AI,Rate Tampering (Tachycardia) (Loss: 0.04),High
2026-01-07 15:25:53,Physical Anomaly,ECG AI,Rate Tampering (Tachycardia) (Loss: 0.04),High
2026-01-07 15:25:53,Physical Anomaly,ECG AI,Rate Tampering (Tachycardia) (Loss: 0.04),High
2026-01-07 15:25:53,Physical Anomaly,ECG AI,Rate Tampering (Tachycardia) (Loss: 0.03),High
2026-01-07 15:25:55,Physical Anomaly,ECG AI,Rate Tampering (Tachycardia) (Loss: 0.07),High
2026-01-07 15:25:55,Physical Anomaly,ECG AI,Rate Tampering (Tachycardia) (Loss: 0.07),High
2026-01-07 15:25:55,Physical Anomaly,ECG AI,Rate Tampering (Tachycardia) (Loss: 0.07),High
2026-01-07 15:25:55,Physical Anomaly,ECG AI,Rate Tampering (Tachycardia) (Loss: 0.07),High
2026-01-07 15:25:55,Physical Anomaly,ECG AI,Rate Tampering (Tachycardia) (Loss: 0.07),High
2026-01-07 15:25:55,Physical Anomaly,ECG AI,Rate Tampering (Tachycardia) (Loss: 0.07),High
2026-01-07 15:25:55,Physical Anomaly,ECG AI,Rate Tampering (Tachycardia) (Loss: 0.08),High
2026-01-07 15:25:55,Physical Anomaly,ECG AI,Rate Tampering (Tachycardia) (Loss: 0.08),High
2026-01-07 15:25:55,Physical Anomaly,ECG AI,Rate Tampering (Tachycardia) (Loss: 0.09),High
2026-01-07 15:25:55,Physical Anomaly,ECG AI,Rate Tampering (Tachycardia) (Loss: 0.08),High
2026-01-07 15:25:57,Physical Anomaly,ECG AI,Spoofing (High Noise) (Loss: 0.10),High
2026-01-07 15:25:58,Physical Anomaly,ECG AI,Spoofing (High Noise) (Loss: 0.10),High
2026-01-07 15:25:58,Physical Anomaly,ECG AI,Spoofing (High Noise) (Loss: 0.11),High
2026-01-07 15:25:59,Physical Anomaly,ECG AI,Spoofing (High Noise) (Loss: 0.11),High
2026-01-07 15:25:59,Physical Anomaly,ECG AI,Spoofing (High Noise) (Loss: 0.11),High
2026-01-07 15:25:59,Physical Anomaly,ECG AI,Spoofing (High Noise) (Loss: 0.11),High
2026-01-07 15:25:59,Physical Anomaly,ECG AI,Spoofing (High Noise) (Loss: 0.11),High
2026-01-07 15:25:59,Physical Anomaly,ECG AI,Spoofing (High Noise) (Loss: 0.11),High
2026-01-07 15:25:59,Physical Anomaly,ECG AI,Spoofing (High Noise) (Loss: 0.09),High
2026-01-07 15:25:59,Physical Anomaly,ECG AI,Spoofing (High Noise) (Loss: 0.07),High
2026-01-07 15:26:01,Physical Anomaly,ECG AI,Rate Tampering (Tachycardia) (Loss: 0.05),High
2026-01-07 15:26:01,Physical Anomaly,ECG AI,Rate Tampering (Tachycardia) (Loss: 0.06),High
2026-01-07 15:26:01,Physical Anomaly,ECG AI,Rate Tampering (Tachycardia) (Loss: 0.06),High
2026-01-07 15:26:01,Physical Anomaly,ECG AI,Rate Tampering (Tachycardia) (Loss: 0.07),High
2026-01-07 15:26:01,Physical Anomaly,ECG AI,Rate Tampering (Tachycardia) (Loss: 0.06),High
2026-01-07 15:26:01,Physical Anomaly,ECG AI,Rate Tampering (Tachycardia) (Loss: 0.06),High
2026-01-07 15:26:01,Physical Anomaly,ECG AI,Rate Tampering (Tachycardia) (Loss: 0.06),High
2026-01-07 15:26:01,Physical Anomaly,ECG AI,Rate Tampering (Tachycardia) (Loss: 0.07),High
2026-01-07 15:26:02,Physical Anomaly,ECG AI,Rate Tampering (Tachycardia) (Loss: 0.07),High
2026-01-07 15:26:02,Physical Anomaly,ECG AI,Rate Tampering (Tachycardia) (Loss: 0.07),High
2026-01-07 15:26:02,Physical Anomaly,ECG AI,Rate Tampering (Tachycardia) (Loss: 0.07),High
2026-01-07 15:26:02,Physical Anomaly,ECG AI,Rate Tampering (Tachycardia) (Loss: 0.07),High
2026-01-07 15:26:02,Physical Anomaly,ECG AI,Rate Tampering (Tachycardia) (Loss: 0.06),High
2026-01-07 15:26:02,Physical Anomaly,ECG AI,Rate Tampering (Tachycardia) (Loss: 0.06),High
2026-01-07 15:26:02,Physical Anomaly,ECG AI,Rate Tampering (Tachycardia) (Loss: 0.06),High
2026-01-07 15:26:02,Physical Anomaly,ECG AI,Rate Tampering (Tachycardia) (Loss: 0.05),High
2026-01-07 15:26:02,Physical Anomaly,ECG AI,Rate Tampering (Tachycardia) (Loss: 0.05),High
2026-01-07 15:26:03,Physical Anomaly,ECG AI,Rate Tampering (Tachycardia) (Loss: 0.06),High
2026-01-07 15:26:03,Physical Anomaly,ECG AI,Rate Tampering (Tachycardia) (Loss: 0.04),High
2026-01-07 15:26:03,Physical Anomaly,ECG AI,Rate Tampering (Tachycardia) (Loss: 0.04),High
2026-01-07 15:26:03,Physical Anomaly,ECG AI,Rate Tampering (Tachycardia) (Loss: 0.03),High
2026-01-07 15:26:03,Physical Anomaly,ECG AI,Rate Tampering (Tachycardia) (Loss: 0.03),High
2026-01-07 15:26:03,Physical Anomaly,ECG AI,Rate Tampering (Tachycardia) (Loss: 0.04),High
2026-01-07 15:26:04,Physical Anomaly,ECG AI,Rate Tampering (Tachycardia) (Loss: 0.04),High
2026-01-07 15:26:04,Physical Anomaly,ECG AI,Rate Tampering (Tachycardia) (Loss: 0.05),High
2026-01-07 15:26:04,Physical Anomaly,ECG AI,Rate Tampering (Tachycardia) (Loss: 0.05),High
2026-01-07 15:26:05,Physical Anomaly,ECG AI,Rate Tampering (Tachycardia) (Loss: 0.04),High
2026-01-07 15:26:05,Physical Anomaly,ECG AI,Rate Tampering (Tachycardia) (Loss: 0.04),High
2026-01-07 15:26:06,Physical Anomaly,ECG AI,Rate Tampering (Tachycardia) (Loss: 0.04),High
2026-01-07 15:26:06,Physical Anomaly,ECG AI,Rate Tampering (Tachycardia) (Loss: 0.03),High
2026-01-07 15:26:06,Physical Anomaly,ECG AI,Rate Tampering (Tachycardia) (Loss: 0.04),High
2026-01-07 15:26:06,Physical Anomaly,ECG AI,Rate Tampering (Tachycardia) (Loss: 0.06),High
2026-01-07 15:26:06,Physical Anomaly,ECG AI,Rate Tampering (Tachycardia) (Loss: 0.07),High
2026-01-07 15:26:06,Physical Anomaly,ECG AI,Rate Tampering (Tachycardia) (Loss: 0.07),High
2026-01-07 15:26:07,Physical Anomaly,ECG AI,Rate Tampering (Tachycardia) (Loss: 0.08),High
2026-01-07 15:26:07,Physical Anomaly,ECG AI,Rate Tampering (Tachycardia) (Loss: 0.08),High
2026-01-07 15:26:07,Physical Anomaly,ECG AI,Rate Tampering (Tachycardia) (Loss: 0.09),High
2026-01-07 15:26:07,Physical Anomaly,ECG AI,Rate Tampering (Tachycardia) (Loss: 0.08),High
2026-01-07 15:26:07,Physical Anomaly,ECG AI,Rate Tampering (Tachycardia) (Loss: 0.10),High
2026-01-07 15:26:07,Physical Anomaly,ECG AI,Rate Tampering (Tachycardia) (Loss: 0.07),High
2026-01-07 15:26:08,Physical Anomaly,ECG AI,Rate Tampering (Tachycardia) (Loss: 0.07),High
2026-01-07 15:26:08,Physical Anomaly,ECG AI,Rate Tampering (Tachycardia) (Loss: 0.07),High
2026-01-07 15:26:08,Physical Anomaly,ECG AI,Rate Tampering (Tachycardia) (Loss: 0.07),High
2026-01-07 15:26:08,Physical Anomaly,ECG AI,Rate Tampering (Tachycardia) (Loss: 0.07),High
2026-01-07 15:26:08,Physical Anomaly,ECG AI,Rate Tampering (Tachycardia) (Loss: 0.07),High
2026-01-07 15:26:08,Physical Anomaly,ECG AI,Rate Tampering (Tachycardia) (Loss: 0.06),High
2026-01-07 15:26:08,Physical Anomaly,ECG AI,Rate Tampering (Tachycardia) (Loss: 0.05),High
2026-01-07 15:26:09,Physical Anomaly,ECG AI,Rate Tampering (Tachycardia) (Loss: 0.07),High
2026-01-07 15:26:10,Physical Anomaly,ECG AI,Rate Tampering (Tachycardia) (Loss: 0.08),High
2026-01-07 15:26:10,Physical Anomaly,ECG AI,Rate Tampering (Tachycardia) (Loss: 0.09),High
2026-01-07 15:26:10,Physical Anomaly,ECG AI,Rate Tampering (Tachycardia) (Loss: 0.09),High
2026-01-07 15:26:10,Physical Anomaly,ECG AI,Rate Tampering (Tachycardia) (Loss: 0.08),High
2026-01-07 15:26:10,Physical Anomaly,ECG AI,Rate Tampering (Tachycardia) (Loss: 0.07),High
2026-01-07 15:26:10,Physical Anomaly,ECG AI,Rate Tampering (Tachycardia) (Loss: 0.07),High
2026-01-07 15:26:10,Physical Anomaly,ECG AI,Rate Tampering (Tachycardia) (Loss: 0.06),High
2026-01-07 15:26:11,Physical Anomaly,ECG AI,Rate Tampering (Tachycardia) (Loss: 0.05),High
2026-01-07 15:26:11,Physical Anomaly,ECG AI,Rate Tampering (Tachycardia) (Loss: 0.05),High
2026-01-07 15:26:11,Physical Anomaly,ECG AI,Rate Tampering (Tachycardia) (Loss: 0.05),High
2026-01-07 15:26:11,Physical Anomaly,ECG AI,Rate Tampering (Tachycardia) (Loss: 0.05),High
2026-01-07 15:26:11,Physical Anomaly,ECG AI,Rate Tampering (Tachycardia) (Loss: 0.05),High
2026-01-07 15:26:12,Physical Anomaly,ECG AI,Rate Tampering (Tachycardia) (Loss: 0.10),High
2026-01-07 15:26:12,Physical Anomaly,ECG AI,Rate Tampering (Tachycardia) (Loss: 0.10),High
2026-01-07 15:26:12,Physical Anomaly,ECG AI,Spoofing (High Noise) (Loss: 0.09),High
2026-01-07 15:26:12,Physical Anomaly,ECG AI,Rate Tampering (Tachycardia) (Loss: 0.11),High
2026-01-07 15:26:12,Physical Anomaly,ECG AI,Rate Tampering (Tachycardia) (Loss: 0.11),High
2026-01-07 15:26:12,Physical Anomaly,ECG AI,Rate Tampering (Tachycardia) (Loss: 0.10),High
2026-01-07 15:26:12,Physical Anomaly,ECG AI,Rate Tampering (Tachycardia) (Loss: 0.10),High
2026-01-07 15:26:12,Physical Anomaly,ECG AI,Rate Tampering (Tachycardia) (Loss: 0.07),High
2026-01-07 15:26:13,Physical Anomaly,ECG AI,Rate Tampering (Tachycardia) (Loss: 0.09),High
2026-01-07 15:26:13,Physical Anomaly,ECG AI,Rate Tampering (Tachycardia) (Loss: 0.06),High
2026-01-07 15:26:13,Physical Anomaly,ECG AI,Rate Tampering (Tachycardia) (Loss: 0.07),High
2026-01-07 15:26:13,Physical Anomaly,ECG AI,Rate Tampering (Tachycardia) (Loss: 0.07),High
2026-01-07 15:26:13,Physical Anomaly,ECG AI,Rate Tampering (Tachycardia) (Loss: 0.07),High
2026-01-07 15:26:13,Physical Anomaly,ECG AI,Rate Tampering (Tachycardia) (Loss: 0.08),High
2026-01-07 15:26:14,Physical Anomaly,ECG AI,Rate Tampering (Tachycardia) (Loss: 0.07),High
2026-01-07 15:26:14,Physical Anomaly,ECG AI,Rate Tampering (Tachycardia) (Loss: 0.06),High
2026-01-07 15:26:14,Physical Anomaly,ECG AI,Rate Tampering (Tachycardia) (Loss: 0.07),High
2026-01-07 15:26:14,Physical Anomaly,ECG AI,Rate Tampering (Tachycardia) (Loss: 0.06),High
2026-01-07 15:26:14,Physical Anomaly,ECG AI,Rate Tampering (Tachycardia) (Loss: 0.07),High
2026-01-07 15:26:14,Physical Anomaly,ECG AI,Rate Tampering (Tachycardia) (Loss: 0.08),High
2026-01-07 15:26:14,Physical Anomaly,ECG AI,Rate Tampering (Tachycardia) (Loss: 0.08),High
2026-01-07 15:26:16,Physical Anomaly,ECG AI,Rate Tampering (Tachycardia) (Loss: 0.07),High
2026-01-07 15:26:16,Physical Anomaly,ECG AI,Rate Tampering (Tachycardia) (Loss: 0.07),High
2026-01-07 15:26:16,Physical Anomaly,ECG AI,Rate Tampering (Tachycardia) (Loss: 0.07),High
2026-01-07 15:26:16,Physical Anomaly,ECG AI,Rate Tampering (Tachycardia) (Loss: 0.05),High
2026-01-07 15:26:16,Physical Anomaly,ECG AI,Rate Tampering (Tachycardia) (Loss: 0.05),High
2026-01-07 15:26:16,Physical Anomaly,ECG AI,Rate Tampering (Tachycardia) (Loss: 0.05),High
2026-01-07 15:26:16,Physical Anomaly,ECG AI,Rate Tampering (Tachycardia) (Loss: 0.04),High
2026-01-07 15:26:16,Physical Anomaly,ECG AI,Rate Tampering (Tachycardia) (Loss: 0.05),High
2026-01-07 15:26:16,Physical Anomaly,ECG AI,Rate Tampering (Tachycardia) (Loss: 0.05),High
2026-01-07 15:26:16,Physical Anomaly,ECG AI,Rate Tampering (Tachycardia) (Loss: 0.05),High
2026-01-07 15:26:16,Physical Anomaly,ECG AI,Rate Tampering (Tachycardia) (Loss: 0.05),High
2026-01-07 15:26:17,Physical Anomaly,ECG AI,Rate Tampering (Tachycardia) (Loss: 0.05),High
2026-01-07 15:26:17,Physical Anomaly,ECG AI,Rate Tampering (Tachycardia) (Loss: 0.06),High
2026-01-07 15:26:17,Physical Anomaly,ECG AI,Rate Tampering (Tachycardia) (Loss: 0.05),High
2026-01-07 15:26:17,Physical Anomaly,ECG AI,Rate Tampering (Tachycardia) (Loss: 0.06),High
2026-01-07 15:26:17,Physical Anomaly,ECG AI,Rate Tampering (Tachycardia) (Loss: 0.06),High
2026-01-07 15:26:17,Physical Anomaly,ECG AI,Rate Tampering (Tachycardia) (Loss: 0.06),High
2026-01-07 15:26:17,Physical Anomaly,ECG AI,Rate Tampering (Tachycardia) (Loss: 0.07),High
2026-01-07 15:26:17,Physical Anomaly,ECG AI,Rate Tampering (Tachycardia) (Loss: 0.05),High
2026-01-07 15:26:18,Physical Anomaly,ECG AI,Rate Tampering (Tachycardia) (Loss: 0.04),High
2026-01-07 15:26:18,Physical Anomaly,ECG AI,Rate Tampering (Tachycardia) (Loss: 0.04),High
2026-01-07 15:26:18,Physical Anomaly,ECG AI,Rate Tampering (Tachycardia) (Loss: 0.04),High
2026-01-07 15:26:18,Physical Anomaly,ECG AI,Rate Tampering (Tachycardia) (Loss: 0.04),High
2026-01-07 15:26:18,Physical Anomaly,ECG AI,Rate Tampering (Tachycardia) (Loss: 0.04),High
2026-01-07 15:26:18,Physical Anomaly,ECG AI,Rate Tampering (Tachycardia) (Loss: 0.04),High
2026-01-07 15:26:18,Physical Anomaly,ECG AI,Rate Tampering (Tachycardia) (Loss: 0.04),High
2026-01-07 15:26:18,Physical Anomaly,ECG AI,Rate Tampering (Tachycardia) (Loss: 0.04),High
2026-01-07 15:26:19,Physical Anomaly,ECG AI,Rate Tampering (Tachycardia) (Loss: 0.05),High
2026-01-07 15:26:19,Physical Anomaly,ECG AI,Rate Tampering (Tachycardia) (Loss: 0.04),High
2026-01-07 15:26:19,Physical Anomaly,ECG AI,Rate Tampering (Tachycardia) (Loss: 0.04),High
2026-01-07 15:26:19,Physical Anomaly,ECG AI,Rate Tampering (Tachycardia) (Loss: 0.04),High
2026-01-07 15:26:19,Physical Anomaly,ECG AI,Rate Tampering (Tachycardia) (Loss: 0.04),High
2026-01-07 15:26:19,Physical Anomaly,ECG AI,Rate Tampering (Tachycardia) (Loss: 0.05),High
2026-01-07 15:26:19,Physical Anomaly,ECG AI,Rate Tampering (Tachycardia) (Loss: 0.04),High
2026-01-07 15:26:19,Physical Anomaly,ECG AI,Rate Tampering (Tachycardia) (Loss: 0.05),High
2026-01-07 15:26:19,Physical Anomaly,ECG AI,Rate Tampering (Tachycardia) (Loss: 0.05),High
2026-01-07 15:26:19,Physical Anomaly,ECG AI,Rate Tampering (Tachycardia) (Loss: 0.05),High
2026-01-07 15:26:19,Physical Anomaly,ECG AI,Rate Tampering (Tachycardia) (Loss: 0.05),High
2026-01-07 15:26:19,Physical Anomaly,ECG AI,Rate Tampering (Tachycardia) (Loss: 0.04),High
2026-01-07 15:26:20,Physical Anomaly,ECG AI,Rate Tampering (Tachycardia) (Loss: 0.04),High
2026-01-07 15:26:20,Physical Anomaly,ECG AI,Rate Tampering (Tachycardia) (Loss: 0.04),High
2026-01-07 15:26:20,Physical Anomaly,ECG AI,Rate Tampering (Tachycardia) (Loss: 0.04),High
2026-01-07 15:26:20,Physical Anomaly,ECG AI,Rate Tampering (Tachycardia) (Loss: 0.04),High
2026-01-07 15:26:20,Physical Anomaly,ECG AI,Rate Tampering (Tachycardia) (Loss: 0.04),High
2026-01-07 15:26:20,Physical Anomaly,ECG AI,Rate Tampering (Tachycardia) (Loss: 0.04),High
2026-01-07 15:26:20,Physical Anomaly,ECG AI,Rate Tampering (Tachycardia) (Loss: 0.04),High
2026-01-07 15:26:20,Physical Anomaly,ECG AI,Rate Tampering (Tachycardia) (Loss: 0.05),High
2026-01-07 15:26:21,Physical Anomaly,ECG AI,Rate Tampering (Tachycardia) (Loss: 0.04),High
2026-01-07 15:26:21,Physical Anomaly,ECG AI,Rate Tampering (Tachycardia) (Loss: 0.05),High
2026-01-07 15:26:21,Physical Anomaly,ECG AI,Rate Tampering (Tachycardia) (Loss: 0.05),High
2026-01-07 15:26:21,Physical Anomaly,ECG AI,Rate Tampering (Tachycardia) (Loss: 0.04),High
2026-01-07 15:26:21,Physical Anomaly,ECG AI,Rate Tampering (Tachycardia) (Loss: 0.05),High
2026-01-07 15:26:21,Physical Anomaly,ECG AI,Rate Tampering (Tachycardia) (Loss: 0.04),High
2026-01-07 15:26:21,Physical Anomaly,ECG AI,Rate Tampering (Tachycardia) (Loss: 0.05),High
2026-01-07 15:26:21,Physical Anomaly,ECG AI,Rate Tampering (Tachycardia) (Loss: 0.04),High
2026-01-07 15:26:21,Physical Anomaly,ECG AI,Rate Tampering (Tachycardia) (Loss: 0.05),High
2026-01-07 15:26:22,Physical Anomaly,ECG AI,Rate Tampering (Tachycardia) (Loss: 0.05),High
2026-01-07 15:26:22,Physical Anomaly,ECG AI,Rate Tampering (Tachycardia) (Loss: 0.05),High
2026-01-07 15:26:22,Physical Anomaly,ECG AI,Rate Tampering (Tachycardia) (Loss: 0.04),High
2026-01-07 15:26:22,Physical Anomaly,ECG AI,Rate Tampering (Tachycardia) (Loss: 0.05),High
2026-01-07 15:26:22,Physical Anomaly,ECG AI,Rate Tampering (Tachycardia) (Loss: 0.05),High
2026-01-07 15:26:22,Physical Anomaly,ECG AI,Rate Tampering (Tachycardia) (Loss: 0.05),High
2026-01-07 15:26:22,Physical Anomaly,ECG AI,Rate Tampering (Tachycardia) (Loss: 0.04),High
2026-01-07 15:26:22,Physical Anomaly,ECG AI,Rate Tampering (Tachycardia) (Loss: 0.04),High
2026-01-07 15:26:22,Physical Anomaly,ECG AI,Rate Tampering (Tachycardia) (Loss: 0.04),High
2026-01-07 15:26:22,Physical Anomaly,ECG AI,Rate Tampering (Tachycardia) (Loss: 0.04),High
2026-01-07 15:26:22,Physical Anomaly,ECG AI,Rate Tampering (Tachycardia) (Loss: 0.04),High
2026-01-07 15:26:22,Physical Anomaly,ECG AI,Rate Tampering (Tachycardia) (Loss: 0.04),High
2026-01-07 15:26:22,Physical Anomaly,ECG AI,Rate Tampering (Tachycardia) (Loss: 0.04),High
2026-01-07 15:26:23,Physical Anomaly,ECG AI,Rate Tampering (Tachycardia) (Loss: 0.03),High
2026-01-07 15:26:23,Physical Anomaly,ECG AI,Rate Tampering (Tachycardia) (Loss: 0.04),High
2026-01-07 15:26:23,Physical Anomaly,ECG AI,Rate Tampering (Tachycardia) (Loss: 0.04),High
2026-01-07 15:26:23,Physical Anomaly,ECG AI,Rate Tampering (Tachycardia) (Loss: 0.03),High
2026-01-07 15:26:23,Physical Anomaly,ECG AI,Rate Tampering (Tachycardia) (Loss: 0.03),High
2026-01-07 15:26:23,Physical Anomaly,ECG AI,Rate Tampering (Tachycardia) (Loss: 0.03),High
2026-01-07 15:26:23,Physical Anomaly,ECG AI,Rate Tampering (Tachycardia) (Loss: 0.04),High
2026-01-07 15:26:23,Physical Anomaly,ECG AI,Rate Tampering (Tachycardia) (Loss: 0.05),High
2026-01-07 15:26:23,Physical Anomaly,ECG AI,Rate Tampering (Tachycardia) (Loss: 0.05),High
2026-01-07 15:26:23,Physical Anomaly,ECG AI,Rate Tampering (Tachycardia) (Loss: 0.06),High
2026-01-07 15:26:23,Physical Anomaly,ECG AI,Rate Tampering (Tachycardia) (Loss: 0.06),High
2026-01-07 15:26:23,Physical Anomaly,ECG AI,Rate Tampering (Tachycardia) (Loss: 0.07),High
2026-01-07 15:26:24,Physical Anomaly,ECG AI,Rate Tampering (Tachycardia) (Loss: 0.06),High
2026-01-07 15:26:24,Physical Anomaly,ECG AI,Rate Tampering (Tachycardia) (Loss: 0.04),High
2026-01-07 15:26:24,Physical Anomaly,ECG AI,Rate Tampering (Tachycardia) (Loss: 0.03),High
2026-01-07 15:26:24,Physical Anomaly,ECG AI,Rate Tampering (Tachycardia) (Loss: 0.03),High
2026-01-07 15:26:25,Physical Anomaly,ECG AI,Rate Tampering (Tachycardia) (Loss: 0.03),High
2026-01-07 15:26:25,Physical Anomaly,ECG AI,Rate Tampering (Tachycardia) (Loss: 0.04),High
2026-01-07 15:26:25,Physical Anomaly,ECG AI,Rate Tampering (Tachycardia) (Loss: 0.03),High
2026-01-07 15:26:25,Physical Anomaly,ECG AI,Rate Tampering (Tachycardia) (Loss: 0.04),High
2026-01-07 15:26:25,Physical Anomaly,ECG AI,Rate Tampering (Tachycardia) (Loss: 0.04),High
2026-01-07 15:26:25,Physical Anomaly,ECG AI,Rate Tampering (Tachycardia) (Loss: 0.04),High
2026-01-07 15:26:25,Physical Anomaly,ECG AI,Rate Tampering (Tachycardia) (Loss: 0.04),High
2026-01-07 15:26:25,Physical Anomaly,ECG AI,Rate Tampering (Tachycardia) (Loss: 0.05),High
2026-01-07 15:26:25,Physical Anomaly,ECG AI,Rate Tampering (Tachycardia) (Loss: 0.04),High
2026-01-07 15:26:25,Physical Anomaly,ECG AI,Rate Tampering (Tachycardia) (Loss: 0.05),High
2026-01-07 15:26:26,Physical Anomaly,ECG AI,Rate Tampering (Tachycardia) (Loss: 0.05),High
2026-01-07 15:26:26,Physical Anomaly,ECG AI,Rate Tampering (Tachycardia) (Loss: 0.05),High
2026-01-07 15:26:26,Physical Anomaly,ECG AI,Rate Tampering (Tachycardia) (Loss: 0.06),High
2026-01-07 15:26:26,Physical Anomaly,ECG AI,Rate Tampering (Tachycardia) (Loss: 0.05),High
2026-01-07 15:26:26,Physical Anomaly,ECG AI,Rate Tampering (Tachycardia) (Loss: 0.05),High
2026-01-07 15:26:26,Physical Anomaly,ECG AI,Rate Tampering (Tachycardia) (Loss: 0.05),High
2026-01-07 15:26:26,Physical Anomaly,ECG AI,Rate Tampering (Tachycardia) (Loss: 0.04),High
2026-01-07 15:26:26,Physical Anomaly,ECG AI,Rate Tampering (Tachycardia) (Loss: 0.04),High
2026-01-07 15:26:26,Physical Anomaly,ECG AI,Rate Tampering (Tachycardia) (Loss: 0.04),High
2026-01-07 15:26:26,Physical Anomaly,ECG AI,Rate Tampering (Tachycardia) (Loss: 0.04),High
2026-01-07 15:26:26,Physical Anomaly,ECG AI,Rate Tampering (Tachycardia) (Loss: 0.04),High
2026-01-07 15:26:26,Physical Anomaly,ECG AI,Rate Tampering (Tachycardia) (Loss: 0.04),High
2026-01-07 15:26:26,Physical Anomaly,ECG AI,Rate Tampering (Tachycardia) (Loss: 0.04),High
2026-01-07 15:26:26,Physical Anomaly,ECG AI,Rate Tampering (Tachycardia) (Loss: 0.04),High
2026-01-07 15:26:27,Physical Anomaly,ECG AI,Rate Tampering (Tachycardia) (Loss: 0.05),High
2026-01-07 15:26:27,Physical Anomaly,ECG AI,Rate Tampering (Tachycardia) (Loss: 0.05),High
2026-01-07 15:26:27,Physical Anomaly,ECG AI,Rate Tampering (Tachycardia) (Loss: 0.05),High
2026-01-07 15:26:27,Physical Anomaly,ECG AI,Rate Tampering (Tachycardia) (Loss: 0.05),High
2026-01-07 15:26:27,Physical Anomaly,ECG AI,Rate Tampering (Tachycardia) (Loss: 0.05),High
2026-01-07 15:26:27,Physical Anomaly,ECG AI,Rate Tampering (Tachycardia) (Loss: 0.05),High
2026-01-07 15:26:27,Physical Anomaly,ECG AI,Rate Tampering (Tachycardia) (Loss: 0.05),High
2026-01-07 15:26:27,Physical Anomaly,ECG AI,Rate Tampering (Tachycardia) (Loss: 0.05),High
2026-01-07 15:26:27,Physical Anomaly,ECG AI,Rate Tampering (Tachycardia) (Loss: 0.05),High
2026-01-07 15:26:27,Physical Anomaly,ECG AI,Rate Tampering (Tachycardia) (Loss: 0.05),High
2026-01-07 15:26:28,Physical Anomaly,ECG AI,Rate Tampering (Tachycardia) (Loss: 0.06),High
2026-01-07 15:26:28,Physical Anomaly,ECG AI,Rate Tampering (Tachycardia) (Loss: 0.06),High
2026-01-07 15:26:28,Physical Anomaly,ECG AI,Rate Tampering (Tachycardia) (Loss: 0.06),High
2026-01-07 15:26:28,Physical Anomaly,ECG AI,Rate Tampering (Tachycardia) (Loss: 0.06),High
2026-01-07 15:26:28,Physical Anomaly,ECG AI,Rate Tampering (Tachycardia) (Loss: 0.05),High
2026-01-07 15:26:28,Physical Anomaly,ECG AI,Rate Tampering (Tachycardia) (Loss: 0.05),High
2026-01-07 15:26:28,Physical Anomaly,ECG AI,Rate Tampering (Tachycardia) (Loss: 0.05),High
2026-01-07 15:26:28,Physical Anomaly,ECG AI,Rate Tampering (Tachycardia) (Loss: 0.05),High
2026-01-07 15:26:28,Physical Anomaly,ECG AI,Rate Tampering (Tachycardia) (Loss: 0.05),High
2026-01-07 15:26:28,Physical Anomaly,ECG AI,Rate Tampering (Tachycardia) (Loss: 0.05),High
2026-01-07 15:26:29,Physical Anomaly,ECG AI,Rate Tampering (Tachycardia) (Loss: 0.06),High
2026-01-07 15:26:29,Physical Anomaly,ECG AI,Rate Tampering (Tachycardia) (Loss: 0.06),High
2026-01-07 15:26:29,Physical Anomaly,ECG AI,Rate Tampering (Tachycardia) (Loss: 0.06),High
2026-01-07 15:26:29,Physical Anomaly,ECG AI,Rate Tampering (Tachycardia) (Loss: 0.06),High
2026-01-07 15:26:29,Physical Anomaly,ECG AI,Rate Tampering (Tachycardia) (Loss: 0.05),High
2026-01-07 15:26:29,Physical Anomaly,ECG AI,Rate Tampering (Tachycardia) (Loss: 0.05),High
2026-01-07 15:26:29,Physical Anomaly,ECG AI,Rate Tampering (Tachycardia) (Loss: 0.05),High
2026-01-07 15:26:29,Physical Anomaly,ECG AI,Rate Tampering (Tachycardia) (Loss: 0.05),High
2026-01-07 15:26:29,Physical Anomaly,ECG AI,Rate Tampering (Tachycardia) (Loss: 0.07),High
2026-01-07 15:26:29,Physical Anomaly,ECG AI,Rate Tampering (Tachycardia) (Loss: 0.05),High
2026-01-07 15:26:29,Physical Anomaly,ECG AI,Rate Tampering (Tachycardia) (Loss: 0.05),High
2026-01-07 15:26:29,Physical Anomaly,ECG AI,Rate Tampering (Tachycardia) (Loss: 0.05),High
2026-01-07 15:26:29,Physical Anomaly,ECG AI,Rate Tampering (Tachycardia) (Loss: 0.05),High
2026-01-07 15:26:30,Physical Anomaly,ECG AI,Rate Tampering (Tachycardia) (Loss: 0.05),High
2026-01-07 15:26:30,Physical Anomaly,ECG AI,Rate Tampering (Tachycardia) (Loss: 0.04),High
2026-01-07 15:26:30,Physical Anomaly,ECG AI,Rate Tampering (Tachycardia) (Loss: 0.04),High
2026-01-07 15:26:30,Physical Anomaly,ECG AI,Rate Tampering (Tachycardia) (Loss: 0.04),High
2026-01-07 15:26:30,Physical Anomaly,ECG AI,Rate Tampering (Tachycardia) (Loss: 0.04),High
2026-01-07 15:26:30,Physical Anomaly,ECG AI,Rate Tampering (Tachycardia) (Loss: 0.04),High
2026-01-07 15:26:30,Physical Anomaly,ECG AI,Rate Tampering (Tachycardia) (Loss: 0.04),High
2026-01-07 15:26:30,Physical Anomaly,ECG AI,Rate Tampering (Tachycardia) (Loss: 0.04),High
2026-01-07 15:26:30,Physical Anomaly,ECG AI,Rate Tampering (Tachycardia) (Loss: 0.03),High
2026-01-07 15:26:30,Physical Anomaly,ECG AI,Rate Tampering (Tachycardia) (Loss: 0.04),High
2026-01-07 15:26:30,Physical Anomaly,ECG AI,Rate Tampering (Tachycardia) (Loss: 0.05),High
2026-01-07 15:26:30,Physical Anomaly,ECG AI,Rate Tampering (Tachycardia) (Loss: 0.03),High
2026-01-07 15:26:30,Physical Anomaly,ECG AI,Rate Tampering (Tachycardia) (Loss: 0.03),High
2026-01-07 15:26:31,Physical Anomaly,ECG AI,Rate Tampering (Tachycardia) (Loss: 0.03),High
2026-01-07 15:26:31,Physical Anomaly,ECG AI,Rate Tampering (Tachycardia) (Loss: 0.03),High
2026-01-07 15:26:31,Physical Anomaly,ECG AI,Rate Tampering (Tachycardia) (Loss: 0.04),High
2026-01-07 15:26:31,Physical Anomaly,ECG AI,Rate Tampering (Tachycardia) (Loss: 0.04),High
2026-01-07 15:26:31,Physical Anomaly,ECG AI,Rate Tampering (Tachycardia) (Loss: 0.04),High
2026-01-07 15:26:31,Physical Anomaly,ECG AI,Rate Tampering (Tachycardia) (Loss: 0.04),High
2026-01-07 15:26:31,Physical Anomaly,ECG AI,Rate Tampering (Tachycardia) (Loss: 0.04),High
2026-01-07 15:26:31,Physical Anomaly,ECG AI,Rate Tampering (Tachycardia) (Loss: 0.05),High
2026-01-07 15:26:31,Physical Anomaly,ECG AI,Rate Tampering (Tachycardia) (Loss: 0.05),High
2026-01-07 15:26:31,Physical Anomaly,ECG AI,Rate Tampering (Tachycardia) (Loss: 0.05),High
2026-01-07 15:26:31,Physical Anomaly,ECG AI,Rate Tampering (Tachycardia) (Loss: 0.05),High
2026-01-07 15:26:31,Physical Anomaly,ECG AI,Rate Tampering (Tachycardia) (Loss: 0.05),High
2026-01-07 15:26:31,Physical Anomaly,ECG AI,Rate Tampering (Tachycardia) (Loss: 0.06),High
2026-01-07 15:26:32,Physical Anomaly,ECG AI,Rate Tampering (Tachycardia) (Loss: 0.04),High
2026-01-07 15:26:32,Physical Anomaly,ECG AI,Rate Tampering (Tachycardia) (Loss: 0.05),High
2026-01-07 15:26:33,Physical Anomaly,ECG AI,Rate Tampering (Tachycardia) (Loss: 0.05),High
2026-01-07 15:26:33,Physical Anomaly,ECG AI,Rate Tampering (Tachycardia) (Loss: 0.04),High
2026-01-07 15:26:33,Physical Anomaly,ECG AI,Rate Tampering (Tachycardia) (Loss: 0.05),High
2026-01-07 15:26:33,Physical Anomaly,ECG AI,Rate Tampering (Tachycardia) (Loss: 0.05),High
2026-01-07 15:26:33,Physical Anomaly,ECG AI,Rate Tampering (Tachycardia) (Loss: 0.05),High
2026-01-07 15:26:33,Physical Anomaly,ECG AI,Rate Tampering (Tachycardia) (Loss: 0.04),High
2026-01-07 15:26:33,Physical Anomaly,ECG AI,Rate Tampering (Tachycardia) (Loss: 0.05),High
2026-01-07 15:26:33,Physical Anomaly,ECG AI,Rate Tampering (Tachycardia) (Loss: 0.05),High
2026-01-07 15:26:34,Physical Anomaly,ECG AI,Rate Tampering (Tachycardia) (Loss: 0.04),High
2026-01-07 15:26:34,Physical Anomaly,ECG AI,Rate Tampering (Tachycardia) (Loss: 0.04),High
2026-01-07 15:26:34,Physical Anomaly,ECG AI,Rate Tampering (Tachycardia) (Loss: 0.04),High
2026-01-07 15:26:34,Physical Anomaly,ECG AI,Rate Tampering (Tachycardia) (Loss: 0.04),High
2026-01-07 15:26:34,Physical Anomaly,ECG AI,Rate Tampering (Tachycardia) (Loss: 0.04),High
2026-01-07 15:26:34,Physical Anomaly,ECG AI,Rate Tampering (Tachycardia) (Loss: 0.04),High
2026-01-07 15:26:34,Physical Anomaly,ECG AI,Rate Tampering (Tachycardia) (Loss: 0.04),High
2026-01-07 15:26:34,Physical Anomaly,ECG AI,Rate Tampering (Tachycardia) (Loss: 0.04),High
2026-01-07 15:26:34,Physical Anomaly,ECG AI,Rate Tampering (Tachycardia) (Loss: 0.04),High
2026-01-07 15:26:34,Physical Anomaly,ECG AI,Rate Tampering (Tachycardia) (Loss: 0.04),High
2026-01-07 15:26:34,Physical Anomaly,ECG AI,Rate Tampering (Tachycardia) (Loss: 0.04),High
2026-01-07 15:26:34,Physical Anomaly,ECG AI,Rate Tampering (Tachycardia) (Loss: 0.04),High
2026-01-07 15:26:34,Physical Anomaly,ECG AI,Rate Tampering (Tachycardia) (Loss: 0.05),High
2026-01-07 15:26:35,Physical Anomaly,ECG AI,Rate Tampering (Tachycardia) (Loss: 0.05),High
2026-01-07 15:26:35,Physical Anomaly,ECG AI,Rate Tampering (Tachycardia) (Loss: 0.05),High
2026-01-07 15:26:35,Physical Anomaly,ECG AI,Rate Tampering (Tachycardia) (Loss: 0.05),High
2026-01-07 15:26:35,Physical Anomaly,ECG AI,Rate Tampering (Tachycardia) (Loss: 0.06),High
2026-01-07 15:26:35,Physical Anomaly,ECG AI,Rate Tampering (Tachycardia) (Loss: 0.04),High
2026-01-07 15:26:35,Physical Anomaly,ECG AI,Rate Tampering (Tachycardia) (Loss: 0.05),High
2026-01-07 15:26:36,Physical Anomaly,ECG AI,Rate Tampering (Tachycardia) (Loss: 0.05),High
2026-01-07 15:26:36,Physical Anomaly,ECG AI,Rate Tampering (Tachycardia) (Loss: 0.05),High
2026-01-07 15:26:36,Physical Anomaly,ECG AI,Rate Tampering (Tachycardia) (Loss: 0.05),High
2026-01-07 15:26:36,Physical Anomaly,ECG AI,Rate Tampering (Tachycardia) (Loss: 0.04),High
2026-01-07 15:26:36,Physical Anomaly,ECG AI,Rate Tampering (Tachycardia) (Loss: 0.03),High
2026-01-07 15:26:36,Physical Anomaly,ECG AI,Rate Tampering (Tachycardia) (Loss: 0.03),High
2026-01-07 15:26:36,Physical Anomaly,ECG AI,Rate Tampering (Tachycardia) (Loss: 0.03),High
2026-01-07 15:26:36,Physical Anomaly,ECG AI,Rate Tampering (Tachycardia) (Loss: 0.03),High
2026-01-07 15:26:36,Physical Anomaly,ECG AI,Rate Tampering (Tachycardia) (Loss: 0.02),High
2026-01-07 15:26:37,Physical Anomaly,ECG AI,Rate Tampering (Tachycardia) (Loss: 0.03),High
2026-01-07 15:26:37,Physical Anomaly,ECG AI,Rate Tampering (Tachycardia) (Loss: 0.03),High
2026-01-07 15:26:37,Physical Anomaly,ECG AI,Rate Tampering (Tachycardia) (Loss: 0.03),High
2026-01-07 15:26:37,Physical Anomaly,ECG AI,Rate Tampering (Tachycardia) (Loss: 0.03),High
2026-01-07 15:26:37,Physical Anomaly,ECG AI,Rate Tampering (Tachycardia) (Loss: 0.03),High
2026-01-07 15:26:37,Physical Anomaly,ECG AI,Rate Tampering (Tachycardia) (Loss: 0.03),High
2026-01-07 15:26:37,Physical Anomaly,ECG AI,Rate Tampering (Tachycardia) (Loss: 0.03),High
2026-01-07 15:26:37,Physical Anomaly,ECG AI,Rate Tampering (Tachycardia) (Loss: 0.03),High
2026-01-07 15:26:37,Physical Anomaly,ECG AI,Rate Tampering (Tachycardia) (Loss: 0.04),High
2026-01-07 15:26:37,Physical Anomaly,ECG AI,Rate Tampering (Tachycardia) (Loss: 0.03),High
2026-01-07 15:26:37,Physical Anomaly,ECG AI,Rate Tampering (Tachycardia) (Loss: 0.03),High
2026-01-07 15:26:37,Physical Anomaly,ECG AI,Rate Tampering (Tachycardia) (Loss: 0.02),High
2026-01-07 15:26:38,Physical Anomaly,ECG AI,Rate Tampering (Tachycardia) (Loss: 0.03),High
2026-01-07 15:26:38,Physical Anomaly,ECG AI,Rate Tampering (Tachycardia) (Loss: 0.04),High
2026-01-07 15:26:38,Physical Anomaly,ECG AI,Rate Tampering (Tachycardia) (Loss: 0.03),High
2026-01-07 15:26:38,Physical Anomaly,ECG AI,Rate Tampering (Tachycardia) (Loss: 0.03),High
2026-01-07 15:26:38,Physical Anomaly,ECG AI,Rate Tampering (Tachycardia) (Loss: 0.03),High
2026-01-07 15:26:38,Physical Anomaly,ECG AI,Rate Tampering (Tachycardia) (Loss: 0.04),High
2026-01-07 15:26:38,Physical Anomaly,ECG AI,Rate Tampering (Tachycardia) (Loss: 0.04),High
2026-01-07 15:26:38,Physical Anomaly,ECG AI,Rate Tampering (Tachycardia) (Loss: 0.04),High
2026-01-07 15:26:38,Physical Anomaly,ECG AI,Rate Tampering (Tachycardia) (Loss: 0.04),High
2026-01-07 15:26:38,Physical Anomaly,ECG AI,Rate Tampering (Tachycardia) (Loss: 0.04),High
2026-01-07 15:26:38,Physical Anomaly,ECG AI,Rate Tampering (Tachycardia) (Loss: 0.05),High
2026-01-07 15:26:38,Physical Anomaly,ECG AI,Rate Tampering (Tachycardia) (Loss: 0.05),High
2026-01-07 15:26:38,Physical Anomaly,ECG AI,Rate Tampering (Tachycardia) (Loss: 0.04),High
2026-01-07 15:26:39,Physical Anomaly,ECG AI,Rate Tampering (Tachycardia) (Loss: 0.04),High
2026-01-07 15:26:39,Physical Anomaly,ECG AI,Rate Tampering (Tachycardia) (Loss: 0.04),High
2026-01-07 15:26:39,Physical Anomaly,ECG AI,Rate Tampering (Tachycardia) (Loss: 0.06),High
2026-01-07 15:26:39,Physical Anomaly,ECG AI,Rate Tampering (Tachycardia) (Loss: 0.05),High
2026-01-07 15:26:39,Physical Anomaly,ECG AI,Rate Tampering (Tachycardia) (Loss: 0.05),High
2026-01-07 15:26:39,Physical Anomaly,ECG AI,Rate Tampering (Tachycardia) (Loss: 0.05),High
2026-01-07 15:26:39,Physical Anomaly,ECG AI,Rate Tampering (Tachycardia) (Loss: 0.04),High
2026-01-07 15:26:39,Physical Anomaly,ECG AI,Rate Tampering (Tachycardia) (Loss: 0.06),High
2026-01-07 15:26:39,Physical Anomaly,ECG AI,Rate Tampering (Tachycardia) (Loss: 0.04),High
2026-01-07 15:26:40,Physical Anomaly,ECG AI,Rate Tampering (Tachycardia) (Loss: 0.04),High
2026-01-07 15:26:40,Physical Anomaly,ECG AI,Rate Tampering (Tachycardia) (Loss: 0.04),High
2026-01-07 15:26:40,Physical Anomaly,ECG AI,Rate Tampering (Tachycardia) (Loss: 0.04),High
2026-01-07 15:26:40,Physical Anomaly,ECG AI,Rate Tampering (Tachycardia) (Loss: 0.05),High
2026-01-07 15:26:40,Physical Anomaly,ECG AI,Rate Tampering (Tachycardia) (Loss: 0.04),High
2026-01-07 15:26:40,Physical Anomaly,ECG AI,Rate Tampering (Tachycardia) (Loss: 0.04),High
2026-01-07 15:26:40,Physical Anomaly,ECG AI,Rate Tampering (Tachycardia) (Loss: 0.05),High
2026-01-07 15:26:40,Physical Anomaly,ECG AI,Rate Tampering (Tachycardia) (Loss: 0.04),High
2026-01-07 15:26:40,Physical Anomaly,ECG AI,Rate Tampering (Tachycardia) (Loss: 0.05),High
2026-01-07 15:26:40,Physical Anomaly,ECG AI,Rate Tampering (Tachycardia) (Loss: 0.04),High
2026-01-07 15:26:40,Physical Anomaly,ECG AI,Rate Tampering (Tachycardia) (Loss: 0.05),High
2026-01-07 15:26:40,Physical Anomaly,ECG AI,Rate Tampering (Tachycardia) (Loss: 0.05),High
2026-01-07 15:26:40,Physical Anomaly,ECG AI,Rate Tampering (Tachycardia) (Loss: 0.05),High
2026-01-07 15:26:41,Physical Anomaly,ECG AI,Rate Tampering (Tachycardia) (Loss: 0.07),High
2026-01-07 15:26:41,Physical Anomaly,ECG AI,Rate Tampering (Tachycardia) (Loss: 0.06),High
2026-01-07 15:26:41,Physical Anomaly,ECG AI,Rate Tampering (Tachycardia) (Loss: 0.06),High
2026-01-07 15:26:41,Physical Anomaly,ECG AI,Rate Tampering (Tachycardia) (Loss: 0.06),High
2026-01-07 15:26:41,Physical Anomaly,ECG AI,Rate Tampering (Tachycardia) (Loss: 0.06),High
2026-01-07 15:26:41,Physical Anomaly,ECG AI,Rate Tampering (Tachycardia) (Loss: 0.06),High
2026-01-07 15:26:41,Physical Anomaly,ECG AI,Rate Tampering (Tachycardia) (Loss: 0.05),High
2026-01-07 15:26:41,Physical Anomaly,ECG AI,Rate Tampering (Tachycardia) (Loss: 0.05),High
2026-01-07 15:26:41,Physical Anomaly,ECG AI,Rate Tampering (Tachycardia) (Loss: 0.05),High
2026-01-07 15:26:41,Physical Anomaly,ECG AI,Rate Tampering (Tachycardia) (Loss: 0.05),High
2026-01-07 15:26:41,Physical Anomaly,ECG AI,Rate Tampering (Tachycardia) (Loss: 0.05),High
2026-01-07 15:26:41,Physical Anomaly,ECG AI,Rate Tampering (Tachycardia) (Loss: 0.04),High
2026-01-07 15:26:41,Physical Anomaly,ECG AI,Rate Tampering (Tachycardia) (Loss: 0.05),High
2026-01-07 15:26:42,Physical Anomaly,ECG AI,Rate Tampering (Tachycardia) (Loss: 0.05),High
2026-01-07 15:26:42,Physical Anomaly,ECG AI,Rate Tampering (Tachycardia) (Loss: 0.05),High
2026-01-07 15:26:42,Physical Anomaly,ECG AI,Rate Tampering (Tachycardia) (Loss: 0.05),High
2026-01-07 15:26:42,Physical Anomaly,ECG AI,Rate Tampering (Tachycardia) (Loss: 0.04),High
2026-01-07 15:26:42,Physical Anomaly,ECG AI,Rate Tampering (Tachycardia) (Loss: 0.05),High
2026-01-07 15:26:42,Physical Anomaly,ECG AI,Rate Tampering (Tachycardia) (Loss: 0.04),High
2026-01-07 15:26:42,Physical Anomaly,ECG AI,Rate Tampering (Tachycardia) (Loss: 0.04),High
2026-01-07 15:26:42,Physical Anomaly,ECG AI,Rate Tampering (Tachycardia) (Loss: 0.05),High
2026-01-07 15:26:42,Physical Anomaly,ECG AI,Rate Tampering (Tachycardia) (Loss: 0.05),High
2026-01-07 15:26:43,Physical Anomaly,ECG AI,Rate Tampering (Tachycardia) (Loss: 0.05),High
2026-01-07 15:26:43,Physical Anomaly,ECG AI,Rate Tampering (Tachycardia) (Loss: 0.05),High
2026-01-07 15:26:43,Physical Anomaly,ECG AI,Rate Tampering (Tachycardia) (Loss: 0.05),High
2026-01-07 15:26:43,Physical Anomaly,ECG AI,Rate Tampering (Tachycardia) (Loss: 0.06),High
2026-01-07 15:26:43,Physical Anomaly,ECG AI,Rate Tampering (Tachycardia) (Loss: 0.05),High
2026-01-07 15:26:43,Physical Anomaly,ECG AI,Rate Tampering (Tachycardia) (Loss: 0.05),High
2026-01-07 15:26:43,Physical Anomaly,ECG AI,Rate Tampering (Tachycardia) (Loss: 0.05),High
2026-01-07 15:26:43,Physical Anomaly,ECG AI,Rate Tampering (Tachycardia) (Loss: 0.05),High
2026-01-07 15:26:43,Physical Anomaly,ECG AI,Rate Tampering (Tachycardia) (Loss: 0.05),High
2026-01-07 15:26:43,Physical Anomaly,ECG AI,Rate Tampering (Tachycardia) (Loss: 0.05),High
2026-01-07 15:26:43,Physical Anomaly,ECG AI,Rate Tampering (Tachycardia) (Loss: 0.05),High
2026-01-07 15:26:43,Physical Anomaly,ECG AI,Rate Tampering (Tachycardia) (Loss: 0.05),High
2026-01-07 15:26:43,Physical Anomaly,ECG AI,Rate Tampering (Tachycardia) (Loss: 0.04),High
2026-01-07 15:26:43,Physical Anomaly,ECG AI,Rate Tampering (Tachycardia) (Loss: 0.04),High
2026-01-07 15:26:44,Physical Anomaly,ECG AI,Rate Tampering (Tachycardia) (Loss: 0.04),High
2026-01-07 15:26:44,Physical Anomaly,ECG AI,Rate Tampering (Tachycardia) (Loss: 0.04),High
2026-01-07 15:26:44,Physical Anomaly,ECG AI,Rate Tampering (Tachycardia) (Loss: 0.04),High
2026-01-07 15:26:44,Physical Anomaly,ECG AI,Rate Tampering (Tachycardia) (Loss: 0.04),High
2026-01-07 15:26:44,Physical Anomaly,ECG AI,Rate Tampering (Tachycardia) (Loss: 0.04),High
2026-01-07 15:26:44,Physical Anomaly,ECG AI,Rate Tampering (Tachycardia) (Loss: 0.04),High
2026-01-07 15:26:44,Physical Anomaly,ECG AI,Rate Tampering (Tachycardia) (Loss: 0.04),High
2026-01-07 15:26:44,Physical Anomaly,ECG AI,Rate Tampering (Tachycardia) (Loss: 0.04),High
2026-01-07 15:26:44,Physical Anomaly,ECG AI,Rate Tampering (Tachycardia) (Loss: 0.04),High
2026-01-07 15:26:44,Physical Anomaly,ECG AI,Rate Tampering (Tachycardia) (Loss: 0.04),High
2026-01-07 15:26:45,Physical Anomaly,ECG AI,Rate Tampering (Tachycardia) (Loss: 0.04),High
2026-01-07 15:26:45,Physical Anomaly,ECG AI,Rate Tampering (Tachycardia) (Loss: 0.04),High
2026-01-07 15:26:45,Physical Anomaly,ECG AI,Rate Tampering (Tachycardia) (Loss: 0.04),High
2026-01-07 15:26:45,Physical Anomaly,ECG AI,Rate Tampering (Tachycardia) (Loss: 0.04),High
2026-01-07 15:26:45,Physical Anomaly,ECG AI,Rate Tampering (Tachycardia) (Loss: 0.04),High
2026-01-07 15:26:45,Physical Anomaly,ECG AI,Rate Tampering (Tachycardia) (Loss: 0.04),High
2026-01-07 15:26:45,Physical Anomaly,ECG AI,Rate Tampering (Tachycardia) (Loss: 0.05),High
2026-01-07 15:26:45,Physical Anomaly,ECG AI,Rate Tampering (Tachycardia) (Loss: 0.05),High
2026-01-07 15:26:45,Physical Anomaly,ECG AI,Rate Tampering (Tachycardia) (Loss: 0.05),High
2026-01-07 15:26:45,Physical Anomaly,ECG AI,Rate Tampering (Tachycardia) (Loss: 0.06),High
2026-01-07 15:26:45,Physical Anomaly,ECG AI,Rate Tampering (Tachycardia) (Loss: 0.06),High
2026-01-07 15:26:45,Physical Anomaly,ECG AI,Rate Tampering (Tachycardia) (Loss: 0.06),High
2026-01-07 15:26:45,Physical Anomaly,ECG AI,Rate Tampering (Tachycardia) (Loss: 0.06),High
2026-01-07 15:26:46,Physical Anomaly,ECG AI,Rate Tampering (Tachycardia) (Loss: 0.05),High
2026-01-07 15:26:46,Physical Anomaly,ECG AI,Rate Tampering (Tachycardia) (Loss: 0.07),High
2026-01-07 15:26:46,Physical Anomaly,ECG AI,Rate Tampering (Tachycardia) (Loss: 0.05),High
2026-01-07 15:26:47,Physical Anomaly,ECG AI,Rate Tampering (Tachycardia) (Loss: 0.05),High
2026-01-07 15:26:47,Physical Anomaly,ECG AI,Rate Tampering (Tachycardia) (Loss: 0.05),High
2026-01-07 15:26:47,Physical Anomaly,ECG AI,Rate Tampering (Tachycardia) (Loss: 0.05),High
2026-01-07 15:26:47,Physical Anomaly,ECG AI,Rate Tampering (Tachycardia) (Loss: 0.05),High
2026-01-07 15:26:47,Physical Anomaly,ECG AI,Rate Tampering (Tachycardia) (Loss: 0.05),High
2026-01-07 15:26:47,Physical Anomaly,ECG AI,Rate Tampering (Tachycardia) (Loss: 0.05),High
2026-01-07 15:26:47,Physical Anomaly,ECG AI,Rate Tampering (Tachycardia) (Loss: 0.05),High
2026-01-07 15:26:47,Physical Anomaly,ECG AI,Rate Tampering (Tachycardia) (Loss: 0.06),High
2026-01-07 15:26:47,Physical Anomaly,ECG AI,Rate Tampering (Tachycardia) (Loss: 0.06),High
2026-01-07 15:26:47,Physical Anomaly,ECG AI,Rate Tampering (Tachycardia) (Loss: 0.05),High
2026-01-07 15:26:47,Physical Anomaly,ECG AI,Rate Tampering (Tachycardia) (Loss: 0.05),High
2026-01-07 15:26:47,Physical Anomaly,ECG AI,Rate Tampering (Tachycardia) (Loss: 0.05),High
2026-01-07 15:26:47,Physical Anomaly,ECG AI,Rate Tampering (Tachycardia) (Loss: 0.05),High
2026-01-07 15:26:47,Physical Anomaly,ECG AI,Rate Tampering (Tachycardia) (Loss: 0.05),High
2026-01-07 15:26:48,Physical Anomaly,ECG AI,Rate Tampering (Tachycardia) (Loss: 0.05),High
2026-01-07 15:26:48,Physical Anomaly,ECG AI,Rate Tampering (Tachycardia) (Loss: 0.05),High
2026-01-07 15:26:48,Physical Anomaly,ECG AI,Rate Tampering (Tachycardia) (Loss: 0.04),High
2026-01-07 15:26:48,Physical Anomaly,ECG AI,Rate Tampering (Tachycardia) (Loss: 0.05),High
2026-01-07 15:26:48,Physical Anomaly,ECG AI,Rate Tampering (Tachycardia) (Loss: 0.04),High
2026-01-07 15:26:48,Physical Anomaly,ECG AI,Rate Tampering (Tachycardia) (Loss: 0.05),High
2026-01-07 15:26:48,Physical Anomaly,ECG AI,Rate Tampering (Tachycardia) (Loss: 0.05),High
2026-01-07 15:26:48,Physical Anomaly,ECG AI,Rate Tampering (Tachycardia) (Loss: 0.05),High
2026-01-07 15:26:48,Physical Anomaly,ECG AI,Rate Tampering (Tachycardia) (Loss: 0.05),High
2026-01-07 15:26:49,Physical Anomaly,ECG AI,Rate Tampering (Tachycardia) (Loss: 0.05),High
2026-01-07 15:26:49,Physical Anomaly,ECG AI,Rate Tampering (Tachycardia) (Loss: 0.05),High
2026-01-07 15:26:49,Physical Anomaly,ECG AI,Rate Tampering (Tachycardia) (Loss: 0.05),High
2026-01-07 15:26:49,Physical Anomaly,ECG AI,Rate Tampering (Tachycardia) (Loss: 0.04),High
2026-01-07 15:26:49,Physical Anomaly,ECG AI,Rate Tampering (Tachycardia) (Loss: 0.05),High
2026-01-07 15:26:49,Physical Anomaly,ECG AI,Rate Tampering (Tachycardia) (Loss: 0.05),High
2026-01-07 15:26:49,Physical Anomaly,ECG AI,Rate Tampering (Tachycardia) (Loss: 0.05),High
2026-01-07 15:26:49,Physical Anomaly,ECG AI,Rate Tampering (Tachycardia) (Loss: 0.05),High
2026-01-07 15:26:49,Physical Anomaly,ECG AI,Rate Tampering (Tachycardia) (Loss: 0.05),High
2026-01-07 15:26:49,Physical Anomaly,ECG AI,Rate Tampering (Tachycardia) (Loss: 0.05),High
2026-01-07 15:26:49,Physical Anomaly,ECG AI,Rate Tampering (Tachycardia) (Loss: 0.05),High
2026-01-07 15:26:49,Physical Anomaly,ECG AI,Rate Tampering (Tachycardia) (Loss: 0.06),High
2026-01-07 15:26:49,Physical Anomaly,ECG AI,Rate Tampering (Tachycardia) (Loss: 0.05),High
2026-01-07 15:26:50,Physical Anomaly,ECG AI,Rate Tampering (Tachycardia) (Loss: 0.07),High
2026-01-07 15:26:50,Physical Anomaly,ECG AI,Rate Tampering (Tachycardia) (Loss: 0.07),High
2026-01-07 15:26:50,Physical Anomaly,ECG AI,Rate Tampering (Tachycardia) (Loss: 0.06),High
2026-01-07 15:26:50,Physical Anomaly,ECG AI,Rate Tampering (Tachycardia) (Loss: 0.06),High
2026-01-07 15:26:50,Physical Anomaly,ECG AI,Rate Tampering (Tachycardia) (Loss: 0.06),High
2026-01-07 15:26:50,Physical Anomaly,ECG AI,Rate Tampering (Tachycardia) (Loss: 0.06),High
2026-01-07 15:26:50,Physical Anomaly,ECG AI,Rate Tampering (Tachycardia) (Loss: 0.06),High
2026-01-07 15:26:50,Physical Anomaly,ECG AI,Rate Tampering (Tachycardia) (Loss: 0.05),High
2026-01-07 15:26:51,Physical Anomaly,ECG AI,Rate Tampering (Tachycardia) (Loss: 0.04),High
2026-01-07 15:26:51,Physical Anomaly,ECG AI,Rate Tampering (Tachycardia) (Loss: 0.04),High
2026-01-07 15:26:51,Physical Anomaly,ECG AI,Rate Tampering (Tachycardia) (Loss: 0.05),High
2026-01-07 15:26:51,Physical Anomaly,ECG AI,Rate Tampering (Tachycardia) (Loss: 0.04),High
2026-01-07 15:26:51,Physical Anomaly,ECG AI,Rate Tampering (Tachycardia) (Loss: 0.04),High
2026-01-07 15:26:51,Physical Anomaly,ECG AI,Rate Tampering (Tachycardia) (Loss: 0.04),High
2026-01-07 15:26:51,Physical Anomaly,ECG AI,Rate Tampering (Tachycardia) (Loss: 0.05),High
2026-01-07 15:26:51,Physical Anomaly,ECG AI,Rate Tampering (Tachycardia) (Loss: 0.05),High
2026-01-07 15:26:51,Physical Anomaly,ECG AI,Rate Tampering (Tachycardia) (Loss: 0.04),High
2026-01-07 15:26:52,Physical Anomaly,ECG AI,Rate Tampering (Tachycardia) (Loss: 0.04),High
2026-01-07 15:26:52,Physical Anomaly,ECG AI,Rate Tampering (Tachycardia) (Loss: 0.04),High
2026-01-07 15:26:52,Physical Anomaly,ECG AI,Rate Tampering (Tachycardia) (Loss: 0.04),High
2026-01-07 15:26:52,Physical Anomaly,ECG AI,Rate Tampering (Tachycardia) (Loss: 0.04),High
2026-01-07 15:26:52,Physical Anomaly,ECG AI,Rate Tampering (Tachycardia) (Loss: 0.04),High
2026-01-07 15:26:52,Physical Anomaly,ECG AI,Rate Tampering (Tachycardia) (Loss: 0.04),High
2026-01-07 15:26:52,Physical Anomaly,ECG AI,Rate Tampering (Tachycardia) (Loss: 0.04),High
2026-01-07 15:26:52,Physical Anomaly,ECG AI,Rate Tampering (Tachycardia) (Loss: 0.04),High
2026-01-07 15:26:52,Physical Anomaly,ECG AI,Rate Tampering (Tachycardia) (Loss: 0.05),High
2026-01-07 15:26:52,Physical Anomaly,ECG AI,Rate Tampering (Tachycardia) (Loss: 0.04),High
2026-01-07 15:26:52,Physical Anomaly,ECG AI,Rate Tampering (Tachycardia) (Loss: 0.04),High
2026-01-07 15:26:52,Physical Anomaly,ECG AI,Rate Tampering (Tachycardia) (Loss: 0.05),High
2026-01-07 15:26:52,Physical Anomaly,ECG AI,Rate Tampering (Tachycardia) (Loss: 0.05),High
2026-01-07 15:26:52,Physical Anomaly,ECG AI,Rate Tampering (Tachycardia) (Loss: 0.05),High
2026-01-07 15:26:53,Physical Anomaly,ECG AI,Rate Tampering (Tachycardia) (Loss: 0.06),High
2026-01-07 15:26:53,Physical Anomaly,ECG AI,Rate Tampering (Tachycardia) (Loss: 0.06),High
2026-01-07 15:26:53,Physical Anomaly,ECG AI,Rate Tampering (Tachycardia) (Loss: 0.06),High
2026-01-07 15:26:54,Physical Anomaly,ECG AI,Rate Tampering (Tachycardia) (Loss: 0.05),High
2026-01-07 15:26:54,Physical Anomaly,ECG AI,Rate Tampering (Tachycardia) (Loss: 0.05),High
2026-01-07 15:26:54,Physical Anomaly,ECG AI,Rate Tampering (Tachycardia) (Loss: 0.05),High
2026-01-07 15:26:54,Physical Anomaly,ECG AI,Rate Tampering (Tachycardia) (Loss: 0.05),High
2026-01-07 15:26:54,Physical Anomaly,ECG AI,Rate Tampering (Tachycardia) (Loss: 0.04),High
2026-01-07 15:26:54,Physical Anomaly,ECG AI,Rate Tampering (Tachycardia) (Loss: 0.04),High
2026-01-07 15:26:54,Physical Anomaly,ECG AI,Rate Tampering (Tachycardia) (Loss: 0.04),High
2026-01-07 15:26:54,Physical Anomaly,ECG AI,Rate Tampering (Tachycardia) (Loss: 0.05),High
2026-01-07 15:26:54,Physical Anomaly,ECG AI,Rate Tampering (Tachycardia) (Loss: 0.04),High
2026-01-07 15:26:54,Physical Anomaly,ECG AI,Rate Tampering (Tachycardia) (Loss: 0.04),High
2026-01-07 15:26:55,Physical Anomaly,ECG AI,Rate Tampering (Tachycardia) (Loss: 0.04),High
2026-01-07 15:26:55,Physical Anomaly,ECG AI,Rate Tampering (Tachycardia) (Loss: 0.04),High
2026-01-07 15:26:55,Physical Anomaly,ECG AI,Rate Tampering (Tachycardia) (Loss: 0.04),High
2026-01-07 15:26:55,Physical Anomaly,ECG AI,Rate Tampering (Tachycardia) (Loss: 0.05),High
2026-01-07 15:26:55,Physical Anomaly,ECG AI,Rate Tampering (Tachycardia) (Loss: 0.04),High
2026-01-07 15:26:55,Physical Anomaly,ECG AI,Rate Tampering (Tachycardia) (Loss: 0.04),High
2026-01-07 15:26:55,Physical Anomaly,ECG AI,Rate Tampering (Tachycardia) (Loss: 0.05),High
2026-01-07 15:26:55,Physical Anomaly,ECG AI,Rate Tampering (Tachycardia) (Loss: 0.05),High
2026-01-07 15:26:55,Physical Anomaly,ECG AI,Rate Tampering (Tachycardia) (Loss: 0.06),High
2026-01-07 15:26:55,Physical Anomaly,ECG AI,Rate Tampering (Tachycardia) (Loss: 0.04),High
2026-01-07 15:26:55,Physical Anomaly,ECG AI,Rate Tampering (Tachycardia) (Loss: 0.04),High
2026-01-07 15:26:55,Physical Anomaly,ECG AI,Rate Tampering (Tachycardia) (Loss: 0.04),High
2026-01-07 15:26:55,Physical Anomaly,ECG AI,Rate Tampering (Tachycardia) (Loss: 0.04),High
2026-01-07 15:26:56,Physical Anomaly,ECG AI,Rate Tampering (Tachycardia) (Loss: 0.05),High
2026-01-07 15:26:56,Physical Anomaly,ECG AI,Rate Tampering (Tachycardia) (Loss: 0.04),High
2026-01-07 15:26:56,Physical Anomaly,ECG AI,Rate Tampering (Tachycardia) (Loss: 0.05),High
2026-01-07 15:26:56,Physical Anomaly,ECG AI,Rate Tampering (Tachycardia) (Loss: 0.05),High
2026-01-07 15:26:56,Physical Anomaly,ECG AI,Rate Tampering (Tachycardia) (Loss: 0.05),High
2026-01-07 15:26:56,Physical Anomaly,ECG AI,Rate Tampering (Tachycardia) (Loss: 0.06),High
2026-01-07 15:26:56,Physical Anomaly,ECG AI,Rate Tampering (Tachycardia) (Loss: 0.05),High
2026-01-07 15:26:56,Physical Anomaly,ECG AI,Rate Tampering (Tachycardia) (Loss: 0.05),High
2026-01-07 15:26:56,Physical Anomaly,ECG AI,Rate Tampering (Tachycardia) (Loss: 0.05),High
2026-01-07 15:26:57,Physical Anomaly,ECG AI,Rate Tampering (Tachycardia) (Loss: 0.05),High
2026-01-07 15:26:57,Physical Anomaly,ECG AI,Rate Tampering (Tachycardia) (Loss: 0.05),High
2026-01-07 15:26:57,Physical Anomaly,ECG AI,Rate Tampering (Tachycardia) (Loss: 0.05),High
2026-01-07 15:26:57,Physical Anomaly,ECG AI,Rate Tampering (Tachycardia) (Loss: 0.05),High
2026-01-07 15:30:15,Physical Anomaly,ECG AI,Spoofing (High Noise) (Loss: 0.11),High
2026-01-07 15:30:16,Physical Anomaly,ECG AI,Spoofing (High Noise) (Loss: 0.11),High
2026-01-07 15:30:16,Physical Anomaly,ECG AI,Spoofing (High Noise) (Loss: 0.11),High
2026-01-07 15:30:16,Physical Anomaly,ECG AI,Spoofing (High Noise) (Loss: 0.11),High
2026-01-07 15:30:16,Physical Anomaly,ECG AI,Spoofing (High Noise) (Loss: 0.10),High
2026-01-07 15:30:16,Physical Anomaly,ECG AI,Spoofing (High Noise) (Loss: 0.07),High
2026-01-07 15:30:16,Physical Anomaly,ECG AI,Spoofing (High Noise) (Loss: 0.09),High
2026-01-07 15:30:16,Physical Anomaly,ECG AI,Rate Tampering (Tachycardia) (Loss: 0.08),High
2026-01-07 15:30:16,Physical Anomaly,ECG AI,Rate Tampering (Tachycardia) (Loss: 0.06),High
2026-01-07 15:30:16,Physical Anomaly,ECG AI,Rate Tampering (Tachycardia) (Loss: 0.07),High
2026-01-07 15:30:16,Physical Anomaly,ECG AI,Rate Tampering (Tachycardia) (Loss: 0.08),High
2026-01-07 15:30:16,Physical Anomaly,ECG AI,Rate Tampering (Tachycardia) (Loss: 0.08),High
2026-01-07 15:30:16,Physical Anomaly,ECG AI,Rate Tampering (Tachycardia) (Loss: 0.08),High
2026-01-07 15:30:16,Physical Anomaly,ECG AI,Rate Tampering (Tachycardia) (Loss: 0.06),High
2026-01-07 15:30:16,Physical Anomaly,ECG AI,Rate Tampering (Tachycardia) (Loss: 0.07),High
2026-01-07 15:30:16,Physical Anomaly,ECG AI,Rate Tampering (Tachycardia) (Loss: 0.06),High
2026-01-07 15:30:17,Physical Anomaly,ECG AI,Rate Tampering (Tachycardia) (Loss: 0.05),High
2026-01-07 15:30:17,Physical Anomaly,ECG AI,Rate Tampering (Tachycardia) (Loss: 0.05),High
2026-01-07 15:30:17,Physical Anomaly,ECG AI,Rate Tampering (Tachycardia) (Loss: 0.05),High
2026-01-07 15:30:17,Physical Anomaly,ECG AI,Rate Tampering (Tachycardia) (Loss: 0.04),High
2026-01-07 15:30:17,Physical Anomaly,ECG AI,Rate Tampering (Tachycardia) (Loss: 0.04),High
2026-01-07 15:30:17,Physical Anomaly,ECG AI,Rate Tampering (Tachycardia) (Loss: 0.05),High
2026-01-07 15:30:17,Physical Anomaly,ECG AI,Rate Tampering (Tachycardia) (Loss: 0.05),High
2026-01-07 15:30:18,Physical Anomaly,ECG AI,Rate Tampering (Tachycardia) (Loss: 0.06),High
2026-01-07 15:30:18,Physical Anomaly,ECG AI,Rate Tampering (Tachycardia) (Loss: 0.05),High
2026-01-07 15:30:18,Physical Anomaly,ECG AI,Rate Tampering (Tachycardia) (Loss: 0.04),High
2026-01-07 15:30:18,Physical Anomaly,ECG AI,Rate Tampering (Tachycardia) (Loss: 0.04),High
2026-01-07 15:30:18,Physical Anomaly,ECG AI,Rate Tampering (Tachycardia) (Loss: 0.06),High
2026-01-07 15:30:19,Physical Anomaly,ECG AI,Spoofing (High Noise) (Loss: 0.10),High
2026-01-07 15:30:19,Physical Anomaly,ECG AI,Spoofing (High Noise) (Loss: 0.10),High
2026-01-07 15:30:19,Physical Anomaly,ECG AI,Spoofing (High Noise) (Loss: 0.09),High
2026-01-07 15:30:19,Physical Anomaly,ECG AI,Spoofing (High Noise) (Loss: 0.11),High
2026-01-07 15:30:19,Physical Anomaly,ECG AI,Spoofing (High Noise) (Loss: 0.08),High
2026-01-07 15:30:22,Physical Anomaly,ECG AI,Rate Tampering (Tachycardia) (Loss: 0.05),High
2026-01-07 15:30:22,Physical Anomaly,ECG AI,Rate Tampering (Tachycardia) (Loss: 0.05),High
2026-01-07 15:30:22,Physical Anomaly,ECG AI,Rate Tampering (Tachycardia) (Loss: 0.05),High
2026-01-07 15:30:22,Physical Anomaly,ECG AI,Rate Tampering (Tachycardia) (Loss: 0.05),High
2026-01-07 15:30:22,Physical Anomaly,ECG AI,Rate Tampering (Tachycardia) (Loss: 0.05),High
2026-01-07 15:30:22,Physical Anomaly,ECG AI,Rate Tampering (Tachycardia) (Loss: 0.05),High
2026-01-07 15:30:22,Physical Anomaly,ECG AI,Rate Tampering (Tachycardia) (Loss: 0.05),High
2026-01-07 15:30:22,Physical Anomaly,ECG AI,Rate Tampering (Tachycardia) (Loss: 0.06),High
2026-01-07 15:30:23,Physical Anomaly,ECG AI,Rate Tampering (Tachycardia) (Loss: 0.06),High
2026-01-07 15:30:23,Physical Anomaly,ECG AI,Rate Tampering (Tachycardia) (Loss: 0.05),High
2026-01-07 15:30:23,Physical Anomaly,ECG AI,Rate Tampering (Tachycardia) (Loss: 0.05),High
2026-01-07 15:30:23,Physical Anomaly,ECG AI,Rate Tampering (Tachycardia) (Loss: 0.04),High
2026-01-07 15:30:23,Physical Anomaly,ECG AI,Rate Tampering (Tachycardia) (Loss: 0.04),High
2026-01-07 15:30:23,Physical Anomaly,ECG AI,Rate Tampering (Tachycardia) (Loss: 0.04),High
2026-01-07 15:30:23,Physical Anomaly,ECG AI,Rate Tampering (Tachycardia) (Loss: 0.05),High
2026-01-07 15:30:23,Physical Anomaly,ECG AI,Rate Tampering (Tachycardia) (Loss: 0.04),High
2026-01-07 15:30:23,Physical Anomaly,ECG AI,Rate Tampering (Tachycardia) (Loss: 0.04),High
2026-01-07 15:30:23,Physical Anomaly,ECG AI,Rate Tampering (Tachycardia) (Loss: 0.04),High
2026-01-07 15:30:23,Physical Anomaly,ECG AI,Rate Tampering (Tachycardia) (Loss: 0.04),High
2026-01-07 15:30:23,Physical Anomaly,ECG AI,Rate Tampering (Tachycardia) (Loss: 0.04),High
2026-01-07 15:30:24,Physical Anomaly,ECG AI,Rate Tampering (Tachycardia) (Loss: 0.02),High
2026-01-07 15:30:25,Physical Anomaly,ECG AI,Critical Signal Loss (Flatline) (Loss: 0.00),High
2026-01-07 15:30:25,Physical Anomaly,ECG AI,Critical Signal Loss (Flatline) (Loss: 0.00),High
2026-01-07 15:30:25,Physical Anomaly,ECG AI,Critical Signal Loss (Flatline) (Loss: 0.00),High
2026-01-07 15:30:25,Physical Anomaly,ECG AI,Critical Signal Loss (Flatline) (Loss: 0.00),High
2026-01-07 15:30:26,Physical Anomaly,ECG AI,Critical Signal Loss (Flatline) (Loss: 0.00),High
2026-01-07 15:30:26,Physical Anomaly,ECG AI,Critical Signal Loss (Flatline) (Loss: 0.00),High
2026-01-07 15:30:26,Physical Anomaly,ECG AI,Critical Signal Loss (Flatline) (Loss: 0.00),High
2026-01-07 15:30:26,Physical Anomaly,ECG AI,Critical Signal Loss (Flatline) (Loss: 0.00),High
2026-01-07 15:30:26,Physical Anomaly,ECG AI,Critical Signal Loss (Flatline) (Loss: 0.00),High
2026-01-07 15:30:26,Physical Anomaly,ECG AI,Critical Signal Loss (Flatline) (Loss: 0.00),High
2026-01-07 15:30:26,Physical Anomaly,ECG AI,Critical Signal Loss (Flatline) (Loss: 0.00),High
2026-01-07 15:30:26,Physical Anomaly,ECG AI,Critical Signal Loss (Flatline) (Loss: 0.00),High
2026-01-07 15:30:26,Physical Anomaly,ECG AI,Critical Signal Loss (Flatline) (Loss: 0.00),High
2026-01-07 15:30:26,Physical Anomaly,ECG AI,Critical Signal Loss (Flatline) (Loss: 0.00),High
2026-01-07 15:30:26,Physical Anomaly,ECG AI,Critical Signal Loss (Flatline) (Loss: 0.00),High
2026-01-07 15:30:26,Physical Anomaly,ECG AI,Critical Signal Loss (Flatline) (Loss: 0.00),High
2026-01-07 15:30:26,Physical Anomaly,ECG AI,Critical Signal Loss (Flatline) (Loss: 0.00),High
2026-01-07 15:30:26,Physical Anomaly,ECG AI,Critical Signal Loss (Flatline) (Loss: 0.00),High
2026-01-07 15:30:26,Physical Anomaly,ECG AI,Critical Signal Loss (Flatline) (Loss: 0.00),High
2026-01-07 15:30:26,Physical Anomaly,ECG AI,Critical Signal Loss (Flatline) (Loss: 0.00),High
2026-01-07 15:30:27,Physical Anomaly,ECG AI,Critical Signal Loss (Flatline) (Loss: 0.00),High
2026-01-07 15:30:27,Physical Anomaly,ECG AI,Critical Signal Loss (Flatline) (Loss: 0.00),High
2026-01-07 15:30:27,Physical Anomaly,ECG AI,Critical Signal Loss (Flatline) (Loss: 0.00),High
2026-01-07 15:30:27,Physical Anomaly,ECG AI,Critical Signal Loss (Flatline) (Loss: 0.00),High
2026-01-07 15:30:27,Physical Anomaly,ECG AI,Critical Signal Loss (Flatline) (Loss: 0.00),High
2026-01-07 15:30:27,Physical Anomaly,ECG AI,Critical Signal Loss (Flatline) (Loss: 0.00),High
2026-01-07 15:30:27,Physical Anomaly,ECG AI,Critical Signal Loss (Flatline) (Loss: 0.00),High
2026-01-07 15:30:27,Physical Anomaly,ECG AI,Critical Signal Loss (Flatline) (Loss: 0.00),High
2026-01-07 15:30:28,Physical Anomaly,ECG AI,Critical Signal Loss (Flatline) (Loss: 0.00),High
2026-01-07 15:30:28,Physical Anomaly,ECG AI,Critical Signal Loss (Flatline) (Loss: 0.00),High
2026-01-07 15:30:28,Physical Anomaly,ECG AI,Critical Signal Loss (Flatline) (Loss: 0.00),High
2026-01-07 15:30:28,Physical Anomaly,ECG AI,Critical Signal Loss (Flatline) (Loss: 0.00),High
2026-01-07 15:30:28,Physical Anomaly,ECG AI,Critical Signal Loss (Flatline) (Loss: 0.00),High
2026-01-07 15:30:28,Physical Anomaly,ECG AI,Critical Signal Loss (Flatline) (Loss: 0.00),High
2026-01-07 15:30:28,Physical Anomaly,ECG AI,Critical Signal Loss (Flatline) (Loss: 0.00),High
2026-01-07 15:30:28,Physical Anomaly,ECG AI,Critical Signal Loss (Flatline) (Loss: 0.01),High
2026-01-07 15:30:28,Physical Anomaly,ECG AI,Critical Signal Loss (Flatline) (Loss: 0.01),High
2026-01-07 15:30:30,Physical Anomaly,ECG AI,Rate Tampering (Tachycardia) (Loss: 0.05),High
2026-01-07 15:30:30,Physical Anomaly,ECG AI,Rate Tampering (Tachycardia) (Loss: 0.04),High
2026-01-07 15:30:30,Physical Anomaly,ECG AI,Rate Tampering (Tachycardia) (Loss: 0.04),High
2026-01-07 15:30:30,Physical Anomaly,ECG AI,Rate Tampering (Tachycardia) (Loss: 0.03),High
2026-01-07 15:30:30,Physical Anomaly,ECG AI,Rate Tampering (Tachycardia) (Loss: 0.03),High
2026-01-07 15:30:30,Physical Anomaly,ECG AI,Rate Tampering (Tachycardia) (Loss: 0.04),High
2026-01-07 15:30:30,Physical Anomaly,ECG AI,Rate Tampering (Tachycardia) (Loss: 0.04),High
2026-01-07 15:30:30,Physical Anomaly,ECG AI,Rate Tampering (Tachycardia) (Loss: 0.04),High
2026-01-07 15:30:30,Physical Anomaly,ECG AI,Rate Tampering (Tachycardia) (Loss: 0.04),High
2026-01-07 15:30:30,Physical Anomaly,ECG AI,Rate Tampering (Tachycardia) (Loss: 0.04),High
2026-01-07 15:30:31,Physical Anomaly,ECG AI,Rate Tampering (Tachycardia) (Loss: 0.07),High
2026-01-07 15:30:32,Physical Anomaly,ECG AI,Rate Tampering (Tachycardia) (Loss: 0.08),High
2026-01-07 15:30:32,Physical Anomaly,ECG AI,Rate Tampering (Tachycardia) (Loss: 0.08),High
2026-01-07 15:30:32,Physical Anomaly,ECG AI,Rate Tampering (Tachycardia) (Loss: 0.06),High
2026-01-07 15:30:32,Physical Anomaly,ECG AI,Rate Tampering (Tachycardia) (Loss: 0.06),High
2026-01-07 15:30:32,Physical Anomaly,ECG AI,Rate Tampering (Tachycardia) (Loss: 0.05),High
2026-01-07 15:30:32,Physical Anomaly,ECG AI,Rate Tampering (Tachycardia) (Loss: 0.05),High
2026-01-07 15:30:32,Physical Anomaly,ECG AI,Rate Tampering (Tachycardia) (Loss: 0.05),High
2026-01-07 15:30:32,Physical Anomaly,ECG AI,Rate Tampering (Tachycardia) (Loss: 0.04),High
2026-01-07 15:30:32,Physical Anomaly,ECG AI,Rate Tampering (Tachycardia) (Loss: 0.04),High
2026-01-07 15:30:32,Physical Anomaly,ECG AI,Rate Tampering (Tachycardia) (Loss: 0.04),High
2026-01-07 15:30:33,Physical Anomaly,ECG AI,Rate Tampering (Tachycardia) (Loss: 0.04),High
2026-01-07 15:30:33,Physical Anomaly,ECG AI,Rate Tampering (Tachycardia) (Loss: 0.05),High
2026-01-07 15:30:33,Physical Anomaly,ECG AI,Rate Tampering (Tachycardia) (Loss: 0.05),High
2026-01-07 15:30:33,Physical Anomaly,ECG AI,Rate Tampering (Tachycardia) (Loss: 0.05),High
2026-01-07 15:30:33,Physical Anomaly,ECG AI,Rate Tampering (Tachycardia) (Loss: 0.05),High
2026-01-07 15:30:33,Physical Anomaly,ECG AI,Rate Tampering (Tachycardia) (Loss: 0.05),High
2026-01-07 15:30:33,Physical Anomaly,ECG AI,Rate Tampering (Tachycardia) (Loss: 0.06),High
2026-01-07 15:30:33,Physical Anomaly,ECG AI,Rate Tampering (Tachycardia) (Loss: 0.04),High
2026-01-07 15:35:03,Physical Anomaly,ECG AI,Rate Tampering (Tachycardia) (Loss: 0.05),High
2026-01-07 15:35:03,Physical Anomaly,ECG AI,Rate Tampering (Tachycardia) (Loss: 0.06),High
2026-01-07 15:35:03,Physical Anomaly,ECG AI,Rate Tampering (Tachycardia) (Loss: 0.06),High
2026-01-07 15:35:03,Physical Anomaly,ECG AI,Rate Tampering (Tachycardia) (Loss: 0.06),High
2026-01-07 15:35:03,Physical Anomaly,ECG AI,Rate Tampering (Tachycardia) (Loss: 0.05),High
2026-01-07 15:35:03,Physical Anomaly,ECG AI,Rate Tampering (Tachycardia) (Loss: 0.05),High
2026-01-07 15:35:03,Physical Anomaly,ECG AI,Rate Tampering (Tachycardia) (Loss: 0.05),High
2026-01-07 15:35:03,Physical Anomaly,ECG AI,Rate Tampering (Tachycardia) (Loss: 0.05),High
2026-01-07 15:35:03,Physical Anomaly,ECG AI,Rate Tampering (Tachycardia) (Loss: 0.05),High
2026-01-07 15:35:03,Physical Anomaly,ECG AI,Rate Tampering (Tachycardia) (Loss: 0.05),High
2026-01-07 15:35:03,Physical Anomaly,ECG AI,Rate Tampering (Tachycardia) (Loss: 0.05),High
2026-01-07 15:35:04,Physical Anomaly,ECG AI,Rate Tampering (Tachycardia) (Loss: 0.05),High
2026-01-07 15:35:04,Physical Anomaly,ECG AI,Rate Tampering (Tachycardia) (Loss: 0.05),High
2026-01-07 15:35:04,Physical Anomaly,ECG AI,Rate Tampering (Tachycardia) (Loss: 0.05),High
2026-01-07 15:35:04,Physical Anomaly,ECG AI,Rate Tampering (Tachycardia) (Loss: 0.05),High
2026-01-07 15:35:04,Physical Anomaly,ECG AI,Rate Tampering (Tachycardia) (Loss: 0.05),High
2026-01-07 15:35:04,Physical Anomaly,ECG AI,Rate Tampering (Tachycardia) (Loss: 0.05),High
2026-01-07 15:35:04,Physical Anomaly,ECG AI,Rate Tampering (Tachycardia) (Loss: 0.05),High
2026-01-07 15:35:04,Physical Anomaly,ECG AI,Rate Tampering (Tachycardia) (Loss: 0.05),High
2026-01-07 15:35:04,Physical Anomaly,ECG AI,Rate Tampering (Tachycardia) (Loss: 0.06),High
2026-01-07 15:35:05,Physical Anomaly,ECG AI,Rate Tampering (Tachycardia) (Loss: 0.04),High
2026-01-07 15:35:05,Physical Anomaly,ECG AI,Rate Tampering (Tachycardia) (Loss: 0.04),High
2026-01-07 15:35:05,Physical Anomaly,ECG AI,Rate Tampering (Tachycardia) (Loss: 0.04),High
2026-01-07 15:35:05,Physical Anomaly,ECG AI,Rate Tampering (Tachycardia) (Loss: 0.04),High
2026-01-07 15:35:05,Physical Anomaly,ECG AI,Rate Tampering (Tachycardia) (Loss: 0.04),High
2026-01-07 15:35:05,Physical Anomaly,ECG AI,Rate Tampering (Tachycardia) (Loss: 0.04),High
2026-01-07 15:35:05,Physical Anomaly,ECG AI,Rate Tampering (Tachycardia) (Loss: 0.04),High
2026-01-07 15:35:05,Physical Anomaly,ECG AI,Rate Tampering (Tachycardia) (Loss: 0.04),High
2026-01-07 15:35:05,Physical Anomaly,ECG AI,Rate Tampering (Tachycardia) (Loss: 0.04),High
2026-01-07 15:35:06,Physical Anomaly,ECG AI,Rate Tampering (Tachycardia) (Loss: 0.04),High
2026-01-07 15:35:06,Physical Anomaly,ECG AI,Rate Tampering (Tachycardia) (Loss: 0.03),High
2026-01-07 15:35:06,Physical Anomaly,ECG AI,Rate Tampering (Tachycardia) (Loss: 0.04),High
2026-01-07 15:35:06,Physical Anomaly,ECG AI,Rate Tampering (Tachycardia) (Loss: 0.04),High
2026-01-07 15:35:06,Physical Anomaly,ECG AI,Rate Tampering (Tachycardia) (Loss: 0.05),High
2026-01-07 15:35:06,Physical Anomaly,ECG AI,Rate Tampering (Tachycardia) (Loss: 0.04),High
2026-01-07 15:35:06,Physical Anomaly,ECG AI,Rate Tampering (Tachycardia) (Loss: 0.05),High
2026-01-07 15:35:06,Physical Anomaly,ECG AI,Rate Tampering (Tachycardia) (Loss: 0.05),High
2026-01-07 15:35:06,Physical Anomaly,ECG AI,Rate Tampering (Tachycardia) (Loss: 0.05),High
2026-01-07 15:35:06,Physical Anomaly,ECG AI,Rate Tampering (Tachycardia) (Loss: 0.05),High
2026-01-07 15:35:06,Physical Anomaly,ECG AI,Rate Tampering (Tachycardia) (Loss: 0.05),High
2026-01-07 15:35:06,Physical Anomaly,ECG AI,Rate Tampering (Tachycardia) (Loss: 0.04),High
2026-01-07 15:35:06,Physical Anomaly,ECG AI,Rate Tampering (Tachycardia) (Loss: 0.05),High
2026-01-07 15:35:06,Physical Anomaly,ECG AI,Rate Tampering (Tachycardia) (Loss: 0.04),High
2026-01-07 15:35:06,Physical Anomaly,ECG AI,Rate Tampering (Tachycardia) (Loss: 0.04),High
2026-01-07 15:35:06,Physical Anomaly,ECG AI,Rate Tampering (Tachycardia) (Loss: 0.05),High
2026-01-07 15:35:06,Physical Anomaly,ECG AI,Rate Tampering (Tachycardia) (Loss: 0.05),High
2026-01-07 15:35:06,Physical Anomaly,ECG AI,Rate Tampering (Tachycardia) (Loss: 0.05),High
2026-01-07 15:35:06,Physical Anomaly,ECG AI,Rate Tampering (Tachycardia) (Loss: 0.06),High
2026-01-07 15:35:06,Physical Anomaly,ECG AI,Rate Tampering (Tachycardia) (Loss: 0.06),High
2026-01-07 15:35:07,Physical Anomaly,ECG AI,Rate Tampering (Tachycardia) (Loss: 0.07),High
2026-01-07 15:35:07,Physical Anomaly,ECG AI,Rate Tampering (Tachycardia) (Loss: 0.05),High
2026-01-07 15:35:07,Physical Anomaly,ECG AI,Rate Tampering (Tachycardia) (Loss: 0.05),High
2026-01-07 15:35:07,Physical Anomaly,ECG AI,Rate Tampering (Tachycardia) (Loss: 0.05),High
2026-01-07 15:35:08,Physical Anomaly,ECG AI,Rate Tampering (Tachycardia) (Loss: 0.07),High
2026-01-07 15:35:08,Physical Anomaly,ECG AI,Rate Tampering (Tachycardia) (Loss: 0.04),High
2026-01-07 15:35:08,Physical Anomaly,ECG AI,Rate Tampering (Tachycardia) (Loss: 0.04),High
2026-01-07 15:35:08,Physical Anomaly,ECG AI,Rate Tampering (Tachycardia) (Loss: 0.05),High
2026-01-07 15:35:08,Physical Anomaly,ECG AI,Rate Tampering (Tachycardia) (Loss: 0.05),High
2026-01-07 15:35:08,Physical Anomaly,ECG AI,Rate Tampering (Tachycardia) (Loss: 0.07),High
2026-01-07 15:35:08,Physical Anomaly,ECG AI,Rate Tampering (Tachycardia) (Loss: 0.05),High
2026-01-07 15:35:08,Physical Anomaly,ECG AI,Rate Tampering (Tachycardia) (Loss: 0.05),High
2026-01-07 15:35:08,Physical Anomaly,ECG AI,Rate Tampering (Tachycardia) (Loss: 0.05),High
2026-01-07 15:35:09,Physical Anomaly,ECG AI,Rate Tampering (Tachycardia) (Loss: 0.05),High
2026-01-07 15:35:09,Physical Anomaly,ECG AI,Rate Tampering (Tachycardia) (Loss: 0.06),High
2026-01-07 15:35:09,Physical Anomaly,ECG AI,Rate Tampering (Tachycardia) (Loss: 0.05),High
2026-01-07 15:35:09,Physical Anomaly,ECG AI,Rate Tampering (Tachycardia) (Loss: 0.05),High
2026-01-07 15:35:09,Physical Anomaly,ECG AI,Rate Tampering (Tachycardia) (Loss: 0.05),High
2026-01-07 15:35:09,Physical Anomaly,ECG AI,Rate Tampering (Tachycardia) (Loss: 0.05),High
2026-01-07 15:35:10,Physical Anomaly,ECG AI,Rate Tampering (Tachycardia) (Loss: 0.05),High
2026-01-07 15:35:10,Physical Anomaly,ECG AI,Rate Tampering (Tachycardia) (Loss: 0.04),High
2026-01-07 15:35:10,Physical Anomaly,ECG AI,Rate Tampering (Tachycardia) (Loss: 0.05),High
2026-01-07 15:35:10,Physical Anomaly,ECG AI,Rate Tampering (Tachycardia) (Loss: 0.05),High
2026-01-07 15:35:10,Physical Anomaly,ECG AI,Rate Tampering (Tachycardia) (Loss: 0.06),High
2026-01-07 15:35:10,Physical Anomaly,ECG AI,Rate Tampering (Tachycardia) (Loss: 0.06),High
2026-01-07 15:35:10,Physical Anomaly,ECG AI,Rate Tampering (Tachycardia) (Loss: 0.05),High
2026-01-07 15:35:10,Physical Anomaly,ECG AI,Rate Tampering (Tachycardia) (Loss: 0.04),High
2026-01-07 15:35:10,Physical Anomaly,ECG AI,Rate Tampering (Tachycardia) (Loss: 0.05),High
2026-01-07 15:35:10,Physical Anomaly,ECG AI,Rate Tampering (Tachycardia) (Loss: 0.05),High
2026-01-07 15:35:10,Physical Anomaly,ECG AI,Rate Tampering (Tachycardia) (Loss: 0.05),High
2026-01-07 15:35:10,Physical Anomaly,ECG AI,Rate Tampering (Tachycardia) (Loss: 0.05),High
2026-01-07 15:35:10,Physical Anomaly,ECG AI,Rate Tampering (Tachycardia) (Loss: 0.05),High
2026-01-07 15:35:11,Physical Anomaly,ECG AI,Rate Tampering (Tachycardia) (Loss: 0.05),High
2026-01-07 15:35:11,Physical Anomaly,ECG AI,Rate Tampering (Tachycardia) (Loss: 0.06),High
2026-01-07 15:35:11,Physical Anomaly,ECG AI,Rate Tampering (Tachycardia) (Loss: 0.06),High
2026-01-07 15:35:11,Physical Anomaly,ECG AI,Rate Tampering (Tachycardia) (Loss: 0.06),High
2026-01-07 15:35:11,Physical Anomaly,ECG AI,Rate Tampering (Tachycardia) (Loss: 0.05),High
2026-01-07 15:35:11,Physical Anomaly,ECG AI,Rate Tampering (Tachycardia) (Loss: 0.05),High
2026-01-07 15:35:11,Physical Anomaly,ECG AI,Rate Tampering (Tachycardia) (Loss: 0.05),High
2026-01-07 15:35:11,Physical Anomaly,ECG AI,Rate Tampering (Tachycardia) (Loss: 0.05),High
2026-01-07 15:35:11,Physical Anomaly,ECG AI,Rate Tampering (Tachycardia) (Loss: 0.04),High
2026-01-07 15:35:11,Physical Anomaly,ECG AI,Rate Tampering (Tachycardia) (Loss: 0.05),High
2026-01-07 15:35:12,Physical Anomaly,ECG AI,Rate Tampering (Tachycardia) (Loss: 0.05),High
2026-01-07 15:35:12,Physical Anomaly,ECG AI,Rate Tampering (Tachycardia) (Loss: 0.05),High
2026-01-07 15:35:12,Physical Anomaly,ECG AI,Rate Tampering (Tachycardia) (Loss: 0.05),High
2026-01-07 15:35:12,Physical Anomaly,ECG AI,Rate Tampering (Tachycardia) (Loss: 0.05),High
2026-01-07 15:35:12,Physical Anomaly,ECG AI,Rate Tampering (Tachycardia) (Loss: 0.05),High
2026-01-07 15:35:12,Physical Anomaly,ECG AI,Rate Tampering (Tachycardia) (Loss: 0.05),High
2026-01-07 15:35:12,Physical Anomaly,ECG AI,Rate Tampering (Tachycardia) (Loss: 0.05),High
2026-01-07 15:35:15,Physical Anomaly,ECG AI,Spoofing (High Noise) (Loss: 0.09),High
2026-01-07 15:35:15,Physical Anomaly,ECG AI,Spoofing (High Noise) (Loss: 0.09),High
2026-01-07 15:35:15,Physical Anomaly,ECG AI,Spoofing (High Noise) (Loss: 0.10),High
2026-01-07 15:35:15,Physical Anomaly,ECG AI,Spoofing (High Noise) (Loss: 0.10),High
2026-01-07 15:35:15,Physical Anomaly,ECG AI,Spoofing (High Noise) (Loss: 0.10),High
2026-01-07 15:35:15,Physical Anomaly,ECG AI,Spoofing (High Noise) (Loss: 0.07),High
2026-01-07 15:35:15,Physical Anomaly,ECG AI,Rate Tampering (Tachycardia) (Loss: 0.06),High
2026-01-07 15:35:16,Physical Anomaly,ECG AI,Rate Tampering (Tachycardia) (Loss: 0.08),High
2026-01-07 15:35:16,Physical Anomaly,ECG AI,Rate Tampering (Tachycardia) (Loss: 0.08),High
2026-01-07 15:35:16,Physical Anomaly,ECG AI,Rate Tampering (Tachycardia) (Loss: 0.07),High
2026-01-07 15:35:16,Physical Anomaly,ECG AI,Rate Tampering (Tachycardia) (Loss: 0.06),High
2026-01-07 15:35:16,Physical Anomaly,ECG AI,Rate Tampering (Tachycardia) (Loss: 0.06),High
2026-01-07 15:35:16,Physical Anomaly,ECG AI,Rate Tampering (Tachycardia) (Loss: 0.06),High
2026-01-07 15:35:17,Physical Anomaly,ECG AI,Rate Tampering (Tachycardia) (Loss: 0.04),High
2026-01-07 15:35:17,Physical Anomaly,ECG AI,Rate Tampering (Tachycardia) (Loss: 0.04),High
2026-01-07 15:35:17,Physical Anomaly,ECG AI,Rate Tampering (Tachycardia) (Loss: 0.04),High
2026-01-07 15:35:17,Physical Anomaly,ECG AI,Rate Tampering (Tachycardia) (Loss: 0.04),High
2026-01-07 15:35:17,Physical Anomaly,ECG AI,Rate Tampering (Tachycardia) (Loss: 0.05),High
2026-01-07 15:35:17,Physical Anomaly,ECG AI,Rate Tampering (Tachycardia) (Loss: 0.05),High
2026-01-07 15:35:17,Physical Anomaly,ECG AI,Rate Tampering (Tachycardia) (Loss: 0.06),High
2026-01-07 15:35:17,Physical Anomaly,ECG AI,Rate Tampering (Tachycardia) (Loss: 0.06),High
2026-01-07 15:35:18,Physical Anomaly,ECG AI,Rate Tampering (Tachycardia) (Loss: 0.06),High
2026-01-07 15:35:18,Physical Anomaly,ECG AI,Rate Tampering (Tachycardia) (Loss: 0.05),High
2026-01-07 15:35:18,Physical Anomaly,ECG AI,Rate Tampering (Tachycardia) (Loss: 0.06),High
2026-01-07 15:35:18,Physical Anomaly,ECG AI,Rate Tampering (Tachycardia) (Loss: 0.08),High
2026-01-07 15:35:18,Physical Anomaly,ECG AI,Rate Tampering (Tachycardia) (Loss: 0.07),High
2026-01-07 15:35:21,Physical Anomaly,ECG AI,Rate Tampering (Tachycardia) (Loss: 0.08),High
2026-01-07 15:35:22,Physical Anomaly,ECG AI,Rate Tampering (Tachycardia) (Loss: 0.08),High
2026-01-07 15:35:22,Physical Anomaly,ECG AI,Rate Tampering (Tachycardia) (Loss: 0.08),High
2026-01-07 15:35:22,Physical Anomaly,ECG AI,Rate Tampering (Tachycardia) (Loss: 0.08),High
2026-01-07 15:35:22,Physical Anomaly,ECG AI,Rate Tampering (Tachycardia) (Loss: 0.06),High
2026-01-07 15:35:23,Physical Anomaly,ECG AI,Rate Tampering (Tachycardia) (Loss: 0.09),High
2026-01-07 15:35:23,Physical Anomaly,ECG AI,Rate Tampering (Tachycardia) (Loss: 0.07),High
2026-01-07 15:35:24,Physical Anomaly,ECG AI,Rate Tampering (Tachycardia) (Loss: 0.06),High
2026-01-07 15:35:24,Physical Anomaly,ECG AI,Rate Tampering (Tachycardia) (Loss: 0.06),High
2026-01-07 15:35:24,Physical Anomaly,ECG AI,Rate Tampering (Tachycardia) (Loss: 0.06),High
2026-01-07 15:35:24,Physical Anomaly,ECG AI,Rate Tampering (Tachycardia) (Loss: 0.06),High
2026-01-07 15:35:24,Physical Anomaly,ECG AI,Rate Tampering (Tachycardia) (Loss: 0.06),High
2026-01-07 15:35:24,Physical Anomaly,ECG AI,Rate Tampering (Tachycardia) (Loss: 0.06),High
2026-01-07 15:35:24,Physical Anomaly,ECG AI,Rate Tampering (Tachycardia) (Loss: 0.06),High
2026-01-07 15:35:24,Physical Anomaly,ECG AI,Rate Tampering (Tachycardia) (Loss: 0.06),High
2026-01-07 15:35:24,Physical Anomaly,ECG AI,Rate Tampering (Tachycardia) (Loss: 0.05),High
2026-01-07 15:35:27,Physical Anomaly,ECG AI,Rate Tampering (Tachycardia) (Loss: 0.05),High
2026-01-07 15:35:27,Physical Anomaly,ECG AI,Rate Tampering (Tachycardia) (Loss: 0.05),High
2026-01-07 15:35:27,Physical Anomaly,ECG AI,Rate Tampering (Tachycardia) (Loss: 0.05),High
2026-01-07 15:35:27,Physical Anomaly,ECG AI,Rate Tampering (Tachycardia) (Loss: 0.05),High
2026-01-07 15:35:27,Physical Anomaly,ECG AI,Rate Tampering (Tachycardia) (Loss: 0.05),High
2026-01-07 15:35:27,Physical Anomaly,ECG AI,Rate Tampering (Tachycardia) (Loss: 0.04),High
2026-01-07 15:35:27,Physical Anomaly,ECG AI,Rate Tampering (Tachycardia) (Loss: 0.05),High
2026-01-07 15:35:27,Physical Anomaly,ECG AI,Rate Tampering (Tachycardia) (Loss: 0.05),High
2026-01-07 15:35:27,Physical Anomaly,ECG AI,Rate Tampering (Tachycardia) (Loss: 0.05),High
2026-01-07 15:35:27,Physical Anomaly,ECG AI,Rate Tampering (Tachycardia) (Loss: 0.06),High
2026-01-07 15:35:27,Physical Anomaly,ECG AI,Rate Tampering (Tachycardia) (Loss: 0.05),High
2026-01-07 15:35:27,Physical Anomaly,ECG AI,Rate Tampering (Tachycardia) (Loss: 0.07),High
2026-01-07 15:35:29,Physical Anomaly,ECG AI,Spoofing (High Noise) (Loss: 0.09),High
2026-01-07 15:35:30,Physical Anomaly,ECG AI,Spoofing (High Noise) (Loss: 0.06),High
2026-01-07 15:35:30,Physical Anomaly,ECG AI,Rate Tampering (Tachycardia) (Loss: 0.04),High
2026-01-07 15:35:30,Physical Anomaly,ECG AI,Rate Tampering (Tachycardia) (Loss: 0.04),High
2026-01-07 15:35:30,Physical Anomaly,ECG AI,Rate Tampering (Tachycardia) (Loss: 0.04),High
2026-01-07 15:35:30,Physical Anomaly,ECG AI,Rate Tampering (Tachycardia) (Loss: 0.04),High
2026-01-07 15:35:30,Physical Anomaly,ECG AI,Rate Tampering (Tachycardia) (Loss: 0.04),High
2026-01-07 15:35:30,Physical Anomaly,ECG AI,Rate Tampering (Tachycardia) (Loss: 0.04),High
2026-01-07 15:35:30,Physical Anomaly,ECG AI,Rate Tampering (Tachycardia) (Loss: 0.04),High
2026-01-07 15:35:30,Physical Anomaly,ECG AI,Rate Tampering (Tachycardia) (Loss: 0.05),High
2026-01-07 15:35:30,Physical Anomaly,ECG AI,Rate Tampering (Tachycardia) (Loss: 0.04),High
2026-01-07 15:35:31,Physical Anomaly,ECG AI,Rate Tampering (Tachycardia) (Loss: 0.04),High
2026-01-07 15:35:31,Physical Anomaly,ECG AI,Rate Tampering (Tachycardia) (Loss: 0.04),High
2026-01-07 15:35:31,Physical Anomaly,ECG AI,Rate Tampering (Tachycardia) (Loss: 0.06),High
2026-01-07 15:35:31,Physical Anomaly,ECG AI,Rate Tampering (Tachycardia) (Loss: 0.05),High
2026-01-07 15:35:31,Physical Anomaly,ECG AI,Rate Tampering (Tachycardia) (Loss: 0.06),High
2026-01-07 15:35:32,Physical Anomaly,ECG AI,Rate Tampering (Tachycardia) (Loss: 0.06),High
2026-01-07 15:35:32,Physical Anomaly,ECG AI,Rate Tampering (Tachycardia) (Loss: 0.06),High
2026-01-07 15:35:32,Physical Anomaly,ECG AI,Rate Tampering (Tachycardia) (Loss: 0.06),High
2026-01-07 15:35:32,Physical Anomaly,ECG AI,Rate Tampering (Tachycardia) (Loss: 0.06),High
2026-01-07 15:35:32,Physical Anomaly,ECG AI,Rate Tampering (Tachycardia) (Loss: 0.05),High
2026-01-07 15:35:32,Physical Anomaly,ECG AI,Rate Tampering (Tachycardia) (Loss: 0.05),High
2026-01-07 15:35:32,Physical Anomaly,ECG AI,Rate Tampering (Tachycardia) (Loss: 0.05),High
2026-01-07 15:35:32,Physical Anomaly,ECG AI,Rate Tampering (Tachycardia) (Loss: 0.04),High
2026-01-07 15:35:32,Physical Anomaly,ECG AI,Rate Tampering (Tachycardia) (Loss: 0.06),High
2026-01-07 15:35:32,Physical Anomaly,ECG AI,Rate Tampering (Tachycardia) (Loss: 0.05),High
2026-01-07 15:35:32,Physical Anomaly,ECG AI,Rate Tampering (Tachycardia) (Loss: 0.05),High
2026-01-07 15:35:32,Physical Anomaly,ECG AI,Rate Tampering (Tachycardia) (Loss: 0.05),High
2026-01-07 15:35:32,Physical Anomaly,ECG AI,Rate Tampering (Tachycardia) (Loss: 0.06),High
2026-01-07 15:35:32,Physical Anomaly,ECG AI,Rate Tampering (Tachycardia) (Loss: 0.06),High
2026-01-07 15:35:32,Physical Anomaly,ECG AI,Rate Tampering (Tachycardia) (Loss: 0.05),High
2026-01-07 15:35:32,Physical Anomaly,ECG AI,Rate Tampering (Tachycardia) (Loss: 0.05),High
2026-01-07 15:35:33,Physical Anomaly,ECG AI,Rate Tampering (Tachycardia) (Loss: 0.06),High
2026-01-07 15:35:33,Physical Anomaly,ECG AI,Rate Tampering (Tachycardia) (Loss: 0.05),High
2026-01-07 15:35:33,Physical Anomaly,ECG AI,Rate Tampering (Tachycardia) (Loss: 0.05),High
2026-01-07 15:35:33,Physical Anomaly,ECG AI,Rate Tampering (Tachycardia) (Loss: 0.05),High
2026-01-07 15:35:33,Physical Anomaly,ECG AI,Rate Tampering (Tachycardia) (Loss: 0.05),High
2026-01-07 15:35:33,Physical Anomaly,ECG AI,Rate Tampering (Tachycardia) (Loss: 0.05),High
2026-01-07 15:35:33,Physical Anomaly,ECG AI,Rate Tampering (Tachycardia) (Loss: 0.05),High
2026-01-07 15:35:33,Physical Anomaly,ECG AI,Rate Tampering (Tachycardia) (Loss: 0.06),High
2026-01-07 15:35:33,Physical Anomaly,ECG AI,Rate Tampering (Tachycardia) (Loss: 0.05),High
2026-01-07 15:35:33,Physical Anomaly,ECG AI,Rate Tampering (Tachycardia) (Loss: 0.05),High
2026-01-07 15:35:33,Physical Anomaly,ECG AI,Rate Tampering (Tachycardia) (Loss: 0.05),High
2026-01-07 15:35:34,Physical Anomaly,ECG AI,Rate Tampering (Tachycardia) (Loss: 0.05),High
2026-01-07 15:35:34,Physical Anomaly,ECG AI,Rate Tampering (Tachycardia) (Loss: 0.06),High
2026-01-07 15:35:34,Physical Anomaly,ECG AI,Rate Tampering (Tachycardia) (Loss: 0.05),High
2026-01-07 15:35:34,Physical Anomaly,ECG AI,Rate Tampering (Tachycardia) (Loss: 0.05),High
2026-01-07 15:35:34,Physical Anomaly,ECG AI,Rate Tampering (Tachycardia) (Loss: 0.05),High
2026-01-07 15:35:34,Physical Anomaly,ECG AI,Rate Tampering (Tachycardia) (Loss: 0.05),High
2026-01-07 15:35:34,Physical Anomaly,ECG AI,Rate Tampering (Tachycardia) (Loss: 0.05),High
2026-01-07 15:35:34,Physical Anomaly,ECG AI,Rate Tampering (Tachycardia) (Loss: 0.05),High
2026-01-07 15:35:34,Physical Anomaly,ECG AI,Rate Tampering (Tachycardia) (Loss: 0.05),High
2026-01-07 15:35:34,Physical Anomaly,ECG AI,Rate Tampering (Tachycardia) (Loss: 0.05),High
2026-01-07 15:35:35,Physical Anomaly,ECG AI,Rate Tampering (Tachycardia) (Loss: 0.05),High
2026-01-07 15:35:35,Physical Anomaly,ECG AI,Rate Tampering (Tachycardia) (Loss: 0.05),High
2026-01-07 15:35:35,Physical Anomaly,ECG AI,Rate Tampering (Tachycardia) (Loss: 0.05),High
2026-01-07 15:35:35,Physical Anomaly,ECG AI,Rate Tampering (Tachycardia) (Loss: 0.05),High
2026-01-07 15:35:35,Physical Anomaly,ECG AI,Rate Tampering (Tachycardia) (Loss: 0.05),High
2026-01-07 15:35:35,Physical Anomaly,ECG AI,Rate Tampering (Tachycardia) (Loss: 0.05),High
2026-01-07 15:35:35,Physical Anomaly,ECG AI,Rate Tampering (Tachycardia) (Loss: 0.05),High
2026-01-07 15:35:36,Physical Anomaly,ECG AI,Rate Tampering (Tachycardia) (Loss: 0.05),High
2026-01-07 15:35:36,Physical Anomaly,ECG AI,Rate Tampering (Tachycardia) (Loss: 0.05),High
2026-01-07 15:35:36,Physical Anomaly,ECG AI,Rate Tampering (Tachycardia) (Loss: 0.05),High
2026-01-07 15:35:36,Physical Anomaly,ECG AI,Rate Tampering (Tachycardia) (Loss: 0.05),High
2026-01-07 15:35:36,Physical Anomaly,ECG AI,Rate Tampering (Tachycardia) (Loss: 0.05),High
2026-01-07 15:35:36,Physical Anomaly,ECG AI,Rate Tampering (Tachycardia) (Loss: 0.05),High
2026-01-07 15:35:37,Physical Anomaly,ECG AI,Rate Tampering (Tachycardia) (Loss: 0.05),High
2026-01-07 15:35:37,Physical Anomaly,ECG AI,Rate Tampering (Tachycardia) (Loss: 0.05),High
2026-01-07 15:35:37,Physical Anomaly,ECG AI,Rate Tampering (Tachycardia) (Loss: 0.05),High
2026-01-07 15:35:37,Physical Anomaly,ECG AI,Rate Tampering (Tachycardia) (Loss: 0.05),High
2026-01-07 15:35:37,Physical Anomaly,ECG AI,Rate Tampering (Tachycardia) (Loss: 0.05),High
2026-01-07 15:35:37,Physical Anomaly,ECG AI,Rate Tampering (Tachycardia) (Loss: 0.05),High
2026-01-07 15:35:37,Physical Anomaly,ECG AI,Rate Tampering (Tachycardia) (Loss: 0.06),High
2026-01-07 15:35:37,Physical Anomaly,ECG AI,Rate Tampering (Tachycardia) (Loss: 0.06),High
2026-01-07 15:35:38,Physical Anomaly,ECG AI,Rate Tampering (Tachycardia) (Loss: 0.06),High
2026-01-07 15:35:38,Physical Anomaly,ECG AI,Rate Tampering (Tachycardia) (Loss: 0.06),High
2026-01-07 15:35:38,Physical Anomaly,ECG AI,Rate Tampering (Tachycardia) (Loss: 0.06),High
2026-01-07 15:35:38,Physical Anomaly,ECG AI,Rate Tampering (Tachycardia) (Loss: 0.07),High
2026-01-07 15:35:38,Physical Anomaly,ECG AI,Rate Tampering (Tachycardia) (Loss: 0.05),High
2026-01-07 15:35:39,Physical Anomaly,ECG AI,Rate Tampering (Tachycardia) (Loss: 0.05),High
2026-01-07 15:35:39,Physical Anomaly,ECG AI,Rate Tampering (Tachycardia) (Loss: 0.05),High
2026-01-07 15:35:39,Physical Anomaly,ECG AI,Rate Tampering (Tachycardia) (Loss: 0.05),High
2026-01-07 15:35:39,Physical Anomaly,ECG AI,Rate Tampering (Tachycardia) (Loss: 0.05),High
2026-01-07 15:35:39,Physical Anomaly,ECG AI,Rate Tampering (Tachycardia) (Loss: 0.04),High
2026-01-07 15:35:39,Physical Anomaly,ECG AI,Rate Tampering (Tachycardia) (Loss: 0.05),High
2026-01-07 15:35:39,Physical Anomaly,ECG AI,Rate Tampering (Tachycardia) (Loss: 0.04),High
2026-01-07 15:35:39,Physical Anomaly,ECG AI,Rate Tampering (Tachycardia) (Loss: 0.04),High
2026-01-07 15:35:39,Physical Anomaly,ECG AI,Rate Tampering (Tachycardia) (Loss: 0.04),High
2026-01-07 15:35:39,Physical Anomaly,ECG AI,Rate Tampering (Tachycardia) (Loss: 0.06),High
2026-01-07 15:35:40,Physical Anomaly,ECG AI,Rate Tampering (Tachycardia) (Loss: 0.04),High
2026-01-07 15:35:40,Physical Anomaly,ECG AI,Rate Tampering (Tachycardia) (Loss: 0.04),High
2026-01-07 15:35:40,Physical Anomaly,ECG AI,Rate Tampering (Tachycardia) (Loss: 0.04),High
2026-01-07 15:35:40,Physical Anomaly,ECG AI,Rate Tampering (Tachycardia) (Loss: 0.05),High
2026-01-07 15:35:40,Physical Anomaly,ECG AI,Rate Tampering (Tachycardia) (Loss: 0.04),High
2026-01-07 15:35:40,Physical Anomaly,ECG AI,Rate Tampering (Tachycardia) (Loss: 0.04),High
2026-01-07 15:35:40,Physical Anomaly,ECG AI,Rate Tampering (Tachycardia) (Loss: 0.04),High
2026-01-07 15:35:40,Physical Anomaly,ECG AI,Rate Tampering (Tachycardia) (Loss: 0.04),High
2026-01-07 15:35:40,Physical Anomaly,ECG AI,Rate Tampering (Tachycardia) (Loss: 0.05),High
2026-01-07 15:35:40,Physical Anomaly,ECG AI,Rate Tampering (Tachycardia) (Loss: 0.05),High
2026-01-07 15:35:40,Physical Anomaly,ECG AI,Rate Tampering (Tachycardia) (Loss: 0.06),High
2026-01-07 15:35:40,Physical Anomaly,ECG AI,Rate Tampering (Tachycardia) (Loss: 0.05),High
2026-01-07 15:35:40,Physical Anomaly,ECG AI,Rate Tampering (Tachycardia) (Loss: 0.05),High
2026-01-07 15:35:41,Physical Anomaly,ECG AI,Rate Tampering (Tachycardia) (Loss: 0.05),High
2026-01-07 15:35:41,Physical Anomaly,ECG AI,Rate Tampering (Tachycardia) (Loss: 0.05),High
2026-01-07 15:35:41,Physical Anomaly,ECG AI,Rate Tampering (Tachycardia) (Loss: 0.05),High
2026-01-07 15:35:41,Physical Anomaly,ECG AI,Rate Tampering (Tachycardia) (Loss: 0.05),High
2026-01-07 15:35:41,Physical Anomaly,ECG AI,Rate Tampering (Tachycardia) (Loss: 0.05),High
2026-01-07 15:35:41,Physical Anomaly,ECG AI,Rate Tampering (Tachycardia) (Loss: 0.05),High
2026-01-07 15:35:41,Physical Anomaly,ECG AI,Rate Tampering (Tachycardia) (Loss: 0.05),High
2026-01-07 15:35:41,Physical Anomaly,ECG AI,Rate Tampering (Tachycardia) (Loss: 0.05),High
2026-01-07 15:35:41,Physical Anomaly,ECG AI,Rate Tampering (Tachycardia) (Loss: 0.05),High
2026-01-07 15:35:41,Physical Anomaly,ECG AI,Rate Tampering (Tachycardia) (Loss: 0.06),High
2026-01-07 15:35:42,Physical Anomaly,ECG AI,Rate Tampering (Tachycardia) (Loss: 0.06),High
2026-01-07 15:35:42,Physical Anomaly,ECG AI,Rate Tampering (Tachycardia) (Loss: 0.06),High
2026-01-07 15:35:42,Physical Anomaly,ECG AI,Rate Tampering (Tachycardia) (Loss: 0.07),High
2026-01-07 15:35:42,Physical Anomaly,ECG AI,Rate Tampering (Tachycardia) (Loss: 0.07),High
2026-01-07 15:35:42,Physical Anomaly,ECG AI,Rate Tampering (Tachycardia) (Loss: 0.06),High
2026-01-07 15:35:42,Physical Anomaly,ECG AI,Rate Tampering (Tachycardia) (Loss: 0.05),High
2026-01-07 15:35:42,Physical Anomaly,ECG AI,Rate Tampering (Tachycardia) (Loss: 0.05),High
2026-01-07 15:35:43,Physical Anomaly,ECG AI,Rate Tampering (Tachycardia) (Loss: 0.05),High
2026-01-07 15:35:43,Physical Anomaly,ECG AI,Rate Tampering (Tachycardia) (Loss: 0.05),High
2026-01-07 15:35:43,Physical Anomaly,ECG AI,Rate Tampering (Tachycardia) (Loss: 0.05),High
2026-01-07 15:35:43,Physical Anomaly,ECG AI,Rate Tampering (Tachycardia) (Loss: 0.05),High
2026-01-07 15:35:43,Physical Anomaly,ECG AI,Rate Tampering (Tachycardia) (Loss: 0.05),High
2026-01-07 15:35:43,Physical Anomaly,ECG AI,Rate Tampering (Tachycardia) (Loss: 0.05),High
2026-01-07 15:35:43,Physical Anomaly,ECG AI,Rate Tampering (Tachycardia) (Loss: 0.05),High
2026-01-07 15:35:43,Physical Anomaly,ECG AI,Rate Tampering (Tachycardia) (Loss: 0.05),High
2026-01-07 15:35:43,Cyber Attack,Network AI,Detected ARP Spoofing (38.5%),High
2026-01-07 15:35:43,Physical Anomaly,ECG AI,Rate Tampering (Tachycardia) (Loss: 0.05),High
2026-01-07 15:35:43,Physical Anomaly,ECG AI,Rate Tampering (Tachycardia) (Loss: 0.04),High
2026-01-07 15:35:43,Cyber Attack,Network AI,Detected ARP Spoofing (40.2%),High
2026-01-07 15:35:43,Physical Anomaly,ECG AI,Rate Tampering (Tachycardia) (Loss: 0.04),High
2026-01-07 15:35:44,Cyber Attack,Network AI,Detected ARP Spoofing (38.8%),High
2026-01-07 15:35:44,Physical Anomaly,ECG AI,Rate Tampering (Tachycardia) (Loss: 0.05),High
2026-01-07 15:35:44,Cyber Attack,Network AI,Detected ARP Spoofing (36.6%),High
2026-01-07 15:35:44,Physical Anomaly,ECG AI,Rate Tampering (Tachycardia) (Loss: 0.05),High
2026-01-07 15:35:44,Physical Anomaly,ECG AI,Rate Tampering (Tachycardia) (Loss: 0.05),High
2026-01-07 15:35:44,Cyber Attack,Network AI,Detected ARP Spoofing (36.6%),High
2026-01-07 15:35:44,Physical Anomaly,ECG AI,Rate Tampering (Tachycardia) (Loss: 0.05),High
2026-01-07 15:35:44,Cyber Attack,Network AI,Detected ARP Spoofing (38.8%),High
2026-01-07 15:35:44,Physical Anomaly,ECG AI,Rate Tampering (Tachycardia) (Loss: 0.04),High
2026-01-07 15:35:44,Physical Anomaly,ECG AI,Rate Tampering (Tachycardia) (Loss: 0.05),High
2026-01-07 15:35:44,Cyber Attack,Network AI,Detected ARP Spoofing (36.6%),High
2026-01-07 15:35:44,Physical Anomaly,ECG AI,Rate Tampering (Tachycardia) (Loss: 0.04),High
2026-01-07 15:35:44,Physical Anomaly,ECG AI,Rate Tampering (Tachycardia) (Loss: 0.05),High
2026-01-07 15:35:44,Physical Anomaly,ECG AI,Rate Tampering (Tachycardia) (Loss: 0.05),High
2026-01-07 15:35:44,Cyber Attack,Network AI,Detected ARP Spoofing (38.8%),High
2026-01-07 15:35:44,Cyber Attack,Network AI,Detected ARP Spoofing (38.8%),High
2026-01-07 15:35:45,Cyber Attack,Network AI,Detected ARP Spoofing (38.8%),High
2026-01-07 15:35:45,Cyber Attack,Network AI,Detected ARP Spoofing (40.2%),High
2026-01-07 15:35:45,Cyber Attack,Network AI,Detected ARP Spoofing (38.5%),High
2026-01-07 15:35:46,Cyber Attack,Network AI,Detected ARP Spoofing (40.2%),High
2026-01-07 15:35:46,Cyber Attack,Network AI,Detected ARP Spoofing (38.5%),High
2026-01-07 15:35:46,Cyber Attack,Network AI,Detected ARP Spoofing (38.9%),High
2026-01-07 15:35:46,Cyber Attack,Network AI,Detected ARP Spoofing (40.2%),High
2026-01-07 15:35:46,Cyber Attack,Network AI,Detected ARP Spoofing (38.9%),High
2026-01-07 15:35:46,Cyber Attack,Network AI,Detected ARP Spoofing (38.9%),High
2026-01-07 15:35:47,Cyber Attack,Network AI,Detected ARP Spoofing (40.2%),High
2026-01-07 15:35:47,Cyber Attack,Network AI,Detected ARP Spoofing (38.8%),High
2026-01-07 15:35:47,Physical Anomaly,ECG AI,Rate Tampering (Tachycardia) (Loss: 0.08),High
2026-01-07 15:35:47,Physical Anomaly,ECG AI,Rate Tampering (Tachycardia) (Loss: 0.08),High
2026-01-07 15:35:47,Physical Anomaly,ECG AI,Rate Tampering (Tachycardia) (Loss: 0.09),High
2026-01-07 15:35:47,Cyber Attack,Network AI,Detected ARP Spoofing (40.2%),High
2026-01-07 15:35:47,Physical Anomaly,ECG AI,Rate Tampering (Tachycardia) (Loss: 0.09),High
2026-01-07 15:35:47,Physical Anomaly,ECG AI,Rate Tampering (Tachycardia) (Loss: 0.09),High
2026-01-07 15:35:47,Cyber Attack,Network AI,Detected ARP Spoofing (40.2%),High
2026-01-07 15:35:47,Physical Anomaly,ECG AI,Rate Tampering (Tachycardia) (Loss: 0.08),High
2026-01-07 15:35:48,Physical Anomaly,ECG AI,Rate Tampering (Tachycardia) (Loss: 0.08),High
2026-01-07 15:35:48,Cyber Attack,Network AI,Detected ARP Spoofing (40.2%),High
2026-01-07 15:35:48,Physical Anomaly,ECG AI,Rate Tampering (Tachycardia) (Loss: 0.08),High
2026-01-07 15:35:48,Physical Anomaly,ECG AI,Rate Tampering (Tachycardia) (Loss: 0.06),High
2026-01-07 15:35:48,Cyber Attack,Network AI,Detected ARP Spoofing (40.2%),High
2026-01-07 15:35:48,Cyber Attack,Network AI,Detected ARP Spoofing (38.5%),High
2026-01-07 15:35:48,Cyber Attack,Network AI,Detected ARP Spoofing (40.2%),High
2026-01-07 15:35:48,Physical Anomaly,ECG AI,Rate Tampering (Tachycardia) (Loss: 0.05),High
2026-01-07 15:35:48,Physical Anomaly,ECG AI,Rate Tampering (Tachycardia) (Loss: 0.05),High
2026-01-07 15:35:49,Cyber Attack,Network AI,Detected ARP Spoofing (40.2%),High
2026-01-07 15:35:49,Cyber Attack,Network AI,Detected ARP Spoofing (38.8%),High
2026-01-07 15:35:49,Cyber Attack,Network AI,Detected ARP Spoofing (36.6%),High
2026-01-07 15:35:49,Cyber Attack,Network AI,Detected ARP Spoofing (38.8%),High
2026-01-07 15:35:49,Cyber Attack,Network AI,Detected ARP Spoofing (40.2%),High
2026-01-07 15:35:50,Cyber Attack,Network AI,Detected ARP Spoofing (40.2%),High
2026-01-07 15:35:50,Cyber Attack,Network AI,Detected ARP Spoofing (40.2%),High
2026-01-07 15:35:50,Cyber Attack,Network AI,Detected ARP Spoofing (38.8%),High
2026-01-07 15:35:50,Cyber Attack,Network AI,Detected ARP Spoofing (38.8%),High
2026-01-07 15:35:51,Cyber Attack,Network AI,Detected ARP Spoofing (38.8%),High
2026-01-07 15:35:51,Cyber Attack,Network AI,Detected ARP Spoofing (40.2%),High
2026-01-07 15:35:51,Cyber Attack,Network AI,Detected ARP Spoofing (38.8%),High
2026-01-07 15:35:51,Cyber Attack,Network AI,Detected ARP Spoofing (40.2%),High
2026-01-07 15:35:51,Cyber Attack,Network AI,Detected ARP Spoofing (38.9%),High
2026-01-07 15:35:51,Physical Anomaly,ECG AI,Rate Tampering (Tachycardia) (Loss: 0.06),High
2026-01-07 15:35:51,Cyber Attack,Network AI,Detected ARP Spoofing (40.2%),High
2026-01-07 15:35:51,Physical Anomaly,ECG AI,Rate Tampering (Tachycardia) (Loss: 0.06),High
2026-01-07 15:35:52,Physical Anomaly,ECG AI,Rate Tampering (Tachycardia) (Loss: 0.06),High
2026-01-07 15:35:52,Cyber Attack,Network AI,Detected DoS (39.3%),High
2026-01-07 15:35:52,Physical Anomaly,ECG AI,Rate Tampering (Tachycardia) (Loss: 0.05),High
2026-01-07 15:35:52,Physical Anomaly,ECG AI,Rate Tampering (Tachycardia) (Loss: 0.05),High
2026-01-07 15:35:52,Physical Anomaly,ECG AI,Rate Tampering (Tachycardia) (Loss: 0.05),High
2026-01-07 15:35:52,Cyber Attack,Network AI,Detected DoS (38.6%),High
2026-01-07 15:35:52,Physical Anomaly,ECG AI,Rate Tampering (Tachycardia) (Loss: 0.05),High
2026-01-07 15:35:52,Cyber Attack,Network AI,Detected DoS (38.0%),High
2026-01-07 15:35:52,Cyber Attack,Network AI,Detected DoS (39.5%),High
2026-01-07 15:35:52,Cyber Attack,Network AI,Detected DoS (39.5%),High
2026-01-07 15:35:53,Cyber Attack,Network AI,Detected DoS (38.7%),High
2026-01-07 15:35:53,Cyber Attack,Network AI,Detected DoS (39.5%),High
2026-01-07 15:35:53,Cyber Attack,Network AI,Detected DoS (39.5%),High
2026-01-07 15:35:54,Cyber Attack,Network AI,Detected DoS (38.7%),High
2026-01-07 15:35:54,Cyber Attack,Network AI,Detected DoS (39.2%),High
2026-01-07 15:35:54,Cyber Attack,Network AI,Detected DoS (39.3%),High
2026-01-07 15:35:54,Cyber Attack,Network AI,Detected DoS (39.3%),High
2026-01-07 15:35:54,Cyber Attack,Network AI,Detected DoS (39.5%),High
2026-01-07 15:35:54,Cyber Attack,Network AI,Detected DoS (38.6%),High
2026-01-07 15:35:54,Cyber Attack,Network AI,Detected DoS (39.2%),High
2026-01-07 15:35:55,Cyber Attack,Network AI,Detected DoS (38.6%),High
2026-01-07 15:35:55,Cyber Attack,Network AI,Detected DoS (39.5%),High
2026-01-07 15:35:55,Cyber Attack,Network AI,Detected DoS (39.3%),High
2026-01-07 15:35:55,Cyber Attack,Network AI,Detected DoS (39.2%),High
2026-01-07 15:35:56,Cyber Attack,Network AI,Detected DoS (39.5%),High
2026-01-07 15:35:56,Cyber Attack,Network AI,Detected DoS (39.3%),High
2026-01-07 15:35:56,Cyber Attack,Network AI,Detected DoS (39.5%),High
2026-01-07 15:35:57,Physical Anomaly,ECG AI,Spoofing (High Noise) (Loss: 0.13),High
2026-01-07 15:35:57,Cyber Attack,Network AI,Detected DoS (39.3%),High
2026-01-07 15:35:57,Physical Anomaly,ECG AI,Spoofing (High Noise) (Loss: 0.12),High
2026-01-07 15:35:57,Physical Anomaly,ECG AI,Spoofing (High Noise) (Loss: 0.06),High
2026-01-07 15:35:57,Physical Anomaly,ECG AI,Rate Tampering (Tachycardia) (Loss: 0.05),High
2026-01-07 15:35:58,Physical Anomaly,ECG AI,Rate Tampering (Tachycardia) (Loss: 0.05),High
2026-01-07 15:35:58,Physical Anomaly,ECG AI,Rate Tampering (Tachycardia) (Loss: 0.04),High
2026-01-07 15:35:58,Physical Anomaly,ECG AI,Rate Tampering (Tachycardia) (Loss: 0.04),High
2026-01-07 15:35:58,Physical Anomaly,ECG AI,Rate Tampering (Tachycardia) (Loss: 0.04),High
2026-01-07 15:35:58,Physical Anomaly,ECG AI,Rate Tampering (Tachycardia) (Loss: 0.05),High
2026-01-07 15:35:58,Physical Anomaly,ECG AI,Rate Tampering (Tachycardia) (Loss: 0.04),High
2026-01-07 15:35:58,Physical Anomaly,ECG AI,Rate Tampering (Tachycardia) (Loss: 0.05),High
2026-01-07 15:35:58,Physical Anomaly,ECG AI,Rate Tampering (Tachycardia) (Loss: 0.04),High
2026-01-07 15:35:58,Physical Anomaly,ECG AI,Rate Tampering (Tachycardia) (Loss: 0.04),High
2026-01-07 15:35:58,Physical Anomaly,ECG AI,Rate Tampering (Tachycardia) (Loss: 0.04),High
2026-01-07 15:35:58,Physical Anomaly,ECG AI,Rate Tampering (Tachycardia) (Loss: 0.03),High
2026-01-07 15:35:58,Physical Anomaly,ECG AI,Rate Tampering (Tachycardia) (Loss: 0.04),High
2026-01-07 15:35:58,Physical Anomaly,ECG AI,Rate Tampering (Tachycardia) (Loss: 0.04),High
2026-01-07 15:35:58,Physical Anomaly,ECG AI,Rate Tampering (Tachycardia) (Loss: 0.04),High
2026-01-07 15:35:58,Physical Anomaly,ECG AI,Rate Tampering (Tachycardia) (Loss: 0.04),High
2026-01-07 15:35:58,Physical Anomaly,ECG AI,Rate Tampering (Tachycardia) (Loss: 0.04),High
2026-01-07 15:35:58,Physical Anomaly,ECG AI,Rate Tampering (Tachycardia) (Loss: 0.04),High
2026-01-07 15:35:59,Physical Anomaly,ECG AI,Rate Tampering (Tachycardia) (Loss: 0.04),High
2026-01-07 15:35:59,Physical Anomaly,ECG AI,Rate Tampering (Tachycardia) (Loss: 0.05),High
2026-01-07 15:35:59,Physical Anomaly,ECG AI,Rate Tampering (Tachycardia) (Loss: 0.05),High
2026-01-07 15:35:59,Physical Anomaly,ECG AI,Rate Tampering (Tachycardia) (Loss: 0.05),High
2026-01-07 15:35:59,Physical Anomaly,ECG AI,Rate Tampering (Tachycardia) (Loss: 0.05),High
2026-01-07 15:36:00,Physical Anomaly,ECG AI,Rate Tampering (Tachycardia) (Loss: 0.04),High
2026-01-07 15:36:00,Physical Anomaly,ECG AI,Rate Tampering (Tachycardia) (Loss: 0.04),High
2026-01-07 15:36:00,Physical Anomaly,ECG AI,Rate Tampering (Tachycardia) (Loss: 0.04),High
2026-01-07 15:36:00,Physical Anomaly,ECG AI,Rate Tampering (Tachycardia) (Loss: 0.04),High
2026-01-07 15:36:00,Physical Anomaly,ECG AI,Rate Tampering (Tachycardia) (Loss: 0.05),High
2026-01-07 15:36:00,Physical Anomaly,ECG AI,Rate Tampering (Tachycardia) (Loss: 0.04),High
2026-01-07 15:36:00,Physical Anomaly,ECG AI,Rate Tampering (Tachycardia) (Loss: 0.04),High
2026-01-07 15:36:00,Physical Anomaly,ECG AI,Rate Tampering (Tachycardia) (Loss: 0.05),High
2026-01-07 15:36:00,Physical Anomaly,ECG AI,Rate Tampering (Tachycardia) (Loss: 0.04),High
2026-01-07 15:36:00,Physical Anomaly,ECG AI,Rate Tampering (Tachycardia) (Loss: 0.05),High
2026-01-07 15:36:01,Physical Anomaly,ECG AI,Rate Tampering (Tachycardia) (Loss: 0.04),High
2026-01-07 15:36:01,Physical Anomaly,ECG AI,Rate Tampering (Tachycardia) (Loss: 0.04),High
2026-01-07 15:36:01,Physical Anomaly,ECG AI,Rate Tampering (Tachycardia) (Loss: 0.04),High
2026-01-07 15:36:01,Physical Anomaly,ECG AI,Rate Tampering (Tachycardia) (Loss: 0.04),High
2026-01-07 15:36:01,Physical Anomaly,ECG AI,Rate Tampering (Tachycardia) (Loss: 0.04),High
2026-01-07 15:36:01,Physical Anomaly,ECG AI,Rate Tampering (Tachycardia) (Loss: 0.04),High
2026-01-07 15:36:01,Physical Anomaly,ECG AI,Rate Tampering (Tachycardia) (Loss: 0.04),High
2026-01-07 15:36:01,Physical Anomaly,ECG AI,Rate Tampering (Tachycardia) (Loss: 0.04),High
2026-01-07 15:36:01,Physical Anomaly,ECG AI,Rate Tampering (Tachycardia) (Loss: 0.05),High
2026-01-07 15:36:01,Physical Anomaly,ECG AI,Rate Tampering (Tachycardia) (Loss: 0.06),High
2026-01-07 15:37:05,Physical Anomaly,ECG AI,Rate Tampering (Tachycardia) (Loss: 0.05),High
2026-01-07 15:37:05,Physical Anomaly,ECG AI,Rate Tampering (Tachycardia) (Loss: 0.04),High
2026-01-07 15:37:05,Physical Anomaly,ECG AI,Rate Tampering (Tachycardia) (Loss: 0.05),High
2026-01-07 15:37:05,Physical Anomaly,ECG AI,Rate Tampering (Tachycardia) (Loss: 0.05),High
2026-01-07 15:37:05,Physical Anomaly,ECG AI,Rate Tampering (Tachycardia) (Loss: 0.05),High
2026-01-07 15:37:06,Physical Anomaly,ECG AI,Rate Tampering (Tachycardia) (Loss: 0.06),High
2026-01-07 15:37:06,Physical Anomaly,ECG AI,Rate Tampering (Tachycardia) (Loss: 0.06),High
2026-01-07 15:37:06,Physical Anomaly,ECG AI,Rate Tampering (Tachycardia) (Loss: 0.06),High
2026-01-07 15:37:06,Physical Anomaly,ECG AI,Rate Tampering (Tachycardia) (Loss: 0.06),High
2026-01-07 15:37:06,Physical Anomaly,ECG AI,Rate Tampering (Tachycardia) (Loss: 0.06),High
2026-01-07 15:37:06,Physical Anomaly,ECG AI,Rate Tampering (Tachycardia) (Loss: 0.07),High
2026-01-07 15:37:06,Physical Anomaly,ECG AI,Rate Tampering (Tachycardia) (Loss: 0.06),High
2026-01-07 15:37:06,Physical Anomaly,ECG AI,Rate Tampering (Tachycardia) (Loss: 0.06),High
2026-01-07 15:37:06,Physical Anomaly,ECG AI,Rate Tampering (Tachycardia) (Loss: 0.06),High
2026-01-07 15:37:07,Physical Anomaly,ECG AI,Rate Tampering (Tachycardia) (Loss: 0.06),High
2026-01-07 15:37:07,Physical Anomaly,ECG AI,Rate Tampering (Tachycardia) (Loss: 0.06),High
2026-01-07 15:37:07,Physical Anomaly,ECG AI,Rate Tampering (Tachycardia) (Loss: 0.05),High
2026-01-07 15:37:07,Physical Anomaly,ECG AI,Rate Tampering (Tachycardia) (Loss: 0.05),High
2026-01-07 15:37:07,Physical Anomaly,ECG AI,Rate Tampering (Tachycardia) (Loss: 0.05),High
2026-01-07 15:37:07,Physical Anomaly,ECG AI,Rate Tampering (Tachycardia) (Loss: 0.05),High
2026-01-07 15:37:07,Physical Anomaly,ECG AI,Rate Tampering (Tachycardia) (Loss: 0.05),High
2026-01-07 15:37:07,Physical Anomaly,ECG AI,Rate Tampering (Tachycardia) (Loss: 0.04),High
2026-01-07 15:37:07,Physical Anomaly,ECG AI,Rate Tampering (Tachycardia) (Loss: 0.04),High
2026-01-07 15:37:07,Physical Anomaly,ECG AI,Rate Tampering (Tachycardia) (Loss: 0.05),High
2026-01-07 15:37:07,Physical Anomaly,ECG AI,Rate Tampering (Tachycardia) (Loss: 0.05),High
2026-01-07 15:37:07,Physical Anomaly,ECG AI,Rate Tampering (Tachycardia) (Loss: 0.04),High
2026-01-07 15:37:07,Physical Anomaly,ECG AI,Rate Tampering (Tachycardia) (Loss: 0.05),High
2026-01-07 15:37:07,Physical Anomaly,ECG AI,Rate Tampering (Tachycardia) (Loss: 0.05),High
2026-01-07 15:37:08,Physical Anomaly,ECG AI,Rate Tampering (Tachycardia) (Loss: 0.05),High
2026-01-07 15:37:08,Physical Anomaly,ECG AI,Rate Tampering (Tachycardia) (Loss: 0.05),High
2026-01-07 15:37:08,Physical Anomaly,ECG AI,Rate Tampering (Tachycardia) (Loss: 0.06),High
2026-01-07 15:37:08,Physical Anomaly,ECG AI,Rate Tampering (Tachycardia) (Loss: 0.05),High
2026-01-07 15:37:08,Physical Anomaly,ECG AI,Rate Tampering (Tachycardia) (Loss: 0.05),High
2026-01-07 15:37:08,Physical Anomaly,ECG AI,Rate Tampering (Tachycardia) (Loss: 0.06),High
2026-01-07 15:37:09,Physical Anomaly,ECG AI,Rate Tampering (Tachycardia) (Loss: 0.06),High
2026-01-07 15:37:09,Physical Anomaly,ECG AI,Rate Tampering (Tachycardia) (Loss: 0.05),High
2026-01-07 15:37:09,Physical Anomaly,ECG AI,Rate Tampering (Tachycardia) (Loss: 0.05),High
2026-01-07 15:37:09,Physical Anomaly,ECG AI,Rate Tampering (Tachycardia) (Loss: 0.05),High
2026-01-07 15:37:09,Physical Anomaly,ECG AI,Rate Tampering (Tachycardia) (Loss: 0.04),High
2026-01-07 15:37:09,Physical Anomaly,ECG AI,Rate Tampering (Tachycardia) (Loss: 0.04),High
2026-01-07 15:37:09,Physical Anomaly,ECG AI,Rate Tampering (Tachycardia) (Loss: 0.04),High
2026-01-07 15:37:09,Physical Anomaly,ECG AI,Rate Tampering (Tachycardia) (Loss: 0.04),High
2026-01-07 15:37:09,Physical Anomaly,ECG AI,Rate Tampering (Tachycardia) (Loss: 0.04),High
2026-01-07 15:37:10,Physical Anomaly,ECG AI,Rate Tampering (Tachycardia) (Loss: 0.04),High
2026-01-07 15:37:10,Physical Anomaly,ECG AI,Rate Tampering (Tachycardia) (Loss: 0.05),High
2026-01-07 15:37:10,Physical Anomaly,ECG AI,Rate Tampering (Tachycardia) (Loss: 0.04),High
2026-01-07 15:37:10,Physical Anomaly,ECG AI,Rate Tampering (Tachycardia) (Loss: 0.04),High
2026-01-07 15:37:10,Physical Anomaly,ECG AI,Rate Tampering (Tachycardia) (Loss: 0.04),High
2026-01-07 15:37:10,Physical Anomaly,ECG AI,Rate Tampering (Tachycardia) (Loss: 0.04),High
2026-01-07 15:37:10,Physical Anomaly,ECG AI,Rate Tampering (Tachycardia) (Loss: 0.05),High
2026-01-07 15:37:10,Physical Anomaly,ECG AI,Rate Tampering (Tachycardia) (Loss: 0.05),High
2026-01-07 15:37:10,Physical Anomaly,ECG AI,Rate Tampering (Tachycardia) (Loss: 0.05),High
2026-01-07 15:37:10,Physical Anomaly,ECG AI,Rate Tampering (Tachycardia) (Loss: 0.05),High
2026-01-07 15:37:10,Physical Anomaly,ECG AI,Rate Tampering (Tachycardia) (Loss: 0.06),High
2026-01-07 15:37:10,Physical Anomaly,ECG AI,Rate Tampering (Tachycardia) (Loss: 0.06),High
2026-01-07 15:37:11,Physical Anomaly,ECG AI,Rate Tampering (Tachycardia) (Loss: 0.07),High
2026-01-07 15:37:11,Physical Anomaly,ECG AI,Rate Tampering (Tachycardia) (Loss: 0.07),High
2026-01-07 15:37:11,Physical Anomaly,ECG AI,Rate Tampering (Tachycardia) (Loss: 0.07),High
2026-01-07 15:37:11,Physical Anomaly,ECG AI,Rate Tampering (Tachycardia) (Loss: 0.06),High
2026-01-07 15:37:11,Physical Anomaly,ECG AI,Rate Tampering (Tachycardia) (Loss: 0.06),High
2026-01-07 15:37:11,Physical Anomaly,ECG AI,Rate Tampering (Tachycardia) (Loss: 0.05),High
2026-01-07 15:37:11,Physical Anomaly,ECG AI,Rate Tampering (Tachycardia) (Loss: 0.05),High
2026-01-07 15:37:11,Physical Anomaly,ECG AI,Rate Tampering (Tachycardia) (Loss: 0.05),High
2026-01-07 15:37:12,Physical Anomaly,ECG AI,Rate Tampering (Tachycardia) (Loss: 0.05),High
2026-01-07 15:37:12,Physical Anomaly,ECG AI,Rate Tampering (Tachycardia) (Loss: 0.05),High
2026-01-07 15:37:12,Physical Anomaly,ECG AI,Rate Tampering (Tachycardia) (Loss: 0.05),High
2026-01-07 15:37:12,Physical Anomaly,ECG AI,Rate Tampering (Tachycardia) (Loss: 0.06),High
2026-01-07 15:37:12,Physical Anomaly,ECG AI,Rate Tampering (Tachycardia) (Loss: 0.05),High
2026-01-07 15:37:12,Physical Anomaly,ECG AI,Rate Tampering (Tachycardia) (Loss: 0.05),High
2026-01-07 15:37:13,Physical Anomaly,ECG AI,Rate Tampering (Tachycardia) (Loss: 0.05),High
2026-01-07 15:37:13,Physical Anomaly,ECG AI,Rate Tampering (Tachycardia) (Loss: 0.04),High
2026-01-07 15:37:13,Physical Anomaly,ECG AI,Rate Tampering (Tachycardia) (Loss: 0.05),High
2026-01-07 15:37:13,Physical Anomaly,ECG AI,Rate Tampering (Tachycardia) (Loss: 0.04),High
2026-01-07 15:37:13,Physical Anomaly,ECG AI,Rate Tampering (Tachycardia) (Loss: 0.05),High
2026-01-07 15:37:13,Physical Anomaly,ECG AI,Rate Tampering (Tachycardia) (Loss: 0.04),High
2026-01-07 15:37:13,Physical Anomaly,ECG AI,Rate Tampering (Tachycardia) (Loss: 0.04),High
2026-01-07 15:37:13,Physical Anomaly,ECG AI,Rate Tampering (Tachycardia) (Loss: 0.05),High
2026-01-07 15:37:14,Physical Anomaly,ECG AI,Rate Tampering (Tachycardia) (Loss: 0.04),High
2026-01-07 15:37:14,Physical Anomaly,ECG AI,Rate Tampering (Tachycardia) (Loss: 0.05),High
2026-01-07 15:37:14,Physical Anomaly,ECG AI,Rate Tampering (Tachycardia) (Loss: 0.05),High
2026-01-07 15:37:14,Physical Anomaly,ECG AI,Rate Tampering (Tachycardia) (Loss: 0.04),High
2026-01-07 15:37:14,Physical Anomaly,ECG AI,Rate Tampering (Tachycardia) (Loss: 0.04),High
2026-01-07 15:37:14,Physical Anomaly,ECG AI,Rate Tampering (Tachycardia) (Loss: 0.05),High
2026-01-07 15:37:14,Physical Anomaly,ECG AI,Rate Tampering (Tachycardia) (Loss: 0.04),High
2026-01-07 15:37:14,Physical Anomaly,ECG AI,Rate Tampering (Tachycardia) (Loss: 0.04),High
2026-01-07 15:37:14,Physical Anomaly,ECG AI,Rate Tampering (Tachycardia) (Loss: 0.04),High
2026-01-07 15:37:14,Physical Anomaly,ECG AI,Rate Tampering (Tachycardia) (Loss: 0.04),High
2026-01-07 15:37:14,Physical Anomaly,ECG AI,Rate Tampering (Tachycardia) (Loss: 0.05),High
2026-01-07 15:37:14,Physical Anomaly,ECG AI,Rate Tampering (Tachycardia) (Loss: 0.05),High
2026-01-07 15:37:14,Physical Anomaly,ECG AI,Rate Tampering (Tachycardia) (Loss: 0.05),High
2026-01-07 15:37:14,Physical Anomaly,ECG AI,Rate Tampering (Tachycardia) (Loss: 0.04),High
2026-01-07 15:37:14,Physical Anomaly,ECG AI,Rate Tampering (Tachycardia) (Loss: 0.05),High
2026-01-07 15:37:14,Physical Anomaly,ECG AI,Rate Tampering (Tachycardia) (Loss: 0.05),High
2026-01-07 15:37:14,Physical Anomaly,ECG AI,Rate Tampering (Tachycardia) (Loss: 0.05),High
2026-01-07 15:37:15,Physical Anomaly,ECG AI,Rate Tampering (Tachycardia) (Loss: 0.05),High
2026-01-07 15:37:15,Physical Anomaly,ECG AI,Rate Tampering (Tachycardia) (Loss: 0.05),High
2026-01-07 15:37:15,Physical Anomaly,ECG AI,Rate Tampering (Tachycardia) (Loss: 0.05),High
2026-01-07 15:37:15,Physical Anomaly,ECG AI,Rate Tampering (Tachycardia) (Loss: 0.07),High
2026-01-07 15:37:15,Physical Anomaly,ECG AI,Rate Tampering (Tachycardia) (Loss: 0.06),High
2026-01-07 15:37:15,Physical Anomaly,ECG AI,Rate Tampering (Tachycardia) (Loss: 0.06),High
2026-01-07 15:37:15,Physical Anomaly,ECG AI,Rate Tampering (Tachycardia) (Loss: 0.06),High
2026-01-07 15:37:15,Physical Anomaly,ECG AI,Rate Tampering (Tachycardia) (Loss: 0.06),High
2026-01-07 15:37:15,Physical Anomaly,ECG AI,Rate Tampering (Tachycardia) (Loss: 0.05),High
2026-01-07 15:37:15,Physical Anomaly,ECG AI,Rate Tampering (Tachycardia) (Loss: 0.05),High
2026-01-07 15:37:16,Physical Anomaly,ECG AI,Rate Tampering (Tachycardia) (Loss: 0.05),High
2026-01-07 15:37:16,Physical Anomaly,ECG AI,Rate Tampering (Tachycardia) (Loss: 0.05),High
2026-01-07 15:37:16,Physical Anomaly,ECG AI,Rate Tampering (Tachycardia) (Loss: 0.05),High
2026-01-07 15:37:16,Physical Anomaly,ECG AI,Rate Tampering (Tachycardia) (Loss: 0.05),High
2026-01-07 15:37:16,Physical Anomaly,ECG AI,Rate Tampering (Tachycardia) (Loss: 0.06),High
2026-01-07 15:37:16,Physical Anomaly,ECG AI,Rate Tampering (Tachycardia) (Loss: 0.06),High
2026-01-07 15:37:16,Physical Anomaly,ECG AI,Rate Tampering (Tachycardia) (Loss: 0.05),High
2026-01-07 15:37:16,Physical Anomaly,ECG AI,Rate Tampering (Tachycardia) (Loss: 0.05),High
2026-01-07 15:37:16,Physical Anomaly,ECG AI,Rate Tampering (Tachycardia) (Loss: 0.06),High
2026-01-07 15:37:16,Physical Anomaly,ECG AI,Rate Tampering (Tachycardia) (Loss: 0.05),High
2026-01-07 15:37:17,Physical Anomaly,ECG AI,Rate Tampering (Tachycardia) (Loss: 0.06),High
2026-01-07 15:37:17,Physical Anomaly,ECG AI,Rate Tampering (Tachycardia) (Loss: 0.06),High
2026-01-07 15:37:17,Physical Anomaly,ECG AI,Rate Tampering (Tachycardia) (Loss: 0.05),High
2026-01-07 15:37:17,Physical Anomaly,ECG AI,Rate Tampering (Tachycardia) (Loss: 0.05),High
2026-01-07 15:37:18,Physical Anomaly,ECG AI,Rate Tampering (Tachycardia) (Loss: 0.05),High
2026-01-07 15:37:18,Physical Anomaly,ECG AI,Rate Tampering (Tachycardia) (Loss: 0.06),High
2026-01-07 15:37:18,Physical Anomaly,ECG AI,Rate Tampering (Tachycardia) (Loss: 0.06),High
2026-01-07 15:37:18,Physical Anomaly,ECG AI,Rate Tampering (Tachycardia) (Loss: 0.04),High
2026-01-07 15:37:18,Physical Anomaly,ECG AI,Rate Tampering (Tachycardia) (Loss: 0.05),High
2026-01-07 15:37:18,Physical Anomaly,ECG AI,Rate Tampering (Tachycardia) (Loss: 0.05),High
2026-01-07 15:37:18,Physical Anomaly,ECG AI,Rate Tampering (Tachycardia) (Loss: 0.05),High
2026-01-07 15:37:19,Physical Anomaly,ECG AI,Rate Tampering (Tachycardia) (Loss: 0.05),High
2026-01-07 15:37:19,Physical Anomaly,ECG AI,Rate Tampering (Tachycardia) (Loss: 0.06),High
2026-01-07 15:37:19,Physical Anomaly,ECG AI,Rate Tampering (Tachycardia) (Loss: 0.05),High
2026-01-07 15:37:19,Physical Anomaly,ECG AI,Rate Tampering (Tachycardia) (Loss: 0.05),High
2026-01-07 15:37:19,Physical Anomaly,ECG AI,Rate Tampering (Tachycardia) (Loss: 0.06),High
2026-01-07 15:37:20,Physical Anomaly,ECG AI,Rate Tampering (Tachycardia) (Loss: 0.05),High
2026-01-07 15:37:20,Physical Anomaly,ECG AI,Rate Tampering (Tachycardia) (Loss: 0.05),High
2026-01-07 15:37:20,Physical Anomaly,ECG AI,Rate Tampering (Tachycardia) (Loss: 0.05),High
2026-01-07 15:37:20,Physical Anomaly,ECG AI,Rate Tampering (Tachycardia) (Loss: 0.05),High
2026-01-07 15:37:20,Physical Anomaly,ECG AI,Rate Tampering (Tachycardia) (Loss: 0.05),High
2026-01-07 15:37:20,Physical Anomaly,ECG AI,Rate Tampering (Tachycardia) (Loss: 0.06),High
2026-01-07 15:37:21,Physical Anomaly,ECG AI,Rate Tampering (Tachycardia) (Loss: 0.04),High
2026-01-07 15:37:21,Physical Anomaly,ECG AI,Rate Tampering (Tachycardia) (Loss: 0.03),High
2026-01-07 15:37:21,Physical Anomaly,ECG AI,Rate Tampering (Tachycardia) (Loss: 0.03),High
2026-01-07 15:37:21,Physical Anomaly,ECG AI,Rate Tampering (Tachycardia) (Loss: 0.03),High
2026-01-07 15:37:21,Physical Anomaly,ECG AI,Rate Tampering (Tachycardia) (Loss: 0.03),High
2026-01-07 15:37:21,Physical Anomaly,ECG AI,Rate Tampering (Tachycardia) (Loss: 0.02),High
2026-01-07 15:37:21,Physical Anomaly,ECG AI,Rate Tampering (Tachycardia) (Loss: 0.03),High
2026-01-07 15:37:21,Physical Anomaly,ECG AI,Rate Tampering (Tachycardia) (Loss: 0.03),High
2026-01-07 15:37:22,Physical Anomaly,ECG AI,Rate Tampering (Tachycardia) (Loss: 0.03),High
2026-01-07 15:37:22,Physical Anomaly,ECG AI,Rate Tampering (Tachycardia) (Loss: 0.04),High
2026-01-07 15:37:22,Physical Anomaly,ECG AI,Rate Tampering (Tachycardia) (Loss: 0.03),High
2026-01-07 15:37:22,Physical Anomaly,ECG AI,Rate Tampering (Tachycardia) (Loss: 0.05),High
2026-01-07 15:37:22,Physical Anomaly,ECG AI,Rate Tampering (Tachycardia) (Loss: 0.05),High
2026-01-07 15:37:22,Physical Anomaly,ECG AI,Rate Tampering (Tachycardia) (Loss: 0.04),High
2026-01-07 15:37:22,Physical Anomaly,ECG AI,Rate Tampering (Tachycardia) (Loss: 0.04),High
2026-01-07 15:37:22,Physical Anomaly,ECG AI,Rate Tampering (Tachycardia) (Loss: 0.04),High
2026-01-07 15:37:22,Physical Anomaly,ECG AI,Rate Tampering (Tachycardia) (Loss: 0.05),High
2026-01-07 15:37:22,Physical Anomaly,ECG AI,Rate Tampering (Tachycardia) (Loss: 0.05),High
2026-01-07 15:37:22,Physical Anomaly,ECG AI,Rate Tampering (Tachycardia) (Loss: 0.05),High
2026-01-07 15:37:23,Physical Anomaly,ECG AI,Rate Tampering (Tachycardia) (Loss: 0.05),High
2026-01-07 15:37:23,Physical Anomaly,ECG AI,Rate Tampering (Tachycardia) (Loss: 0.05),High
2026-01-07 15:37:23,Physical Anomaly,ECG AI,Rate Tampering (Tachycardia) (Loss: 0.06),High
2026-01-07 15:37:23,Physical Anomaly,ECG AI,Rate Tampering (Tachycardia) (Loss: 0.05),High
2026-01-07 15:37:23,Physical Anomaly,ECG AI,Rate Tampering (Tachycardia) (Loss: 0.05),High
2026-01-07 15:37:23,Physical Anomaly,ECG AI,Rate Tampering (Tachycardia) (Loss: 0.05),High
2026-01-07 15:37:23,Physical Anomaly,ECG AI,Rate Tampering (Tachycardia) (Loss: 0.05),High
2026-01-07 15:37:23,Physical Anomaly,ECG AI,Rate Tampering (Tachycardia) (Loss: 0.06),High
2026-01-07 15:37:23,Physical Anomaly,ECG AI,Rate Tampering (Tachycardia) (Loss: 0.07),High
2026-01-07 15:37:23,Physical Anomaly,ECG AI,Rate Tampering (Tachycardia) (Loss: 0.06),High
2026-01-07 15:37:23,Physical Anomaly,ECG AI,Rate Tampering (Tachycardia) (Loss: 0.06),High
2026-01-07 15:37:23,Physical Anomaly,ECG AI,Rate Tampering (Tachycardia) (Loss: 0.06),High
2026-01-07 15:37:24,Physical Anomaly,ECG AI,Rate Tampering (Tachycardia) (Loss: 0.07),High
2026-01-07 15:37:24,Physical Anomaly,ECG AI,Rate Tampering (Tachycardia) (Loss: 0.08),High
2026-01-07 15:37:24,Physical Anomaly,ECG AI,Rate Tampering (Tachycardia) (Loss: 0.06),High
2026-01-07 15:37:24,Physical Anomaly,ECG AI,Rate Tampering (Tachycardia) (Loss: 0.05),High
2026-01-07 15:37:24,Physical Anomaly,ECG AI,Rate Tampering (Tachycardia) (Loss: 0.06),High
2026-01-07 15:37:24,Physical Anomaly,ECG AI,Rate Tampering (Tachycardia) (Loss: 0.06),High
2026-01-07 15:37:24,Physical Anomaly,ECG AI,Rate Tampering (Tachycardia) (Loss: 0.06),High
2026-01-07 15:37:24,Physical Anomaly,ECG AI,Rate Tampering (Tachycardia) (Loss: 0.06),High
2026-01-07 15:37:24,Physical Anomaly,ECG AI,Rate Tampering (Tachycardia) (Loss: 0.05),High
2026-01-07 15:37:24,Physical Anomaly,ECG AI,Rate Tampering (Tachycardia) (Loss: 0.06),High
2026-01-07 15:37:24,Physical Anomaly,ECG AI,Rate Tampering (Tachycardia) (Loss: 0.05),High
2026-01-07 15:37:24,Physical Anomaly,ECG AI,Rate Tampering (Tachycardia) (Loss: 0.05),High
2026-01-07 15:37:24,Physical Anomaly,ECG AI,Rate Tampering (Tachycardia) (Loss: 0.06),High
2026-01-07 15:37:25,Physical Anomaly,ECG AI,Rate Tampering (Tachycardia) (Loss: 0.06),High
2026-01-07 15:37:25,Physical Anomaly,ECG AI,Rate Tampering (Tachycardia) (Loss: 0.06),High
2026-01-07 15:37:25,Physical Anomaly,ECG AI,Rate Tampering (Tachycardia) (Loss: 0.06),High
2026-01-07 15:37:25,Physical Anomaly,ECG AI,Rate Tampering (Tachycardia) (Loss: 0.06),High
2026-01-07 15:37:25,Physical Anomaly,ECG AI,Rate Tampering (Tachycardia) (Loss: 0.06),High
2026-01-07 15:37:25,Physical Anomaly,ECG AI,Rate Tampering (Tachycardia) (Loss: 0.07),High
2026-01-07 15:37:25,Physical Anomaly,ECG AI,Rate Tampering (Tachycardia) (Loss: 0.07),High
2026-01-07 15:37:25,Physical Anomaly,ECG AI,Rate Tampering (Tachycardia) (Loss: 0.06),High
2026-01-07 15:37:25,Physical Anomaly,ECG AI,Rate Tampering (Tachycardia) (Loss: 0.07),High
2026-01-07 15:37:25,Physical Anomaly,ECG AI,Rate Tampering (Tachycardia) (Loss: 0.06),High
2026-01-07 15:37:26,Physical Anomaly,ECG AI,Rate Tampering (Tachycardia) (Loss: 0.06),High
2026-01-07 15:37:26,Physical Anomaly,ECG AI,Rate Tampering (Tachycardia) (Loss: 0.06),High
2026-01-07 15:37:26,Physical Anomaly,ECG AI,Rate Tampering (Tachycardia) (Loss: 0.05),High
2026-01-07 15:37:26,Physical Anomaly,ECG AI,Rate Tampering (Tachycardia) (Loss: 0.05),High
2026-01-07 15:37:26,Physical Anomaly,ECG AI,Rate Tampering (Tachycardia) (Loss: 0.05),High
2026-01-07 15:37:26,Physical Anomaly,ECG AI,Rate Tampering (Tachycardia) (Loss: 0.04),High
2026-01-07 15:37:26,Physical Anomaly,ECG AI,Rate Tampering (Tachycardia) (Loss: 0.05),High
2026-01-07 15:37:26,Physical Anomaly,ECG AI,Rate Tampering (Tachycardia) (Loss: 0.04),High
2026-01-07 15:37:26,Physical Anomaly,ECG AI,Rate Tampering (Tachycardia) (Loss: 0.04),High
2026-01-07 15:37:26,Physical Anomaly,ECG AI,Rate Tampering (Tachycardia) (Loss: 0.04),High
2026-01-07 15:37:26,Physical Anomaly,ECG AI,Rate Tampering (Tachycardia) (Loss: 0.05),High
2026-01-07 15:37:27,Physical Anomaly,ECG AI,Rate Tampering (Tachycardia) (Loss: 0.05),High
2026-01-07 15:37:27,Physical Anomaly,ECG AI,Rate Tampering (Tachycardia) (Loss: 0.05),High
2026-01-07 15:37:27,Physical Anomaly,ECG AI,Rate Tampering (Tachycardia) (Loss: 0.05),High
2026-01-07 15:37:27,Physical Anomaly,ECG AI,Rate Tampering (Tachycardia) (Loss: 0.05),High
2026-01-07 15:37:27,Physical Anomaly,ECG AI,Rate Tampering (Tachycardia) (Loss: 0.06),High
2026-01-07 15:37:27,Physical Anomaly,ECG AI,Rate Tampering (Tachycardia) (Loss: 0.05),High
2026-01-07 15:37:27,Physical Anomaly,ECG AI,Rate Tampering (Tachycardia) (Loss: 0.05),High
2026-01-07 15:37:27,Physical Anomaly,ECG AI,Rate Tampering (Tachycardia) (Loss: 0.05),High
2026-01-07 15:37:27,Physical Anomaly,ECG AI,Rate Tampering (Tachycardia) (Loss: 0.05),High
2026-01-07 15:37:27,Physical Anomaly,ECG AI,Rate Tampering (Tachycardia) (Loss: 0.06),High
2026-01-07 15:37:27,Physical Anomaly,ECG AI,Rate Tampering (Tachycardia) (Loss: 0.07),High
2026-01-07 15:37:27,Physical Anomaly,ECG AI,Rate Tampering (Tachycardia) (Loss: 0.06),High
2026-01-07 15:37:28,Physical Anomaly,ECG AI,Rate Tampering (Tachycardia) (Loss: 0.06),High
2026-01-07 15:37:28,Physical Anomaly,ECG AI,Rate Tampering (Tachycardia) (Loss: 0.06),High
2026-01-07 15:37:28,Physical Anomaly,ECG AI,Rate Tampering (Tachycardia) (Loss: 0.05),High
2026-01-07 15:37:28,Physical Anomaly,ECG AI,Rate Tampering (Tachycardia) (Loss: 0.05),High
2026-01-07 15:37:28,Physical Anomaly,ECG AI,Rate Tampering (Tachycardia) (Loss: 0.05),High
2026-01-07 15:37:28,Physical Anomaly,ECG AI,Rate Tampering (Tachycardia) (Loss: 0.05),High
2026-01-07 15:37:28,Physical Anomaly,ECG AI,Rate Tampering (Tachycardia) (Loss: 0.06),High
2026-01-07 15:37:28,Physical Anomaly,ECG AI,Rate Tampering (Tachycardia) (Loss: 0.05),High
2026-01-07 15:37:28,Physical Anomaly,ECG AI,Rate Tampering (Tachycardia) (Loss: 0.05),High
2026-01-07 15:37:28,Physical Anomaly,ECG AI,Rate Tampering (Tachycardia) (Loss: 0.05),High
2026-01-07 15:37:28,Physical Anomaly,ECG AI,Rate Tampering (Tachycardia) (Loss: 0.05),High
2026-01-07 15:37:28,Physical Anomaly,ECG AI,Rate Tampering (Tachycardia) (Loss: 0.05),High
2026-01-07 15:37:28,Physical Anomaly,ECG AI,Rate Tampering (Tachycardia) (Loss: 0.05),High
2026-01-07 15:37:28,Physical Anomaly,ECG AI,Rate Tampering (Tachycardia) (Loss: 0.04),High
2026-01-07 15:37:29,Physical Anomaly,ECG AI,Rate Tampering (Tachycardia) (Loss: 0.05),High
2026-01-07 15:37:29,Physical Anomaly,ECG AI,Rate Tampering (Tachycardia) (Loss: 0.06),High
2026-01-07 15:37:29,Physical Anomaly,ECG AI,Rate Tampering (Tachycardia) (Loss: 0.06),High
2026-01-07 15:37:29,Physical Anomaly,ECG AI,Rate Tampering (Tachycardia) (Loss: 0.07),High
2026-01-07 15:37:29,Physical Anomaly,ECG AI,Rate Tampering (Tachycardia) (Loss: 0.06),High
2026-01-07 15:37:29,Physical Anomaly,ECG AI,Rate Tampering (Tachycardia) (Loss: 0.06),High
2026-01-07 15:37:29,Physical Anomaly,ECG AI,Rate Tampering (Tachycardia) (Loss: 0.05),High
2026-01-07 15:37:29,Physical Anomaly,ECG AI,Rate Tampering (Tachycardia) (Loss: 0.05),High
2026-01-07 15:37:29,Physical Anomaly,ECG AI,Rate Tampering (Tachycardia) (Loss: 0.06),High
2026-01-07 15:37:29,Physical Anomaly,ECG AI,Rate Tampering (Tachycardia) (Loss: 0.05),High
2026-01-07 15:37:29,Physical Anomaly,ECG AI,Rate Tampering (Tachycardia) (Loss: 0.05),High
2026-01-07 15:37:29,Physical Anomaly,ECG AI,Rate Tampering (Tachycardia) (Loss: 0.05),High
2026-01-07 15:37:31,Physical Anomaly,ECG AI,Rate Tampering (Tachycardia) (Loss: 0.04),High
2026-01-07 15:37:31,Physical Anomaly,ECG AI,Rate Tampering (Tachycardia) (Loss: 0.06),High
2026-01-07 15:37:31,Physical Anomaly,ECG AI,Rate Tampering (Tachycardia) (Loss: 0.05),High
2026-01-07 15:37:31,Physical Anomaly,ECG AI,Rate Tampering (Tachycardia) (Loss: 0.05),High
2026-01-07 15:37:31,Physical Anomaly,ECG AI,Rate Tampering (Tachycardia) (Loss: 0.04),High
2026-01-07 15:37:31,Physical Anomaly,ECG AI,Rate Tampering (Tachycardia) (Loss: 0.04),High
2026-01-07 15:37:31,Physical Anomaly,ECG AI,Rate Tampering (Tachycardia) (Loss: 0.05),High
2026-01-07 15:37:31,Physical Anomaly,ECG AI,Rate Tampering (Tachycardia) (Loss: 0.05),High
2026-01-07 15:37:31,Physical Anomaly,ECG AI,Rate Tampering (Tachycardia) (Loss: 0.05),High
2026-01-07 15:37:31,Physical Anomaly,ECG AI,Rate Tampering (Tachycardia) (Loss: 0.05),High
2026-01-07 15:37:31,Physical Anomaly,ECG AI,Rate Tampering (Tachycardia) (Loss: 0.05),High
2026-01-07 15:37:31,Physical Anomaly,ECG AI,Rate Tampering (Tachycardia) (Loss: 0.06),High
2026-01-07 15:37:31,Physical Anomaly,ECG AI,Rate Tampering (Tachycardia) (Loss: 0.05),High
2026-01-07 15:37:32,Physical Anomaly,ECG AI,Rate Tampering (Tachycardia) (Loss: 0.04),High
2026-01-07 15:37:32,Physical Anomaly,ECG AI,Rate Tampering (Tachycardia) (Loss: 0.04),High
2026-01-07 15:37:32,Physical Anomaly,ECG AI,Rate Tampering (Tachycardia) (Loss: 0.05),High
2026-01-07 15:37:32,Physical Anomaly,ECG AI,Rate Tampering (Tachycardia) (Loss: 0.06),High
2026-01-07 15:37:32,Physical Anomaly,ECG AI,Rate Tampering (Tachycardia) (Loss: 0.04),High
2026-01-07 15:37:32,Physical Anomaly,ECG AI,Rate Tampering (Tachycardia) (Loss: 0.05),High
2026-01-07 15:37:32,Physical Anomaly,ECG AI,Rate Tampering (Tachycardia) (Loss: 0.05),High
2026-01-07 15:37:32,Physical Anomaly,ECG AI,Rate Tampering (Tachycardia) (Loss: 0.05),High
2026-01-07 15:37:32,Physical Anomaly,ECG AI,Rate Tampering (Tachycardia) (Loss: 0.06),High
2026-01-07 15:37:32,Physical Anomaly,ECG AI,Rate Tampering (Tachycardia) (Loss: 0.05),High
2026-01-07 15:37:32,Physical Anomaly,ECG AI,Rate Tampering (Tachycardia) (Loss: 0.05),High
2026-01-07 15:37:32,Physical Anomaly,ECG AI,Rate Tampering (Tachycardia) (Loss: 0.05),High
2026-01-07 15:37:32,Physical Anomaly,ECG AI,Rate Tampering (Tachycardia) (Loss: 0.05),High
2026-01-07 15:37:32,Physical Anomaly,ECG AI,Rate Tampering (Tachycardia) (Loss: 0.06),High
2026-01-07 15:37:33,Physical Anomaly,ECG AI,Rate Tampering (Tachycardia) (Loss: 0.05),High
2026-01-07 15:37:33,Physical Anomaly,ECG AI,Rate Tampering (Tachycardia) (Loss: 0.05),High
2026-01-07 15:37:33,Physical Anomaly,ECG AI,Rate Tampering (Tachycardia) (Loss: 0.04),High
2026-01-07 15:37:33,Physical Anomaly,ECG AI,Rate Tampering (Tachycardia) (Loss: 0.04),High
2026-01-07 15:37:33,Physical Anomaly,ECG AI,Rate Tampering (Tachycardia) (Loss: 0.04),High
2026-01-07 15:37:33,Physical Anomaly,ECG AI,Rate Tampering (Tachycardia) (Loss: 0.03),High
2026-01-07 15:37:33,Physical Anomaly,ECG AI,Rate Tampering (Tachycardia) (Loss: 0.03),High
2026-01-07 15:37:33,Physical Anomaly,ECG AI,Rate Tampering (Tachycardia) (Loss: 0.04),High
2026-01-07 15:37:34,Physical Anomaly,ECG AI,Rate Tampering (Tachycardia) (Loss: 0.04),High
2026-01-07 15:37:34,Physical Anomaly,ECG AI,Rate Tampering (Tachycardia) (Loss: 0.04),High
2026-01-07 15:37:34,Physical Anomaly,ECG AI,Rate Tampering (Tachycardia) (Loss: 0.03),High
2026-01-07 15:37:34,Physical Anomaly,ECG AI,Rate Tampering (Tachycardia) (Loss: 0.04),High
2026-01-07 15:37:34,Physical Anomaly,ECG AI,Rate Tampering (Tachycardia) (Loss: 0.03),High
2026-01-07 15:37:34,Physical Anomaly,ECG AI,Rate Tampering (Tachycardia) (Loss: 0.03),High
2026-01-07 15:37:34,Physical Anomaly,ECG AI,Rate Tampering (Tachycardia) (Loss: 0.04),High
2026-01-07 15:37:34,Physical Anomaly,ECG AI,Rate Tampering (Tachycardia) (Loss: 0.05),High
2026-01-07 15:37:34,Physical Anomaly,ECG AI,Rate Tampering (Tachycardia) (Loss: 0.04),High
2026-01-07 15:37:34,Physical Anomaly,ECG AI,Rate Tampering (Tachycardia) (Loss: 0.04),High
2026-01-07 15:37:34,Physical Anomaly,ECG AI,Rate Tampering (Tachycardia) (Loss: 0.04),High
2026-01-07 15:37:34,Physical Anomaly,ECG AI,Rate Tampering (Tachycardia) (Loss: 0.04),High
2026-01-07 15:37:34,Physical Anomaly,ECG AI,Rate Tampering (Tachycardia) (Loss: 0.06),High
2026-01-07 15:37:34,Physical Anomaly,ECG AI,Rate Tampering (Tachycardia) (Loss: 0.05),High
2026-01-07 15:37:34,Physical Anomaly,ECG AI,Rate Tampering (Tachycardia) (Loss: 0.05),High
2026-01-07 15:37:34,Physical Anomaly,ECG AI,Rate Tampering (Tachycardia) (Loss: 0.05),High
2026-01-07 15:37:34,Physical Anomaly,ECG AI,Rate Tampering (Tachycardia) (Loss: 0.06),High
2026-01-07 15:37:34,Physical Anomaly,ECG AI,Rate Tampering (Tachycardia) (Loss: 0.06),High
2026-01-07 15:37:35,Physical Anomaly,ECG AI,Rate Tampering (Tachycardia) (Loss: 0.06),High
2026-01-07 15:37:35,Physical Anomaly,ECG AI,Rate Tampering (Tachycardia) (Loss: 0.07),High
2026-01-07 15:37:35,Physical Anomaly,ECG AI,Rate Tampering (Tachycardia) (Loss: 0.06),High
2026-01-07 15:37:36,Physical Anomaly,ECG AI,Rate Tampering (Tachycardia) (Loss: 0.08),High
2026-01-07 15:37:36,Physical Anomaly,ECG AI,Rate Tampering (Tachycardia) (Loss: 0.09),High
2026-01-07 15:37:36,Physical Anomaly,ECG AI,Rate Tampering (Tachycardia) (Loss: 0.08),High
2026-01-07 15:37:36,Physical Anomaly,ECG AI,Rate Tampering (Tachycardia) (Loss: 0.08),High
2026-01-07 15:37:36,Physical Anomaly,ECG AI,Rate Tampering (Tachycardia) (Loss: 0.08),High
2026-01-07 15:37:36,Physical Anomaly,ECG AI,Rate Tampering (Tachycardia) (Loss: 0.06),High
2026-01-07 15:37:37,Physical Anomaly,ECG AI,Spoofing (High Noise) (Loss: 0.09),High
2026-01-07 15:37:38,Physical Anomaly,ECG AI,Spoofing (High Noise) (Loss: 0.07),High
2026-01-07 15:37:38,Physical Anomaly,ECG AI,Rate Tampering (Tachycardia) (Loss: 0.08),High
2026-01-07 15:37:38,Physical Anomaly,ECG AI,Rate Tampering (Tachycardia) (Loss: 0.07),High
2026-01-07 15:37:38,Physical Anomaly,ECG AI,Rate Tampering (Tachycardia) (Loss: 0.07),High
2026-01-07 15:37:38,Physical Anomaly,ECG AI,Rate Tampering (Tachycardia) (Loss: 0.06),High
2026-01-07 15:37:38,Physical Anomaly,ECG AI,Rate Tampering (Tachycardia) (Loss: 0.06),High
2026-01-07 15:37:38,Physical Anomaly,ECG AI,Rate Tampering (Tachycardia) (Loss: 0.05),High
2026-01-07 15:37:39,Physical Anomaly,ECG AI,Rate Tampering (Tachycardia) (Loss: 0.05),High
2026-01-07 15:37:39,Physical Anomaly,ECG AI,Rate Tampering (Tachycardia) (Loss: 0.06),High
2026-01-07 15:37:39,Physical Anomaly,ECG AI,Rate Tampering (Tachycardia) (Loss: 0.06),High
2026-01-07 15:37:39,Physical Anomaly,ECG AI,Rate Tampering (Tachycardia) (Loss: 0.06),High
2026-01-07 15:37:39,Physical Anomaly,ECG AI,Rate Tampering (Tachycardia) (Loss: 0.06),High
2026-01-07 15:37:39,Physical Anomaly,ECG AI,Rate Tampering (Tachycardia) (Loss: 0.06),High
2026-01-07 15:37:39,Physical Anomaly,ECG AI,Rate Tampering (Tachycardia) (Loss: 0.06),High
2026-01-07 15:37:40,Physical Anomaly,ECG AI,Rate Tampering (Tachycardia) (Loss: 0.06),High
2026-01-07 15:37:40,Physical Anomaly,ECG AI,Rate Tampering (Tachycardia) (Loss: 0.05),High
2026-01-07 15:37:40,Physical Anomaly,ECG AI,Rate Tampering (Tachycardia) (Loss: 0.05),High
2026-01-07 15:37:40,Physical Anomaly,ECG AI,Rate Tampering (Tachycardia) (Loss: 0.05),High
2026-01-07 15:37:40,Physical Anomaly,ECG AI,Rate Tampering (Tachycardia) (Loss: 0.05),High
2026-01-07 15:37:40,Physical Anomaly,ECG AI,Rate Tampering (Tachycardia) (Loss: 0.05),High
2026-01-07 15:37:40,Physical Anomaly,ECG AI,Rate Tampering (Tachycardia) (Loss: 0.06),High
2026-01-07 15:37:40,Physical Anomaly,ECG AI,Rate Tampering (Tachycardia) (Loss: 0.05),High
2026-01-07 15:37:41,Physical Anomaly,ECG AI,Rate Tampering (Tachycardia) (Loss: 0.05),High
2026-01-07 15:37:41,Physical Anomaly,ECG AI,Rate Tampering (Tachycardia) (Loss: 0.05),High
2026-01-07 15:37:41,Physical Anomaly,ECG AI,Rate Tampering (Tachycardia) (Loss: 0.05),High
2026-01-07 15:37:41,Physical Anomaly,ECG AI,Rate Tampering (Tachycardia) (Loss: 0.05),High
2026-01-07 15:37:41,Physical Anomaly,ECG AI,Rate Tampering (Tachycardia) (Loss: 0.05),High
2026-01-07 15:37:41,Physical Anomaly,ECG AI,Rate Tampering (Tachycardia) (Loss: 0.05),High
2026-01-07 15:37:41,Physical Anomaly,ECG AI,Rate Tampering (Tachycardia) (Loss: 0.05),High
2026-01-07 15:37:41,Physical Anomaly,ECG AI,Rate Tampering (Tachycardia) (Loss: 0.05),High
2026-01-07 15:37:42,Physical Anomaly,ECG AI,Rate Tampering (Tachycardia) (Loss: 0.06),High
2026-01-07 15:37:42,Physical Anomaly,ECG AI,Rate Tampering (Tachycardia) (Loss: 0.06),High
2026-01-07 15:37:42,Physical Anomaly,ECG AI,Rate Tampering (Tachycardia) (Loss: 0.06),High
2026-01-07 15:37:42,Physical Anomaly,ECG AI,Rate Tampering (Tachycardia) (Loss: 0.05),High
2026-01-07 15:37:43,Physical Anomaly,ECG AI,Rate Tampering (Tachycardia) (Loss: 0.06),High
2026-01-07 15:37:43,Physical Anomaly,ECG AI,Rate Tampering (Tachycardia) (Loss: 0.05),High
2026-01-07 15:37:43,Physical Anomaly,ECG AI,Rate Tampering (Tachycardia) (Loss: 0.06),High
2026-01-07 15:37:43,Physical Anomaly,ECG AI,Rate Tampering (Tachycardia) (Loss: 0.06),High
2026-01-07 15:37:43,Physical Anomaly,ECG AI,Rate Tampering (Tachycardia) (Loss: 0.06),High
2026-01-07 15:37:43,Physical Anomaly,ECG AI,Rate Tampering (Tachycardia) (Loss: 0.06),High
2026-01-07 15:37:43,Physical Anomaly,ECG AI,Rate Tampering (Tachycardia) (Loss: 0.06),High
2026-01-07 15:37:44,Physical Anomaly,ECG AI,Rate Tampering (Tachycardia) (Loss: 0.06),High
2026-01-07 15:37:44,Physical Anomaly,ECG AI,Rate Tampering (Tachycardia) (Loss: 0.07),High
2026-01-07 15:37:44,Physical Anomaly,ECG AI,Rate Tampering (Tachycardia) (Loss: 0.07),High
2026-01-07 15:37:44,Physical Anomaly,ECG AI,Rate Tampering (Tachycardia) (Loss: 0.08),High
2026-01-07 15:37:44,Physical Anomaly,ECG AI,Rate Tampering (Tachycardia) (Loss: 0.08),High
2026-01-07 15:37:44,Physical Anomaly,ECG AI,Rate Tampering (Tachycardia) (Loss: 0.09),High
2026-01-07 15:37:46,Physical Anomaly,ECG AI,Rate Tampering (Tachycardia) (Loss: 0.07),High
2026-01-07 15:37:46,Physical Anomaly,ECG AI,Rate Tampering (Tachycardia) (Loss: 0.07),High
2026-01-07 15:37:47,Physical Anomaly,ECG AI,Rate Tampering (Tachycardia) (Loss: 0.06),High
2026-01-07 15:37:47,Physical Anomaly,ECG AI,Rate Tampering (Tachycardia) (Loss: 0.06),High
2026-01-07 15:37:47,Physical Anomaly,ECG AI,Rate Tampering (Tachycardia) (Loss: 0.05),High
2026-01-07 15:37:47,Physical Anomaly,ECG AI,Rate Tampering (Tachycardia) (Loss: 0.06),High
2026-01-07 15:37:47,Physical Anomaly,ECG AI,Rate Tampering (Tachycardia) (Loss: 0.06),High
2026-01-07 15:37:47,Physical Anomaly,ECG AI,Rate Tampering (Tachycardia) (Loss: 0.05),High
2026-01-07 15:37:47,Physical Anomaly,ECG AI,Rate Tampering (Tachycardia) (Loss: 0.06),High
2026-01-07 15:37:48,Physical Anomaly,ECG AI,Rate Tampering (Tachycardia) (Loss: 0.04),High
2026-01-07 15:37:48,Physical Anomaly,ECG AI,Rate Tampering (Tachycardia) (Loss: 0.04),High
2026-01-07 15:37:48,Physical Anomaly,ECG AI,Rate Tampering (Tachycardia) (Loss: 0.04),High
2026-01-07 15:37:48,Physical Anomaly,ECG AI,Rate Tampering (Tachycardia) (Loss: 0.04),High
2026-01-07 15:37:48,Physical Anomaly,ECG AI,Rate Tampering (Tachycardia) (Loss: 0.04),High
2026-01-07 15:37:48,Physical Anomaly,ECG AI,Rate Tampering (Tachycardia) (Loss: 0.04),High
2026-01-07 15:37:48,Physical Anomaly,ECG AI,Rate Tampering (Tachycardia) (Loss: 0.03),High
2026-01-07 15:37:49,Physical Anomaly,ECG AI,Rate Tampering (Tachycardia) (Loss: 0.04),High
2026-01-07 15:37:49,Physical Anomaly,ECG AI,Rate Tampering (Tachycardia) (Loss: 0.04),High
2026-01-07 15:37:49,Physical Anomaly,ECG AI,Rate Tampering (Tachycardia) (Loss: 0.05),High
2026-01-07 15:37:49,Physical Anomaly,ECG AI,Rate Tampering (Tachycardia) (Loss: 0.05),High
2026-01-07 15:37:49,Physical Anomaly,ECG AI,Rate Tampering (Tachycardia) (Loss: 0.05),High
2026-01-07 15:37:49,Physical Anomaly,ECG AI,Rate Tampering (Tachycardia) (Loss: 0.05),High
2026-01-07 15:37:49,Physical Anomaly,ECG AI,Rate Tampering (Tachycardia) (Loss: 0.05),High
2026-01-07 15:37:50,Physical Anomaly,ECG AI,Rate Tampering (Tachycardia) (Loss: 0.06),High
2026-01-07 15:37:50,Physical Anomaly,ECG AI,Rate Tampering (Tachycardia) (Loss: 0.06),High
2026-01-07 15:37:50,Physical Anomaly,ECG AI,Rate Tampering (Tachycardia) (Loss: 0.06),High
2026-01-07 15:37:50,Physical Anomaly,ECG AI,Rate Tampering (Tachycardia) (Loss: 0.06),High
2026-01-07 15:37:50,Physical Anomaly,ECG AI,Rate Tampering (Tachycardia) (Loss: 0.10),High
2026-01-07 15:37:50,Physical Anomaly,ECG AI,Rate Tampering (Tachycardia) (Loss: 0.09),High
2026-01-07 15:37:50,Physical Anomaly,ECG AI,Rate Tampering (Tachycardia) (Loss: 0.09),High
2026-01-07 15:37:50,Physical Anomaly,ECG AI,Rate Tampering (Tachycardia) (Loss: 0.10),High
2026-01-07 15:37:50,Physical Anomaly,ECG AI,Rate Tampering (Tachycardia) (Loss: 0.09),High
2026-01-07 15:37:50,Physical Anomaly,ECG AI,Rate Tampering (Tachycardia) (Loss: 0.09),High
2026-01-07 15:37:51,Physical Anomaly,ECG AI,Rate Tampering (Tachycardia) (Loss: 0.05),High
2026-01-07 15:37:51,Physical Anomaly,ECG AI,Rate Tampering (Tachycardia) (Loss: 0.05),High
2026-01-07 15:37:52,Physical Anomaly,ECG AI,Rate Tampering (Tachycardia) (Loss: 0.05),High
2026-01-07 15:37:52,Physical Anomaly,ECG AI,Rate Tampering (Tachycardia) (Loss: 0.06),High
2026-01-07 15:37:52,Physical Anomaly,ECG AI,Rate Tampering (Tachycardia) (Loss: 0.03),High
2026-01-07 15:37:52,Physical Anomaly,ECG AI,Rate Tampering (Tachycardia) (Loss: 0.05),High
2026-01-07 15:37:52,Physical Anomaly,ECG AI,Rate Tampering (Tachycardia) (Loss: 0.05),High
2026-01-07 15:37:52,Physical Anomaly,ECG AI,Rate Tampering (Tachycardia) (Loss: 0.07),High
2026-01-07 15:37:52,Physical Anomaly,ECG AI,Rate Tampering (Tachycardia) (Loss: 0.05),High
2026-01-07 15:37:52,Physical Anomaly,ECG AI,Rate Tampering (Tachycardia) (Loss: 0.05),High
2026-01-07 15:37:52,Physical Anomaly,ECG AI,Rate Tampering (Tachycardia) (Loss: 0.06),High
2026-01-07 15:37:52,Physical Anomaly,ECG AI,Rate Tampering (Tachycardia) (Loss: 0.06),High
2026-01-07 15:37:52,Physical Anomaly,ECG AI,Rate Tampering (Tachycardia) (Loss: 0.07),High
2026-01-07 15:37:52,Physical Anomaly,ECG AI,Rate Tampering (Tachycardia) (Loss: 0.06),High
2026-01-07 15:37:52,Physical Anomaly,ECG AI,Rate Tampering (Tachycardia) (Loss: 0.07),High
2026-01-07 15:37:52,Physical Anomaly,ECG AI,Rate Tampering (Tachycardia) (Loss: 0.06),High
2026-01-07 15:37:52,Physical Anomaly,ECG AI,Rate Tampering (Tachycardia) (Loss: 0.06),High
2026-01-07 15:37:52,Physical Anomaly,ECG AI,Rate Tampering (Tachycardia) (Loss: 0.06),High
2026-01-07 15:37:52,Physical Anomaly,ECG AI,Rate Tampering (Tachycardia) (Loss: 0.06),High
2026-01-07 15:37:53,Physical Anomaly,ECG AI,Rate Tampering (Tachycardia) (Loss: 0.06),High
2026-01-07 15:37:53,Physical Anomaly,ECG AI,Rate Tampering (Tachycardia) (Loss: 0.06),High
2026-01-07 15:37:53,Physical Anomaly,ECG AI,Rate Tampering (Tachycardia) (Loss: 0.07),High
2026-01-07 15:37:56,Physical Anomaly,ECG AI,Critical Signal Loss (Flatline) (Loss: 0.00),High
2026-01-07 15:37:56,Physical Anomaly,ECG AI,Critical Signal Loss (Flatline) (Loss: 0.00),High
2026-01-07 15:37:56,Physical Anomaly,ECG AI,Critical Signal Loss (Flatline) (Loss: 0.00),High
2026-01-07 15:37:56,Physical Anomaly,ECG AI,Critical Signal Loss (Flatline) (Loss: 0.00),High
2026-01-07 15:37:56,Physical Anomaly,ECG AI,Critical Signal Loss (Flatline) (Loss: 0.00),High
2026-01-07 15:37:56,Physical Anomaly,ECG AI,Critical Signal Loss (Flatline) (Loss: 0.00),High
2026-01-07 15:37:56,Physical Anomaly,ECG AI,Critical Signal Loss (Flatline) (Loss: 0.00),High
2026-01-07 15:37:57,Physical Anomaly,ECG AI,Critical Signal Loss (Flatline) (Loss: 0.00),High
2026-01-07 15:37:57,Physical Anomaly,ECG AI,Critical Signal Loss (Flatline) (Loss: 0.00),High
2026-01-07 15:37:57,Physical Anomaly,ECG AI,Critical Signal Loss (Flatline) (Loss: 0.00),High
2026-01-07 15:37:57,Physical Anomaly,ECG AI,Critical Signal Loss (Flatline) (Loss: 0.00),High
2026-01-07 15:37:57,Physical Anomaly,ECG AI,Critical Signal Loss (Flatline) (Loss: 0.00),High
2026-01-07 15:37:57,Physical Anomaly,ECG AI,Critical Signal Loss (Flatline) (Loss: 0.00),High
2026-01-07 15:37:57,Physical Anomaly,ECG AI,Critical Signal Loss (Flatline) (Loss: 0.00),High
2026-01-07 15:37:57,Physical Anomaly,ECG AI,Critical Signal Loss (Flatline) (Loss: 0.00),High
2026-01-07 15:37:58,Physical Anomaly,ECG AI,Critical Signal Loss (Flatline) (Loss: 0.00),High
2026-01-07 15:37:58,Physical Anomaly,ECG AI,Critical Signal Loss (Flatline) (Loss: 0.00),High
2026-01-07 15:37:58,Physical Anomaly,ECG AI,Critical Signal Loss (Flatline) (Loss: 0.00),High
2026-01-07 15:37:58,Physical Anomaly,ECG AI,Critical Signal Loss (Flatline) (Loss: 0.00),High
2026-01-07 15:37:58,Physical Anomaly,ECG AI,Critical Signal Loss (Flatline) (Loss: 0.00),High
2026-01-07 15:37:58,Physical Anomaly,ECG AI,Critical Signal Loss (Flatline) (Loss: 0.00),High
2026-01-07 15:37:58,Physical Anomaly,ECG AI,Critical Signal Loss (Flatline) (Loss: 0.00),High
2026-01-07 15:37:58,Physical Anomaly,ECG AI,Critical Signal Loss (Flatline) (Loss: 0.00),High
2026-01-07 15:37:58,Physical Anomaly,ECG AI,Critical Signal Loss (Flatline) (Loss: 0.00),High
2026-01-07 15:37:58,Physical Anomaly,ECG AI,Critical Signal Loss (Flatline) (Loss: 0.00),High
2026-01-07 15:37:58,Physical Anomaly,ECG AI,Critical Signal Loss (Flatline) (Loss: 0.00),High
2026-01-07 15:37:58,Physical Anomaly,ECG AI,Critical Signal Loss (Flatline) (Loss: 0.00),High
2026-01-07 15:37:58,Physical Anomaly,ECG AI,Critical Signal Loss (Flatline) (Loss: 0.00),High
2026-01-07 15:37:58,Physical Anomaly,ECG AI,Critical Signal Loss (Flatline) (Loss: 0.00),High
2026-01-07 15:37:58,Physical Anomaly,ECG AI,Critical Signal Loss (Flatline) (Loss: 0.00),High
2026-01-07 15:37:59,Physical Anomaly,ECG AI,Critical Signal Loss (Flatline) (Loss: 0.00),High
2026-01-07 15:37:59,Physical Anomaly,ECG AI,Critical Signal Loss (Flatline) (Loss: 0.00),High
2026-01-07 15:37:59,Physical Anomaly,ECG AI,Critical Signal Loss (Flatline) (Loss: 0.00),High
2026-01-07 15:37:59,Physical Anomaly,ECG AI,Critical Signal Loss (Flatline) (Loss: 0.00),High
2026-01-07 15:37:59,Physical Anomaly,ECG AI,Critical Signal Loss (Flatline) (Loss: 0.00),High
2026-01-07 15:37:59,Physical Anomaly,ECG AI,Critical Signal Loss (Flatline) (Loss: 0.00),High
2026-01-07 15:37:59,Physical Anomaly,ECG AI,Critical Signal Loss (Flatline) (Loss: 0.00),High
2026-01-07 15:37:59,Physical Anomaly,ECG AI,Critical Signal Loss (Flatline) (Loss: 0.00),High
2026-01-07 15:37:59,Physical Anomaly,ECG AI,Critical Signal Loss (Flatline) (Loss: 0.00),High
2026-01-07 15:37:59,Physical Anomaly,ECG AI,Critical Signal Loss (Flatline) (Loss: 0.00),High
2026-01-07 15:37:59,Physical Anomaly,ECG AI,Critical Signal Loss (Flatline) (Loss: 0.00),High
2026-01-07 15:37:59,Physical Anomaly,ECG AI,Critical Signal Loss (Flatline) (Loss: 0.00),High
2026-01-07 15:37:59,Physical Anomaly,ECG AI,Critical Signal Loss (Flatline) (Loss: 0.00),High
2026-01-07 15:37:59,Physical Anomaly,ECG AI,Critical Signal Loss (Flatline) (Loss: 0.00),High
2026-01-07 15:37:59,Physical Anomaly,ECG AI,Critical Signal Loss (Flatline) (Loss: 0.00),High
2026-01-07 15:37:59,Physical Anomaly,ECG AI,Critical Signal Loss (Flatline) (Loss: 0.00),High
2026-01-07 15:38:00,Physical Anomaly,ECG AI,Critical Signal Loss (Flatline) (Loss: 0.00),High
2026-01-07 15:38:00,Physical Anomaly,ECG AI,Critical Signal Loss (Flatline) (Loss: 0.00),High
2026-01-07 15:38:00,Physical Anomaly,ECG AI,Critical Signal Loss (Flatline) (Loss: 0.00),High
2026-01-07 15:38:00,Physical Anomaly,ECG AI,Critical Signal Loss (Flatline) (Loss: 0.00),High
2026-01-07 15:38:00,Physical Anomaly,ECG AI,Critical Signal Loss (Flatline) (Loss: 0.00),High
2026-01-07 15:38:00,Physical Anomaly,ECG AI,Critical Signal Loss (Flatline) (Loss: 0.00),High
2026-01-07 15:38:00,Physical Anomaly,ECG AI,Critical Signal Loss (Flatline) (Loss: 0.00),High
2026-01-07 15:38:00,Physical Anomaly,ECG AI,Critical Signal Loss (Flatline) (Loss: 0.00),High
2026-01-07 15:38:00,Physical Anomaly,ECG AI,Critical Signal Loss (Flatline) (Loss: 0.00),High
2026-01-07 15:38:00,Physical Anomaly,ECG AI,Critical Signal Loss (Flatline) (Loss: 0.00),High
2026-01-07 15:38:00,Physical Anomaly,ECG AI,Critical Signal Loss (Flatline) (Loss: 0.00),High
2026-01-07 15:38:00,Physical Anomaly,ECG AI,Critical Signal Loss (Flatline) (Loss: 0.00),High
2026-01-07 15:38:01,Physical Anomaly,ECG AI,Critical Signal Loss (Flatline) (Loss: 0.00),High
2026-01-07 15:38:01,Physical Anomaly,ECG AI,Critical Signal Loss (Flatline) (Loss: 0.00),High
2026-01-07 15:38:01,Physical Anomaly,ECG AI,Critical Signal Loss (Flatline) (Loss: 0.00),High
2026-01-07 15:38:01,Physical Anomaly,ECG AI,Critical Signal Loss (Flatline) (Loss: 0.00),High
2026-01-07 15:38:01,Physical Anomaly,ECG AI,Critical Signal Loss (Flatline) (Loss: 0.00),High
2026-01-07 15:38:01,Physical Anomaly,ECG AI,Critical Signal Loss (Flatline) (Loss: 0.00),High
2026-01-07 15:38:01,Physical Anomaly,ECG AI,Critical Signal Loss (Flatline) (Loss: 0.00),High
2026-01-07 15:38:01,Physical Anomaly,ECG AI,Critical Signal Loss (Flatline) (Loss: 0.00),High
2026-01-07 15:38:01,Physical Anomaly,ECG AI,Critical Signal Loss (Flatline) (Loss: 0.00),High
2026-01-07 15:38:01,Physical Anomaly,ECG AI,Critical Signal Loss (Flatline) (Loss: 0.00),High
2026-01-07 15:38:02,Physical Anomaly,ECG AI,Critical Signal Loss (Flatline) (Loss: 0.00),High
2026-01-07 15:38:02,Physical Anomaly,ECG AI,Critical Signal Loss (Flatline) (Loss: 0.00),High
2026-01-07 15:38:02,Physical Anomaly,ECG AI,Critical Signal Loss (Flatline) (Loss: 0.00),High
2026-01-07 15:38:02,Physical Anomaly,ECG AI,Critical Signal Loss (Flatline) (Loss: 0.00),High
2026-01-07 15:38:02,Physical Anomaly,ECG AI,Critical Signal Loss (Flatline) (Loss: 0.00),High
2026-01-07 15:38:02,Physical Anomaly,ECG AI,Critical Signal Loss (Flatline) (Loss: 0.00),High
2026-01-07 15:38:02,Physical Anomaly,ECG AI,Critical Signal Loss (Flatline) (Loss: 0.00),High
2026-01-07 15:38:02,Physical Anomaly,ECG AI,Critical Signal Loss (Flatline) (Loss: 0.00),High
2026-01-07 15:38:02,Physical Anomaly,ECG AI,Critical Signal Loss (Flatline) (Loss: 0.00),High
2026-01-07 15:38:02,Physical Anomaly,ECG AI,Critical Signal Loss (Flatline) (Loss: 0.00),High
2026-01-07 15:38:03,Physical Anomaly,ECG AI,Critical Signal Loss (Flatline) (Loss: 0.00),High
2026-01-07 15:38:03,Physical Anomaly,ECG AI,Critical Signal Loss (Flatline) (Loss: 0.00),High
2026-01-07 15:38:03,Physical Anomaly,ECG AI,Critical Signal Loss (Flatline) (Loss: 0.00),High
2026-01-07 15:38:03,Physical Anomaly,ECG AI,Critical Signal Loss (Flatline) (Loss: 0.00),High
2026-01-07 15:38:03,Physical Anomaly,ECG AI,Critical Signal Loss (Flatline) (Loss: 0.00),High
2026-01-07 15:38:03,Physical Anomaly,ECG AI,Critical Signal Loss (Flatline) (Loss: 0.00),High
2026-01-07 15:38:03,Physical Anomaly,ECG AI,Critical Signal Loss (Flatline) (Loss: 0.00),High
2026-01-07 15:38:03,Physical Anomaly,ECG AI,Critical Signal Loss (Flatline) (Loss: 0.00),High
2026-01-07 15:38:03,Physical Anomaly,ECG AI,Critical Signal Loss (Flatline) (Loss: 0.00),High
2026-01-07 15:38:03,Physical Anomaly,ECG AI,Critical Signal Loss (Flatline) (Loss: 0.00),High
2026-01-07 15:38:04,Physical Anomaly,ECG AI,Critical Signal Loss (Flatline) (Loss: 0.00),High
2026-01-07 15:38:04,Physical Anomaly,ECG AI,Critical Signal Loss (Flatline) (Loss: 0.00),High
2026-01-07 15:38:04,Physical Anomaly,ECG AI,Critical Signal Loss (Flatline) (Loss: 0.00),High
2026-01-07 15:38:04,Physical Anomaly,ECG AI,Critical Signal Loss (Flatline) (Loss: 0.00),High
2026-01-07 15:38:04,Physical Anomaly,ECG AI,Critical Signal Loss (Flatline) (Loss: 0.00),High
2026-01-07 15:38:04,Physical Anomaly,ECG AI,Critical Signal Loss (Flatline) (Loss: 0.00),High
2026-01-07 15:38:04,Physical Anomaly,ECG AI,Critical Signal Loss (Flatline) (Loss: 0.00),High
2026-01-07 15:38:04,Physical Anomaly,ECG AI,Critical Signal Loss (Flatline) (Loss: 0.00),High
2026-01-07 15:38:04,Physical Anomaly,ECG AI,Critical Signal Loss (Flatline) (Loss: 0.00),High
2026-01-07 15:38:05,Physical Anomaly,ECG AI,Critical Signal Loss (Flatline) (Loss: 0.00),High
2026-01-07 15:38:05,Physical Anomaly,ECG AI,Critical Signal Loss (Flatline) (Loss: 0.00),High
2026-01-07 15:38:05,Physical Anomaly,ECG AI,Critical Signal Loss (Flatline) (Loss: 0.00),High
2026-01-07 15:38:05,Physical Anomaly,ECG AI,Critical Signal Loss (Flatline) (Loss: 0.00),High
2026-01-07 15:38:05,Physical Anomaly,ECG AI,Critical Signal Loss (Flatline) (Loss: 0.00),High
2026-01-07 15:38:05,Physical Anomaly,ECG AI,Critical Signal Loss (Flatline) (Loss: 0.00),High
2026-01-07 15:38:05,Physical Anomaly,ECG AI,Critical Signal Loss (Flatline) (Loss: 0.00),High
2026-01-07 15:38:05,Physical Anomaly,ECG AI,Critical Signal Loss (Flatline) (Loss: 0.00),High
2026-01-07 15:38:05,Physical Anomaly,ECG AI,Critical Signal Loss (Flatline) (Loss: 0.00),High
2026-01-07 15:38:05,Physical Anomaly,ECG AI,Critical Signal Loss (Flatline) (Loss: 0.00),High
2026-01-07 15:38:05,Physical Anomaly,ECG AI,Critical Signal Loss (Flatline) (Loss: 0.00),High
2026-01-07 15:38:05,Physical Anomaly,ECG AI,Critical Signal Loss (Flatline) (Loss: 0.00),High
2026-01-07 15:38:05,Physical Anomaly,ECG AI,Critical Signal Loss (Flatline) (Loss: 0.00),High
2026-01-07 15:38:05,Physical Anomaly,ECG AI,Critical Signal Loss (Flatline) (Loss: 0.00),High
2026-01-07 15:38:05,Physical Anomaly,ECG AI,Critical Signal Loss (Flatline) (Loss: 0.00),High
2026-01-07 15:38:05,Physical Anomaly,ECG AI,Critical Signal Loss (Flatline) (Loss: 0.00),High
2026-01-07 15:38:05,Physical Anomaly,ECG AI,Critical Signal Loss (Flatline) (Loss: 0.00),High
2026-01-07 15:38:05,Physical Anomaly,ECG AI,Critical Signal Loss (Flatline) (Loss: 0.00),High
2026-01-07 15:38:05,Physical Anomaly,ECG AI,Critical Signal Loss (Flatline) (Loss: 0.00),High
2026-01-07 15:38:06,Physical Anomaly,ECG AI,Critical Signal Loss (Flatline) (Loss: 0.00),High
2026-01-07 15:38:06,Physical Anomaly,ECG AI,Critical Signal Loss (Flatline) (Loss: 0.00),High
2026-01-07 15:38:06,Physical Anomaly,ECG AI,Critical Signal Loss (Flatline) (Loss: 0.00),High
2026-01-07 15:38:06,Physical Anomaly,ECG AI,Critical Signal Loss (Flatline) (Loss: 0.00),High
2026-01-07 15:38:06,Physical Anomaly,ECG AI,Critical Signal Loss (Flatline) (Loss: 0.00),High
2026-01-07 15:38:06,Physical Anomaly,ECG AI,Critical Signal Loss (Flatline) (Loss: 0.00),High
2026-01-07 15:38:06,Physical Anomaly,ECG AI,Critical Signal Loss (Flatline) (Loss: 0.00),High
2026-01-07 15:38:06,Physical Anomaly,ECG AI,Critical Signal Loss (Flatline) (Loss: 0.00),High
2026-01-07 15:38:06,Physical Anomaly,ECG AI,Critical Signal Loss (Flatline) (Loss: 0.00),High
2026-01-07 15:38:06,Physical Anomaly,ECG AI,Critical Signal Loss (Flatline) (Loss: 0.00),High
2026-01-07 15:38:07,Physical Anomaly,ECG AI,Critical Signal Loss (Flatline) (Loss: 0.00),High
2026-01-07 15:38:07,Physical Anomaly,ECG AI,Critical Signal Loss (Flatline) (Loss: 0.00),High
2026-01-07 15:38:07,Physical Anomaly,ECG AI,Critical Signal Loss (Flatline) (Loss: 0.00),High
2026-01-07 15:38:07,Physical Anomaly,ECG AI,Critical Signal Loss (Flatline) (Loss: 0.00),High
2026-01-07 15:38:07,Physical Anomaly,ECG AI,Critical Signal Loss (Flatline) (Loss: 0.00),High
2026-01-07 15:38:07,Physical Anomaly,ECG AI,Critical Signal Loss (Flatline) (Loss: 0.00),High
2026-01-07 15:38:07,Physical Anomaly,ECG AI,Critical Signal Loss (Flatline) (Loss: 0.00),High
2026-01-07 15:38:07,Physical Anomaly,ECG AI,Critical Signal Loss (Flatline) (Loss: 0.00),High
2026-01-07 15:38:07,Physical Anomaly,ECG AI,Critical Signal Loss (Flatline) (Loss: 0.00),High
2026-01-07 15:38:08,Physical Anomaly,ECG AI,Critical Signal Loss (Flatline) (Loss: 0.00),High
2026-01-07 15:38:08,Physical Anomaly,ECG AI,Critical Signal Loss (Flatline) (Loss: 0.00),High
2026-01-07 15:38:08,Physical Anomaly,ECG AI,Critical Signal Loss (Flatline) (Loss: 0.00),High
2026-01-07 15:38:08,Physical Anomaly,ECG AI,Critical Signal Loss (Flatline) (Loss: 0.00),High
2026-01-07 15:38:08,Physical Anomaly,ECG AI,Critical Signal Loss (Flatline) (Loss: 0.00),High
2026-01-07 15:38:08,Physical Anomaly,ECG AI,Critical Signal Loss (Flatline) (Loss: 0.00),High
2026-01-07 15:38:08,Physical Anomaly,ECG AI,Critical Signal Loss (Flatline) (Loss: 0.00),High
2026-01-07 15:38:08,Physical Anomaly,ECG AI,Critical Signal Loss (Flatline) (Loss: 0.00),High
2026-01-07 15:38:08,Physical Anomaly,ECG AI,Critical Signal Loss (Flatline) (Loss: 0.00),High
2026-01-07 15:38:09,Physical Anomaly,ECG AI,Critical Signal Loss (Flatline) (Loss: 0.00),High
2026-01-07 15:38:09,Physical Anomaly,ECG AI,Critical Signal Loss (Flatline) (Loss: 0.00),High
2026-01-07 15:38:09,Physical Anomaly,ECG AI,Critical Signal Loss (Flatline) (Loss: 0.00),High
2026-01-07 15:38:09,Physical Anomaly,ECG AI,Critical Signal Loss (Flatline) (Loss: 0.00),High
2026-01-07 15:38:09,Physical Anomaly,ECG AI,Critical Signal Loss (Flatline) (Loss: 0.00),High
2026-01-07 15:38:09,Physical Anomaly,ECG AI,Critical Signal Loss (Flatline) (Loss: 0.00),High
2026-01-07 15:38:09,Physical Anomaly,ECG AI,Critical Signal Loss (Flatline) (Loss: 0.00),High
2026-01-07 15:38:09,Physical Anomaly,ECG AI,Critical Signal Loss (Flatline) (Loss: 0.00),High
2026-01-07 15:38:09,Physical Anomaly,ECG AI,Critical Signal Loss (Flatline) (Loss: 0.00),High
2026-01-07 15:38:09,Physical Anomaly,ECG AI,Critical Signal Loss (Flatline) (Loss: 0.00),High
2026-01-07 15:38:09,Physical Anomaly,ECG AI,Critical Signal Loss (Flatline) (Loss: 0.00),High
2026-01-07 15:38:09,Physical Anomaly,ECG AI,Critical Signal Loss (Flatline) (Loss: 0.00),High
2026-01-07 15:38:09,Physical Anomaly,ECG AI,Critical Signal Loss (Flatline) (Loss: 0.00),High
2026-01-07 15:38:09,Physical Anomaly,ECG AI,Critical Signal Loss (Flatline) (Loss: 0.00),High
2026-01-07 15:38:09,Physical Anomaly,ECG AI,Critical Signal Loss (Flatline) (Loss: 0.00),High
2026-01-07 15:38:09,Physical Anomaly,ECG AI,Critical Signal Loss (Flatline) (Loss: 0.00),High
2026-01-07 15:38:09,Physical Anomaly,ECG AI,Critical Signal Loss (Flatline) (Loss: 0.00),High
2026-01-07 15:38:09,Physical Anomaly,ECG AI,Critical Signal Loss (Flatline) (Loss: 0.00),High
2026-01-07 15:38:10,Physical Anomaly,ECG AI,Critical Signal Loss (Flatline) (Loss: 0.00),High
2026-01-07 15:38:10,Physical Anomaly,ECG AI,Critical Signal Loss (Flatline) (Loss: 0.00),High
2026-01-07 15:38:10,Physical Anomaly,ECG AI,Critical Signal Loss (Flatline) (Loss: 0.00),High
2026-01-07 15:38:10,Physical Anomaly,ECG AI,Critical Signal Loss (Flatline) (Loss: 0.00),High
2026-01-07 15:38:10,Physical Anomaly,ECG AI,Critical Signal Loss (Flatline) (Loss: 0.00),High
2026-01-07 15:38:10,Physical Anomaly,ECG AI,Critical Signal Loss (Flatline) (Loss: 0.00),High
2026-01-07 15:38:10,Physical Anomaly,ECG AI,Critical Signal Loss (Flatline) (Loss: 0.00),High
2026-01-07 15:38:10,Physical Anomaly,ECG AI,Critical Signal Loss (Flatline) (Loss: 0.00),High
2026-01-07 15:38:10,Physical Anomaly,ECG AI,Critical Signal Loss (Flatline) (Loss: 0.00),High
2026-01-07 15:38:11,Physical Anomaly,ECG AI,Critical Signal Loss (Flatline) (Loss: 0.00),High
2026-01-07 15:38:11,Physical Anomaly,ECG AI,Critical Signal Loss (Flatline) (Loss: 0.00),High
2026-01-07 15:38:11,Physical Anomaly,ECG AI,Critical Signal Loss (Flatline) (Loss: 0.00),High
2026-01-07 15:38:11,Physical Anomaly,ECG AI,Critical Signal Loss (Flatline) (Loss: 0.00),High
2026-01-07 15:38:11,Physical Anomaly,ECG AI,Critical Signal Loss (Flatline) (Loss: 0.00),High
2026-01-07 15:38:11,Physical Anomaly,ECG AI,Critical Signal Loss (Flatline) (Loss: 0.00),High
2026-01-07 15:38:11,Physical Anomaly,ECG AI,Critical Signal Loss (Flatline) (Loss: 0.00),High
2026-01-07 15:38:11,Physical Anomaly,ECG AI,Critical Signal Loss (Flatline) (Loss: 0.00),High
2026-01-07 15:38:11,Physical Anomaly,ECG AI,Critical Signal Loss (Flatline) (Loss: 0.00),High
2026-01-07 15:38:12,Physical Anomaly,ECG AI,Critical Signal Loss (Flatline) (Loss: 0.00),High
2026-01-07 15:38:12,Physical Anomaly,ECG AI,Critical Signal Loss (Flatline) (Loss: 0.00),High
2026-01-07 15:38:12,Physical Anomaly,ECG AI,Critical Signal Loss (Flatline) (Loss: 0.00),High
2026-01-07 15:38:12,Physical Anomaly,ECG AI,Critical Signal Loss (Flatline) (Loss: 0.00),High
2026-01-07 15:38:12,Physical Anomaly,ECG AI,Critical Signal Loss (Flatline) (Loss: 0.00),High
2026-01-07 15:38:12,Physical Anomaly,ECG AI,Critical Signal Loss (Flatline) (Loss: 0.00),High
2026-01-07 15:38:12,Physical Anomaly,ECG AI,Critical Signal Loss (Flatline) (Loss: 0.00),High
2026-01-07 15:38:12,Physical Anomaly,ECG AI,Critical Signal Loss (Flatline) (Loss: 0.00),High
2026-01-07 15:38:12,Physical Anomaly,ECG AI,Critical Signal Loss (Flatline) (Loss: 0.00),High
2026-01-07 15:38:12,Physical Anomaly,ECG AI,Critical Signal Loss (Flatline) (Loss: 0.00),High
2026-01-07 15:38:12,Physical Anomaly,ECG AI,Critical Signal Loss (Flatline) (Loss: 0.00),High
2026-01-07 15:38:12,Physical Anomaly,ECG AI,Critical Signal Loss (Flatline) (Loss: 0.00),High
2026-01-07 15:38:12,Physical Anomaly,ECG AI,Critical Signal Loss (Flatline) (Loss: 0.00),High
2026-01-07 15:38:12,Physical Anomaly,ECG AI,Critical Signal Loss (Flatline) (Loss: 0.00),High
2026-01-07 15:38:12,Physical Anomaly,ECG AI,Critical Signal Loss (Flatline) (Loss: 0.00),High
2026-01-07 15:38:12,Physical Anomaly,ECG AI,Critical Signal Loss (Flatline) (Loss: 0.00),High
2026-01-07 15:38:12,Physical Anomaly,ECG AI,Critical Signal Loss (Flatline) (Loss: 0.00),High
2026-01-07 15:38:12,Physical Anomaly,ECG AI,Critical Signal Loss (Flatline) (Loss: 0.00),High
2026-01-07 15:38:13,Physical Anomaly,ECG AI,Critical Signal Loss (Flatline) (Loss: 0.00),High
2026-01-07 15:38:13,Physical Anomaly,ECG AI,Critical Signal Loss (Flatline) (Loss: 0.00),High
2026-01-07 15:38:13,Physical Anomaly,ECG AI,Critical Signal Loss (Flatline) (Loss: 0.00),High
2026-01-07 15:38:13,Physical Anomaly,ECG AI,Critical Signal Loss (Flatline) (Loss: 0.00),High
2026-01-07 15:38:13,Physical Anomaly,ECG AI,Critical Signal Loss (Flatline) (Loss: 0.00),High
2026-01-07 15:38:13,Physical Anomaly,ECG AI,Critical Signal Loss (Flatline) (Loss: 0.00),High
2026-01-07 15:38:13,Physical Anomaly,ECG AI,Critical Signal Loss (Flatline) (Loss: 0.00),High
2026-01-07 15:38:13,Physical Anomaly,ECG AI,Critical Signal Loss (Flatline) (Loss: 0.00),High
2026-01-07 15:38:13,Physical Anomaly,ECG AI,Critical Signal Loss (Flatline) (Loss: 0.00),High
2026-01-07 15:38:14,Physical Anomaly,ECG AI,Critical Signal Loss (Flatline) (Loss: 0.00),High
2026-01-07 15:38:14,Physical Anomaly,ECG AI,Critical Signal Loss (Flatline) (Loss: 0.00),High
2026-01-07 15:38:14,Physical Anomaly,ECG AI,Critical Signal Loss (Flatline) (Loss: 0.00),High
2026-01-07 15:38:14,Physical Anomaly,ECG AI,Critical Signal Loss (Flatline) (Loss: 0.00),High
2026-01-07 15:38:14,Physical Anomaly,ECG AI,Critical Signal Loss (Flatline) (Loss: 0.00),High
2026-01-07 15:38:14,Physical Anomaly,ECG AI,Critical Signal Loss (Flatline) (Loss: 0.00),High
2026-01-07 15:38:14,Physical Anomaly,ECG AI,Critical Signal Loss (Flatline) (Loss: 0.00),High
2026-01-07 15:38:14,Physical Anomaly,ECG AI,Critical Signal Loss (Flatline) (Loss: 0.00),High
2026-01-07 15:38:14,Physical Anomaly,ECG AI,Critical Signal Loss (Flatline) (Loss: 0.00),High
2026-01-07 15:38:15,Physical Anomaly,ECG AI,Critical Signal Loss (Flatline) (Loss: 0.00),High
2026-01-07 15:38:15,Physical Anomaly,ECG AI,Critical Signal Loss (Flatline) (Loss: 0.00),High
2026-01-07 15:38:15,Physical Anomaly,ECG AI,Critical Signal Loss (Flatline) (Loss: 0.00),High
2026-01-07 15:38:15,Physical Anomaly,ECG AI,Critical Signal Loss (Flatline) (Loss: 0.00),High
2026-01-07 15:38:15,Physical Anomaly,ECG AI,Critical Signal Loss (Flatline) (Loss: 0.00),High
2026-01-07 15:38:15,Physical Anomaly,ECG AI,Critical Signal Loss (Flatline) (Loss: 0.00),High
2026-01-07 15:38:15,Physical Anomaly,ECG AI,Critical Signal Loss (Flatline) (Loss: 0.00),High
2026-01-07 15:38:15,Physical Anomaly,ECG AI,Critical Signal Loss (Flatline) (Loss: 0.00),High
2026-01-07 15:38:15,Physical Anomaly,ECG AI,Critical Signal Loss (Flatline) (Loss: 0.00),High
2026-01-07 15:38:15,Physical Anomaly,ECG AI,Critical Signal Loss (Flatline) (Loss: 0.00),High
2026-01-07 15:38:15,Physical Anomaly,ECG AI,Critical Signal Loss (Flatline) (Loss: 0.00),High
2026-01-07 15:38:15,Physical Anomaly,ECG AI,Critical Signal Loss (Flatline) (Loss: 0.00),High
2026-01-07 15:38:15,Physical Anomaly,ECG AI,Critical Signal Loss (Flatline) (Loss: 0.00),High
2026-01-07 15:38:15,Physical Anomaly,ECG AI,Critical Signal Loss (Flatline) (Loss: 0.00),High
2026-01-07 15:38:15,Physical Anomaly,ECG AI,Critical Signal Loss (Flatline) (Loss: 0.00),High
2026-01-07 15:38:16,Physical Anomaly,ECG AI,Critical Signal Loss (Flatline) (Loss: 0.00),High
2026-01-07 15:38:16,Physical Anomaly,ECG AI,Critical Signal Loss (Flatline) (Loss: 0.00),High
2026-01-07 15:38:16,Physical Anomaly,ECG AI,Critical Signal Loss (Flatline) (Loss: 0.00),High
2026-01-07 15:38:16,Physical Anomaly,ECG AI,Critical Signal Loss (Flatline) (Loss: 0.00),High
2026-01-07 15:38:16,Physical Anomaly,ECG AI,Critical Signal Loss (Flatline) (Loss: 0.00),High
2026-01-07 15:38:16,Physical Anomaly,ECG AI,Critical Signal Loss (Flatline) (Loss: 0.00),High
2026-01-07 15:38:16,Physical Anomaly,ECG AI,Critical Signal Loss (Flatline) (Loss: 0.00),High
2026-01-07 15:38:16,Physical Anomaly,ECG AI,Critical Signal Loss (Flatline) (Loss: 0.00),High
2026-01-07 15:38:16,Physical Anomaly,ECG AI,Critical Signal Loss (Flatline) (Loss: 0.00),High
2026-01-07 15:38:16,Physical Anomaly,ECG AI,Critical Signal Loss (Flatline) (Loss: 0.00),High
2026-01-07 15:38:16,Physical Anomaly,ECG AI,Critical Signal Loss (Flatline) (Loss: 0.00),High
2026-01-07 15:38:17,Physical Anomaly,ECG AI,Critical Signal Loss (Flatline) (Loss: 0.00),High
2026-01-07 15:38:17,Physical Anomaly,ECG AI,Critical Signal Loss (Flatline) (Loss: 0.00),High
2026-01-07 15:38:17,Physical Anomaly,ECG AI,Critical Signal Loss (Flatline) (Loss: 0.00),High
2026-01-07 15:38:17,Physical Anomaly,ECG AI,Critical Signal Loss (Flatline) (Loss: 0.00),High
2026-01-07 15:38:17,Physical Anomaly,ECG AI,Critical Signal Loss (Flatline) (Loss: 0.00),High
2026-01-07 15:38:17,Physical Anomaly,ECG AI,Critical Signal Loss (Flatline) (Loss: 0.00),High
2026-01-07 15:38:17,Physical Anomaly,ECG AI,Critical Signal Loss (Flatline) (Loss: 0.00),High
2026-01-07 15:38:17,Physical Anomaly,ECG AI,Critical Signal Loss (Flatline) (Loss: 0.00),High
2026-01-07 15:38:17,Physical Anomaly,ECG AI,Critical Signal Loss (Flatline) (Loss: 0.00),High
2026-01-07 15:38:17,Physical Anomaly,ECG AI,Critical Signal Loss (Flatline) (Loss: 0.00),High
2026-01-07 15:38:17,Physical Anomaly,ECG AI,Critical Signal Loss (Flatline) (Loss: 0.00),High
2026-01-07 15:38:17,Physical Anomaly,ECG AI,Critical Signal Loss (Flatline) (Loss: 0.00),High
2026-01-07 15:38:18,Physical Anomaly,ECG AI,Critical Signal Loss (Flatline) (Loss: 0.00),High
2026-01-07 15:38:18,Physical Anomaly,ECG AI,Critical Signal Loss (Flatline) (Loss: 0.00),High
2026-01-07 15:38:18,Physical Anomaly,ECG AI,Critical Signal Loss (Flatline) (Loss: 0.00),High
2026-01-07 15:38:18,Physical Anomaly,ECG AI,Critical Signal Loss (Flatline) (Loss: 0.00),High
2026-01-07 15:38:18,Physical Anomaly,ECG AI,Critical Signal Loss (Flatline) (Loss: 0.00),High
2026-01-07 15:38:18,Physical Anomaly,ECG AI,Critical Signal Loss (Flatline) (Loss: 0.00),High
2026-01-07 15:38:19,Physical Anomaly,ECG AI,Critical Signal Loss (Flatline) (Loss: 0.00),High
2026-01-07 15:38:19,Physical Anomaly,ECG AI,Critical Signal Loss (Flatline) (Loss: 0.00),High
2026-01-07 15:38:19,Physical Anomaly,ECG AI,Critical Signal Loss (Flatline) (Loss: 0.00),High
2026-01-07 15:38:19,Physical Anomaly,ECG AI,Critical Signal Loss (Flatline) (Loss: 0.00),High
2026-01-07 15:38:19,Physical Anomaly,ECG AI,Critical Signal Loss (Flatline) (Loss: 0.00),High
2026-01-07 15:38:19,Physical Anomaly,ECG AI,Critical Signal Loss (Flatline) (Loss: 0.00),High
2026-01-07 15:38:19,Physical Anomaly,ECG AI,Critical Signal Loss (Flatline) (Loss: 0.00),High
2026-01-07 15:38:19,Physical Anomaly,ECG AI,Critical Signal Loss (Flatline) (Loss: 0.00),High
2026-01-07 15:38:19,Physical Anomaly,ECG AI,Critical Signal Loss (Flatline) (Loss: 0.00),High
2026-01-07 15:38:19,Physical Anomaly,ECG AI,Critical Signal Loss (Flatline) (Loss: 0.00),High
2026-01-07 15:38:19,Physical Anomaly,ECG AI,Critical Signal Loss (Flatline) (Loss: 0.00),High
2026-01-07 15:38:19,Physical Anomaly,ECG AI,Critical Signal Loss (Flatline) (Loss: 0.00),High
2026-01-07 15:38:19,Physical Anomaly,ECG AI,Critical Signal Loss (Flatline) (Loss: 0.00),High
2026-01-07 15:38:19,Physical Anomaly,ECG AI,Critical Signal Loss (Flatline) (Loss: 0.00),High
2026-01-07 15:38:19,Physical Anomaly,ECG AI,Critical Signal Loss (Flatline) (Loss: 0.00),High
2026-01-07 15:38:19,Physical Anomaly,ECG AI,Critical Signal Loss (Flatline) (Loss: 0.00),High
2026-01-07 15:38:19,Physical Anomaly,ECG AI,Critical Signal Loss (Flatline) (Loss: 0.00),High
2026-01-07 15:38:20,Physical Anomaly,ECG AI,Critical Signal Loss (Flatline) (Loss: 0.00),High
2026-01-07 15:38:20,Physical Anomaly,ECG AI,Critical Signal Loss (Flatline) (Loss: 0.00),High
2026-01-07 15:38:20,Physical Anomaly,ECG AI,Critical Signal Loss (Flatline) (Loss: 0.00),High
2026-01-07 15:38:20,Physical Anomaly,ECG AI,Critical Signal Loss (Flatline) (Loss: 0.00),High
2026-01-07 15:38:20,Physical Anomaly,ECG AI,Critical Signal Loss (Flatline) (Loss: 0.00),High
2026-01-07 15:38:20,Physical Anomaly,ECG AI,Critical Signal Loss (Flatline) (Loss: 0.00),High
2026-01-07 15:38:20,Physical Anomaly,ECG AI,Critical Signal Loss (Flatline) (Loss: 0.00),High
2026-01-07 15:38:20,Physical Anomaly,ECG AI,Critical Signal Loss (Flatline) (Loss: 0.00),High
2026-01-07 15:38:20,Physical Anomaly,ECG AI,Critical Signal Loss (Flatline) (Loss: 0.00),High
2026-01-07 15:38:21,Physical Anomaly,ECG AI,Critical Signal Loss (Flatline) (Loss: 0.00),High
2026-01-07 15:38:21,Physical Anomaly,ECG AI,Critical Signal Loss (Flatline) (Loss: 0.00),High
2026-01-07 15:38:21,Physical Anomaly,ECG AI,Critical Signal Loss (Flatline) (Loss: 0.00),High
2026-01-07 15:38:21,Physical Anomaly,ECG AI,Critical Signal Loss (Flatline) (Loss: 0.00),High
2026-01-07 15:38:21,Physical Anomaly,ECG AI,Critical Signal Loss (Flatline) (Loss: 0.00),High
2026-01-07 15:38:21,Physical Anomaly,ECG AI,Critical Signal Loss (Flatline) (Loss: 0.00),High
2026-01-07 15:38:21,Physical Anomaly,ECG AI,Critical Signal Loss (Flatline) (Loss: 0.00),High
2026-01-07 15:38:21,Physical Anomaly,ECG AI,Critical Signal Loss (Flatline) (Loss: 0.00),High
2026-01-07 15:38:22,Physical Anomaly,ECG AI,Critical Signal Loss (Flatline) (Loss: 0.00),High
2026-01-07 15:38:22,Physical Anomaly,ECG AI,Critical Signal Loss (Flatline) (Loss: 0.00),High
2026-01-07 15:38:22,Physical Anomaly,ECG AI,Critical Signal Loss (Flatline) (Loss: 0.00),High
2026-01-07 15:38:22,Physical Anomaly,ECG AI,Critical Signal Loss (Flatline) (Loss: 0.00),High
2026-01-07 15:38:22,Physical Anomaly,ECG AI,Critical Signal Loss (Flatline) (Loss: 0.00),High
2026-01-07 15:38:22,Physical Anomaly,ECG AI,Critical Signal Loss (Flatline) (Loss: 0.00),High
2026-01-07 15:38:22,Physical Anomaly,ECG AI,Critical Signal Loss (Flatline) (Loss: 0.00),High
2026-01-07 15:38:22,Physical Anomaly,ECG AI,Critical Signal Loss (Flatline) (Loss: 0.00),High
2026-01-07 15:38:22,Physical Anomaly,ECG AI,Critical Signal Loss (Flatline) (Loss: 0.00),High
2026-01-07 15:38:22,Physical Anomaly,ECG AI,Critical Signal Loss (Flatline) (Loss: 0.00),High
2026-01-07 15:38:22,Physical Anomaly,ECG AI,Critical Signal Loss (Flatline) (Loss: 0.00),High
2026-01-07 15:38:22,Physical Anomaly,ECG AI,Critical Signal Loss (Flatline) (Loss: 0.00),High
2026-01-07 15:38:22,Physical Anomaly,ECG AI,Critical Signal Loss (Flatline) (Loss: 0.00),High
2026-01-07 15:38:22,Physical Anomaly,ECG AI,Critical Signal Loss (Flatline) (Loss: 0.00),High
2026-01-07 15:38:22,Physical Anomaly,ECG AI,Critical Signal Loss (Flatline) (Loss: 0.00),High
2026-01-07 15:38:22,Physical Anomaly,ECG AI,Critical Signal Loss (Flatline) (Loss: 0.00),High
2026-01-07 15:38:22,Physical Anomaly,ECG AI,Critical Signal Loss (Flatline) (Loss: 0.00),High
2026-01-07 15:38:22,Physical Anomaly,ECG AI,Critical Signal Loss (Flatline) (Loss: 0.00),High
2026-01-07 15:38:23,Physical Anomaly,ECG AI,Critical Signal Loss (Flatline) (Loss: 0.00),High
2026-01-07 15:38:23,Physical Anomaly,ECG AI,Critical Signal Loss (Flatline) (Loss: 0.00),High
2026-01-07 15:38:23,Physical Anomaly,ECG AI,Critical Signal Loss (Flatline) (Loss: 0.00),High
2026-01-07 15:38:23,Physical Anomaly,ECG AI,Critical Signal Loss (Flatline) (Loss: 0.00),High
2026-01-07 15:38:23,Physical Anomaly,ECG AI,Critical Signal Loss (Flatline) (Loss: 0.00),High
2026-01-07 15:38:23,Physical Anomaly,ECG AI,Critical Signal Loss (Flatline) (Loss: 0.00),High
2026-01-07 15:38:23,Physical Anomaly,ECG AI,Critical Signal Loss (Flatline) (Loss: 0.00),High
2026-01-07 15:38:23,Physical Anomaly,ECG AI,Critical Signal Loss (Flatline) (Loss: 0.00),High
2026-01-07 15:38:23,Physical Anomaly,ECG AI,Critical Signal Loss (Flatline) (Loss: 0.00),High
2026-01-07 15:38:24,Physical Anomaly,ECG AI,Critical Signal Loss (Flatline) (Loss: 0.00),High
2026-01-07 15:38:24,Physical Anomaly,ECG AI,Critical Signal Loss (Flatline) (Loss: 0.00),High
2026-01-07 15:38:24,Physical Anomaly,ECG AI,Critical Signal Loss (Flatline) (Loss: 0.00),High
2026-01-07 15:38:24,Physical Anomaly,ECG AI,Critical Signal Loss (Flatline) (Loss: 0.00),High
2026-01-07 15:38:24,Physical Anomaly,ECG AI,Critical Signal Loss (Flatline) (Loss: 0.00),High
2026-01-07 15:38:24,Physical Anomaly,ECG AI,Critical Signal Loss (Flatline) (Loss: 0.00),High
2026-01-07 15:38:24,Physical Anomaly,ECG AI,Critical Signal Loss (Flatline) (Loss: 0.00),High
2026-01-07 15:38:24,Physical Anomaly,ECG AI,Critical Signal Loss (Flatline) (Loss: 0.00),High
2026-01-07 15:38:24,Physical Anomaly,ECG AI,Critical Signal Loss (Flatline) (Loss: 0.00),High
2026-01-07 15:38:25,Physical Anomaly,ECG AI,Critical Signal Loss (Flatline) (Loss: 0.00),High
2026-01-07 15:38:25,Physical Anomaly,ECG AI,Critical Signal Loss (Flatline) (Loss: 0.00),High
2026-01-07 15:38:25,Physical Anomaly,ECG AI,Critical Signal Loss (Flatline) (Loss: 0.00),High
2026-01-07 15:38:25,Physical Anomaly,ECG AI,Critical Signal Loss (Flatline) (Loss: 0.00),High
2026-01-07 15:38:25,Physical Anomaly,ECG AI,Critical Signal Loss (Flatline) (Loss: 0.00),High
2026-01-07 15:38:25,Physical Anomaly,ECG AI,Critical Signal Loss (Flatline) (Loss: 0.00),High
2026-01-07 15:38:25,Physical Anomaly,ECG AI,Critical Signal Loss (Flatline) (Loss: 0.00),High
2026-01-07 15:38:25,Physical Anomaly,ECG AI,Critical Signal Loss (Flatline) (Loss: 0.00),High
2026-01-07 15:38:25,Physical Anomaly,ECG AI,Critical Signal Loss (Flatline) (Loss: 0.00),High
2026-01-07 15:38:25,Physical Anomaly,ECG AI,Critical Signal Loss (Flatline) (Loss: 0.00),High
2026-01-07 15:38:25,Physical Anomaly,ECG AI,Critical Signal Loss (Flatline) (Loss: 0.00),High
2026-01-07 15:38:25,Physical Anomaly,ECG AI,Critical Signal Loss (Flatline) (Loss: 0.00),High
2026-01-07 15:38:25,Physical Anomaly,ECG AI,Critical Signal Loss (Flatline) (Loss: 0.00),High
2026-01-07 15:38:25,Physical Anomaly,ECG AI,Critical Signal Loss (Flatline) (Loss: 0.00),High
2026-01-07 15:38:25,Physical Anomaly,ECG AI,Critical Signal Loss (Flatline) (Loss: 0.00),High
2026-01-07 15:38:26,Physical Anomaly,ECG AI,Critical Signal Loss (Flatline) (Loss: 0.00),High
2026-01-07 15:38:26,Physical Anomaly,ECG AI,Critical Signal Loss (Flatline) (Loss: 0.00),High
2026-01-07 15:38:26,Physical Anomaly,ECG AI,Critical Signal Loss (Flatline) (Loss: 0.00),High
2026-01-07 15:38:26,Physical Anomaly,ECG AI,Critical Signal Loss (Flatline) (Loss: 0.00),High
2026-01-07 15:38:26,Physical Anomaly,ECG AI,Critical Signal Loss (Flatline) (Loss: 0.00),High
2026-01-07 15:38:26,Physical Anomaly,ECG AI,Critical Signal Loss (Flatline) (Loss: 0.00),High
2026-01-07 15:38:26,Physical Anomaly,ECG AI,Critical Signal Loss (Flatline) (Loss: 0.00),High
2026-01-07 15:38:26,Physical Anomaly,ECG AI,Critical Signal Loss (Flatline) (Loss: 0.00),High
2026-01-07 15:38:26,Physical Anomaly,ECG AI,Critical Signal Loss (Flatline) (Loss: 0.00),High
2026-01-07 15:38:27,Physical Anomaly,ECG AI,Critical Signal Loss (Flatline) (Loss: 0.00),High
2026-01-07 15:38:27,Physical Anomaly,ECG AI,Critical Signal Loss (Flatline) (Loss: 0.00),High
2026-01-07 15:38:27,Physical Anomaly,ECG AI,Critical Signal Loss (Flatline) (Loss: 0.00),High
2026-01-07 15:38:27,Physical Anomaly,ECG AI,Critical Signal Loss (Flatline) (Loss: 0.00),High
2026-01-07 15:38:27,Physical Anomaly,ECG AI,Critical Signal Loss (Flatline) (Loss: 0.00),High
2026-01-07 15:38:27,Physical Anomaly,ECG AI,Critical Signal Loss (Flatline) (Loss: 0.00),High
2026-01-07 15:38:27,Physical Anomaly,ECG AI,Critical Signal Loss (Flatline) (Loss: 0.00),High
2026-01-07 15:38:27,Physical Anomaly,ECG AI,Critical Signal Loss (Flatline) (Loss: 0.00),High
2026-01-07 15:38:27,Physical Anomaly,ECG AI,Critical Signal Loss (Flatline) (Loss: 0.00),High
2026-01-07 15:38:27,Physical Anomaly,ECG AI,Critical Signal Loss (Flatline) (Loss: 0.00),High
2026-01-07 15:38:27,Physical Anomaly,ECG AI,Critical Signal Loss (Flatline) (Loss: 0.00),High
2026-01-07 15:38:27,Physical Anomaly,ECG AI,Critical Signal Loss (Flatline) (Loss: 0.00),High
2026-01-07 15:38:27,Physical Anomaly,ECG AI,Critical Signal Loss (Flatline) (Loss: 0.00),High
2026-01-07 15:38:27,Physical Anomaly,ECG AI,Critical Signal Loss (Flatline) (Loss: 0.00),High
2026-01-07 15:38:27,Physical Anomaly,ECG AI,Critical Signal Loss (Flatline) (Loss: 0.00),High
2026-01-07 15:38:27,Physical Anomaly,ECG AI,Critical Signal Loss (Flatline) (Loss: 0.00),High
2026-01-07 15:38:28,Physical Anomaly,ECG AI,Critical Signal Loss (Flatline) (Loss: 0.00),High
2026-01-07 15:38:28,Physical Anomaly,ECG AI,Critical Signal Loss (Flatline) (Loss: 0.00),High
2026-01-07 15:38:28,Physical Anomaly,ECG AI,Critical Signal Loss (Flatline) (Loss: 0.00),High
2026-01-07 15:38:28,Physical Anomaly,ECG AI,Critical Signal Loss (Flatline) (Loss: 0.00),High
2026-01-07 15:38:28,Physical Anomaly,ECG AI,Critical Signal Loss (Flatline) (Loss: 0.00),High
2026-01-07 15:38:28,Physical Anomaly,ECG AI,Critical Signal Loss (Flatline) (Loss: 0.00),High
2026-01-07 15:38:28,Physical Anomaly,ECG AI,Critical Signal Loss (Flatline) (Loss: 0.00),High
2026-01-07 15:38:29,Physical Anomaly,ECG AI,Critical Signal Loss (Flatline) (Loss: 0.00),High
2026-01-07 15:38:29,Physical Anomaly,ECG AI,Critical Signal Loss (Flatline) (Loss: 0.00),High
2026-01-07 15:38:29,Physical Anomaly,ECG AI,Critical Signal Loss (Flatline) (Loss: 0.00),High
2026-01-07 15:38:29,Physical Anomaly,ECG AI,Critical Signal Loss (Flatline) (Loss: 0.00),High
2026-01-07 15:38:29,Physical Anomaly,ECG AI,Critical Signal Loss (Flatline) (Loss: 0.00),High
2026-01-07 15:38:29,Physical Anomaly,ECG AI,Critical Signal Loss (Flatline) (Loss: 0.00),High
2026-01-07 15:38:29,Physical Anomaly,ECG AI,Critical Signal Loss (Flatline) (Loss: 0.00),High
2026-01-07 15:38:29,Physical Anomaly,ECG AI,Critical Signal Loss (Flatline) (Loss: 0.00),High
2026-01-07 15:38:29,Physical Anomaly,ECG AI,Critical Signal Loss (Flatline) (Loss: 0.00),High
2026-01-07 15:38:29,Physical Anomaly,ECG AI,Critical Signal Loss (Flatline) (Loss: 0.00),High
2026-01-07 15:38:29,Physical Anomaly,ECG AI,Critical Signal Loss (Flatline) (Loss: 0.00),High
2026-01-07 15:38:29,Physical Anomaly,ECG AI,Critical Signal Loss (Flatline) (Loss: 0.00),High
2026-01-07 15:38:29,Physical Anomaly,ECG AI,Critical Signal Loss (Flatline) (Loss: 0.00),High
2026-01-07 15:38:29,Physical Anomaly,ECG AI,Critical Signal Loss (Flatline) (Loss: 0.00),High
2026-01-07 15:38:29,Physical Anomaly,ECG AI,Critical Signal Loss (Flatline) (Loss: 0.00),High
2026-01-07 15:38:30,Physical Anomaly,ECG AI,Critical Signal Loss (Flatline) (Loss: 0.00),High
2026-01-07 15:38:30,Physical Anomaly,ECG AI,Critical Signal Loss (Flatline) (Loss: 0.00),High
2026-01-07 15:38:30,Physical Anomaly,ECG AI,Critical Signal Loss (Flatline) (Loss: 0.00),High
2026-01-07 15:38:30,Physical Anomaly,ECG AI,Critical Signal Loss (Flatline) (Loss: 0.00),High
2026-01-07 15:38:30,Physical Anomaly,ECG AI,Critical Signal Loss (Flatline) (Loss: 0.00),High
2026-01-07 15:38:30,Physical Anomaly,ECG AI,Critical Signal Loss (Flatline) (Loss: 0.00),High
2026-01-07 15:38:30,Physical Anomaly,ECG AI,Critical Signal Loss (Flatline) (Loss: 0.00),High
2026-01-07 15:38:30,Physical Anomaly,ECG AI,Critical Signal Loss (Flatline) (Loss: 0.00),High
2026-01-07 15:38:30,Physical Anomaly,ECG AI,Critical Signal Loss (Flatline) (Loss: 0.00),High
2026-01-07 15:38:30,Physical Anomaly,ECG AI,Critical Signal Loss (Flatline) (Loss: 0.00),High
2026-01-07 15:38:31,Physical Anomaly,ECG AI,Critical Signal Loss (Flatline) (Loss: 0.00),High
2026-01-07 15:38:31,Physical Anomaly,ECG AI,Critical Signal Loss (Flatline) (Loss: 0.00),High
2026-01-07 15:38:31,Physical Anomaly,ECG AI,Critical Signal Loss (Flatline) (Loss: 0.00),High
2026-01-07 15:38:31,Physical Anomaly,ECG AI,Critical Signal Loss (Flatline) (Loss: 0.00),High
2026-01-07 15:38:31,Physical Anomaly,ECG AI,Critical Signal Loss (Flatline) (Loss: 0.00),High
2026-01-07 15:38:31,Physical Anomaly,ECG AI,Critical Signal Loss (Flatline) (Loss: 0.00),High
2026-01-07 15:38:31,Physical Anomaly,ECG AI,Critical Signal Loss (Flatline) (Loss: 0.00),High
2026-01-07 15:38:31,Physical Anomaly,ECG AI,Critical Signal Loss (Flatline) (Loss: 0.00),High
2026-01-07 15:38:32,Physical Anomaly,ECG AI,Critical Signal Loss (Flatline) (Loss: 0.00),High
2026-01-07 15:38:32,Physical Anomaly,ECG AI,Critical Signal Loss (Flatline) (Loss: 0.00),High
2026-01-07 15:38:32,Physical Anomaly,ECG AI,Critical Signal Loss (Flatline) (Loss: 0.00),High
2026-01-07 15:38:32,Physical Anomaly,ECG AI,Critical Signal Loss (Flatline) (Loss: 0.00),High
2026-01-07 15:38:32,Physical Anomaly,ECG AI,Critical Signal Loss (Flatline) (Loss: 0.00),High
2026-01-07 15:38:32,Physical Anomaly,ECG AI,Critical Signal Loss (Flatline) (Loss: 0.00),High
2026-01-07 15:38:32,Physical Anomaly,ECG AI,Critical Signal Loss (Flatline) (Loss: 0.00),High
2026-01-07 15:38:32,Physical Anomaly,ECG AI,Critical Signal Loss (Flatline) (Loss: 0.00),High
2026-01-07 15:38:32,Physical Anomaly,ECG AI,Critical Signal Loss (Flatline) (Loss: 0.00),High
2026-01-07 15:38:32,Physical Anomaly,ECG AI,Critical Signal Loss (Flatline) (Loss: 0.00),High
2026-01-07 15:38:32,Physical Anomaly,ECG AI,Critical Signal Loss (Flatline) (Loss: 0.00),High
2026-01-07 15:38:32,Physical Anomaly,ECG AI,Critical Signal Loss (Flatline) (Loss: 0.00),High
2026-01-07 15:38:32,Physical Anomaly,ECG AI,Critical Signal Loss (Flatline) (Loss: 0.00),High
2026-01-07 15:38:32,Physical Anomaly,ECG AI,Critical Signal Loss (Flatline) (Loss: 0.00),High
2026-01-07 15:38:32,Physical Anomaly,ECG AI,Critical Signal Loss (Flatline) (Loss: 0.00),High
2026-01-07 15:38:32,Physical Anomaly,ECG AI,Critical Signal Loss (Flatline) (Loss: 0.00),High
2026-01-07 15:38:32,Physical Anomaly,ECG AI,Critical Signal Loss (Flatline) (Loss: 0.00),High
2026-01-07 15:38:32,Physical Anomaly,ECG AI,Critical Signal Loss (Flatline) (Loss: 0.00),High
2026-01-07 15:38:33,Physical Anomaly,ECG AI,Critical Signal Loss (Flatline) (Loss: 0.00),High
2026-01-07 15:38:33,Physical Anomaly,ECG AI,Critical Signal Loss (Flatline) (Loss: 0.00),High
2026-01-07 15:38:33,Physical Anomaly,ECG AI,Critical Signal Loss (Flatline) (Loss: 0.00),High
2026-01-07 15:38:33,Physical Anomaly,ECG AI,Critical Signal Loss (Flatline) (Loss: 0.00),High
2026-01-07 15:38:33,Physical Anomaly,ECG AI,Critical Signal Loss (Flatline) (Loss: 0.00),High
2026-01-07 15:38:33,Physical Anomaly,ECG AI,Critical Signal Loss (Flatline) (Loss: 0.00),High
2026-01-07 15:38:33,Physical Anomaly,ECG AI,Critical Signal Loss (Flatline) (Loss: 0.00),High
2026-01-07 15:38:33,Physical Anomaly,ECG AI,Critical Signal Loss (Flatline) (Loss: 0.00),High
2026-01-07 15:38:33,Physical Anomaly,ECG AI,Critical Signal Loss (Flatline) (Loss: 0.00),High
2026-01-07 15:38:34,Physical Anomaly,ECG AI,Critical Signal Loss (Flatline) (Loss: 0.00),High
2026-01-07 15:38:34,Physical Anomaly,ECG AI,Critical Signal Loss (Flatline) (Loss: 0.00),High
2026-01-07 15:38:34,Physical Anomaly,ECG AI,Critical Signal Loss (Flatline) (Loss: 0.00),High
2026-01-07 15:38:34,Physical Anomaly,ECG AI,Critical Signal Loss (Flatline) (Loss: 0.00),High
2026-01-07 15:38:34,Physical Anomaly,ECG AI,Critical Signal Loss (Flatline) (Loss: 0.00),High
2026-01-07 15:38:34,Physical Anomaly,ECG AI,Critical Signal Loss (Flatline) (Loss: 0.00),High
2026-01-07 15:38:34,Physical Anomaly,ECG AI,Critical Signal Loss (Flatline) (Loss: 0.00),High
2026-01-07 15:38:34,Physical Anomaly,ECG AI,Critical Signal Loss (Flatline) (Loss: 0.00),High
2026-01-07 15:38:34,Physical Anomaly,ECG AI,Critical Signal Loss (Flatline) (Loss: 0.00),High
2026-01-07 15:38:34,Physical Anomaly,ECG AI,Critical Signal Loss (Flatline) (Loss: 0.00),High
2026-01-07 15:38:35,Physical Anomaly,ECG AI,Critical Signal Loss (Flatline) (Loss: 0.00),High
2026-01-07 15:38:35,Physical Anomaly,ECG AI,Critical Signal Loss (Flatline) (Loss: 0.00),High
2026-01-07 15:38:35,Physical Anomaly,ECG AI,Critical Signal Loss (Flatline) (Loss: 0.00),High
2026-01-07 15:38:35,Physical Anomaly,ECG AI,Critical Signal Loss (Flatline) (Loss: 0.00),High
2026-01-07 15:38:35,Physical Anomaly,ECG AI,Critical Signal Loss (Flatline) (Loss: 0.00),High
2026-01-07 15:38:35,Physical Anomaly,ECG AI,Critical Signal Loss (Flatline) (Loss: 0.00),High
2026-01-07 15:38:35,Physical Anomaly,ECG AI,Critical Signal Loss (Flatline) (Loss: 0.00),High
2026-01-07 15:38:35,Physical Anomaly,ECG AI,Critical Signal Loss (Flatline) (Loss: 0.00),High
2026-01-07 15:38:35,Physical Anomaly,ECG AI,Critical Signal Loss (Flatline) (Loss: 0.00),High
2026-01-07 15:38:36,Physical Anomaly,ECG AI,Critical Signal Loss (Flatline) (Loss: 0.00),High
2026-01-07 15:38:36,Physical Anomaly,ECG AI,Critical Signal Loss (Flatline) (Loss: 0.00),High
2026-01-07 15:38:36,Physical Anomaly,ECG AI,Critical Signal Loss (Flatline) (Loss: 0.00),High
2026-01-07 15:38:36,Physical Anomaly,ECG AI,Critical Signal Loss (Flatline) (Loss: 0.00),High
2026-01-07 15:38:36,Physical Anomaly,ECG AI,Critical Signal Loss (Flatline) (Loss: 0.00),High
2026-01-07 15:38:36,Physical Anomaly,ECG AI,Critical Signal Loss (Flatline) (Loss: 0.00),High
2026-01-07 15:38:36,Physical Anomaly,ECG AI,Critical Signal Loss (Flatline) (Loss: 0.00),High
2026-01-07 15:38:36,Physical Anomaly,ECG AI,Critical Signal Loss (Flatline) (Loss: 0.00),High
2026-01-07 15:38:36,Physical Anomaly,ECG AI,Critical Signal Loss (Flatline) (Loss: 0.00),High
2026-01-07 15:38:36,Physical Anomaly,ECG AI,Critical Signal Loss (Flatline) (Loss: 0.00),High
2026-01-07 15:38:37,Physical Anomaly,ECG AI,Critical Signal Loss (Flatline) (Loss: 0.00),High
2026-01-07 15:38:37,Physical Anomaly,ECG AI,Critical Signal Loss (Flatline) (Loss: 0.00),High
2026-01-07 15:38:37,Physical Anomaly,ECG AI,Critical Signal Loss (Flatline) (Loss: 0.00),High
2026-01-07 15:38:37,Physical Anomaly,ECG AI,Critical Signal Loss (Flatline) (Loss: 0.00),High
2026-01-07 15:38:37,Physical Anomaly,ECG AI,Critical Signal Loss (Flatline) (Loss: 0.00),High
2026-01-07 15:38:37,Physical Anomaly,ECG AI,Critical Signal Loss (Flatline) (Loss: 0.00),High
2026-01-07 15:38:37,Physical Anomaly,ECG AI,Critical Signal Loss (Flatline) (Loss: 0.00),High
2026-01-07 15:38:37,Physical Anomaly,ECG AI,Critical Signal Loss (Flatline) (Loss: 0.00),High
2026-01-07 15:38:37,Physical Anomaly,ECG AI,Critical Signal Loss (Flatline) (Loss: 0.00),High
2026-01-07 15:38:37,Physical Anomaly,ECG AI,Critical Signal Loss (Flatline) (Loss: 0.00),High
2026-01-07 15:38:37,Physical Anomaly,ECG AI,Critical Signal Loss (Flatline) (Loss: 0.00),High
2026-01-07 15:38:37,Physical Anomaly,ECG AI,Critical Signal Loss (Flatline) (Loss: 0.00),High
2026-01-07 15:38:37,Physical Anomaly,ECG AI,Critical Signal Loss (Flatline) (Loss: 0.00),High
2026-01-07 15:38:37,Physical Anomaly,ECG AI,Critical Signal Loss (Flatline) (Loss: 0.00),High
2026-01-07 15:38:37,Physical Anomaly,ECG AI,Critical Signal Loss (Flatline) (Loss: 0.00),High
2026-01-07 15:38:37,Physical Anomaly,ECG AI,Critical Signal Loss (Flatline) (Loss: 0.00),High
2026-01-07 15:38:37,Physical Anomaly,ECG AI,Critical Signal Loss (Flatline) (Loss: 0.00),High
2026-01-07 15:38:37,Physical Anomaly,ECG AI,Critical Signal Loss (Flatline) (Loss: 0.00),High
2026-01-07 15:38:37,Physical Anomaly,ECG AI,Critical Signal Loss (Flatline) (Loss: 0.00),High
2026-01-07 15:38:38,Physical Anomaly,ECG AI,Critical Signal Loss (Flatline) (Loss: 0.00),High
2026-01-07 15:38:38,Physical Anomaly,ECG AI,Critical Signal Loss (Flatline) (Loss: 0.00),High
2026-01-07 15:38:38,Physical Anomaly,ECG AI,Critical Signal Loss (Flatline) (Loss: 0.00),High
2026-01-07 15:38:38,Physical Anomaly,ECG AI,Critical Signal Loss (Flatline) (Loss: 0.00),High
2026-01-07 15:38:38,Physical Anomaly,ECG AI,Critical Signal Loss (Flatline) (Loss: 0.00),High
2026-01-07 15:38:38,Physical Anomaly,ECG AI,Critical Signal Loss (Flatline) (Loss: 0.00),High
2026-01-07 15:38:38,Physical Anomaly,ECG AI,Critical Signal Loss (Flatline) (Loss: 0.00),High
2026-01-07 15:38:38,Physical Anomaly,ECG AI,Critical Signal Loss (Flatline) (Loss: 0.00),High
2026-01-07 15:38:38,Physical Anomaly,ECG AI,Critical Signal Loss (Flatline) (Loss: 0.00),High
2026-01-07 15:38:38,Physical Anomaly,ECG AI,Critical Signal Loss (Flatline) (Loss: 0.00),High
2026-01-07 15:38:39,Physical Anomaly,ECG AI,Critical Signal Loss (Flatline) (Loss: 0.00),High
2026-01-07 15:38:39,Physical Anomaly,ECG AI,Critical Signal Loss (Flatline) (Loss: 0.00),High
2026-01-07 15:38:39,Physical Anomaly,ECG AI,Critical Signal Loss (Flatline) (Loss: 0.00),High
2026-01-07 15:38:39,Physical Anomaly,ECG AI,Critical Signal Loss (Flatline) (Loss: 0.00),High
2026-01-07 15:38:39,Physical Anomaly,ECG AI,Critical Signal Loss (Flatline) (Loss: 0.00),High
2026-01-07 15:38:39,Physical Anomaly,ECG AI,Critical Signal Loss (Flatline) (Loss: 0.00),High
2026-01-07 15:38:39,Physical Anomaly,ECG AI,Critical Signal Loss (Flatline) (Loss: 0.00),High
2026-01-07 15:38:39,Physical Anomaly,ECG AI,Critical Signal Loss (Flatline) (Loss: 0.00),High
2026-01-07 15:38:40,Physical Anomaly,ECG AI,Critical Signal Loss (Flatline) (Loss: 0.00),High
2026-01-07 15:38:40,Physical Anomaly,ECG AI,Critical Signal Loss (Flatline) (Loss: 0.00),High
2026-01-07 15:38:40,Physical Anomaly,ECG AI,Critical Signal Loss (Flatline) (Loss: 0.00),High
2026-01-07 15:38:40,Physical Anomaly,ECG AI,Critical Signal Loss (Flatline) (Loss: 0.00),High
2026-01-07 15:38:40,Physical Anomaly,ECG AI,Critical Signal Loss (Flatline) (Loss: 0.00),High
2026-01-07 15:38:40,Physical Anomaly,ECG AI,Critical Signal Loss (Flatline) (Loss: 0.00),High
2026-01-07 15:38:40,Physical Anomaly,ECG AI,Critical Signal Loss (Flatline) (Loss: 0.00),High
2026-01-07 15:38:40,Physical Anomaly,ECG AI,Critical Signal Loss (Flatline) (Loss: 0.00),High
2026-01-07 15:38:40,Physical Anomaly,ECG AI,Critical Signal Loss (Flatline) (Loss: 0.00),High
2026-01-07 15:38:40,Physical Anomaly,ECG AI,Critical Signal Loss (Flatline) (Loss: 0.00),High
2026-01-07 15:38:40,Physical Anomaly,ECG AI,Critical Signal Loss (Flatline) (Loss: 0.00),High
2026-01-07 15:38:40,Physical Anomaly,ECG AI,Critical Signal Loss (Flatline) (Loss: 0.00),High
2026-01-07 15:38:40,Physical Anomaly,ECG AI,Critical Signal Loss (Flatline) (Loss: 0.00),High
2026-01-07 15:38:40,Physical Anomaly,ECG AI,Critical Signal Loss (Flatline) (Loss: 0.00),High
2026-01-07 15:38:40,Physical Anomaly,ECG AI,Critical Signal Loss (Flatline) (Loss: 0.00),High
2026-01-07 15:38:40,Physical Anomaly,ECG AI,Critical Signal Loss (Flatline) (Loss: 0.00),High
2026-01-07 15:38:40,Physical Anomaly,ECG AI,Critical Signal Loss (Flatline) (Loss: 0.00),High
2026-01-07 15:38:40,Physical Anomaly,ECG AI,Critical Signal Loss (Flatline) (Loss: 0.00),High
2026-01-07 15:38:41,Physical Anomaly,ECG AI,Critical Signal Loss (Flatline) (Loss: 0.00),High
2026-01-07 15:38:41,Physical Anomaly,ECG AI,Critical Signal Loss (Flatline) (Loss: 0.00),High
2026-01-07 15:38:41,Physical Anomaly,ECG AI,Critical Signal Loss (Flatline) (Loss: 0.00),High
2026-01-07 15:38:41,Physical Anomaly,ECG AI,Critical Signal Loss (Flatline) (Loss: 0.00),High
2026-01-07 15:38:41,Physical Anomaly,ECG AI,Critical Signal Loss (Flatline) (Loss: 0.00),High
2026-01-07 15:38:41,Physical Anomaly,ECG AI,Critical Signal Loss (Flatline) (Loss: 0.00),High
2026-01-07 15:38:41,Physical Anomaly,ECG AI,Critical Signal Loss (Flatline) (Loss: 0.00),High
2026-01-07 15:38:41,Physical Anomaly,ECG AI,Critical Signal Loss (Flatline) (Loss: 0.00),High
2026-01-07 15:38:41,Physical Anomaly,ECG AI,Critical Signal Loss (Flatline) (Loss: 0.00),High
2026-01-07 15:38:42,Physical Anomaly,ECG AI,Critical Signal Loss (Flatline) (Loss: 0.00),High
2026-01-07 15:38:42,Physical Anomaly,ECG AI,Critical Signal Loss (Flatline) (Loss: 0.00),High
2026-01-07 15:38:42,Physical Anomaly,ECG AI,Critical Signal Loss (Flatline) (Loss: 0.00),High
2026-01-07 15:38:42,Physical Anomaly,ECG AI,Critical Signal Loss (Flatline) (Loss: 0.00),High
2026-01-07 15:38:42,Physical Anomaly,ECG AI,Critical Signal Loss (Flatline) (Loss: 0.00),High
2026-01-07 15:38:42,Physical Anomaly,ECG AI,Critical Signal Loss (Flatline) (Loss: 0.00),High
2026-01-07 15:38:42,Physical Anomaly,ECG AI,Critical Signal Loss (Flatline) (Loss: 0.00),High
2026-01-07 15:38:42,Physical Anomaly,ECG AI,Critical Signal Loss (Flatline) (Loss: 0.00),High
2026-01-07 15:38:42,Physical Anomaly,ECG AI,Critical Signal Loss (Flatline) (Loss: 0.00),High
2026-01-07 15:44:11,Physical Anomaly,ECG AI,Rate Tampering (Tachycardia) (Loss: 0.06),High
2026-01-07 15:44:11,Physical Anomaly,ECG AI,Rate Tampering (Tachycardia) (Loss: 0.06),High
2026-01-07 15:44:11,Physical Anomaly,ECG AI,Rate Tampering (Tachycardia) (Loss: 0.06),High
2026-01-07 15:44:11,Physical Anomaly,ECG AI,Rate Tampering (Tachycardia) (Loss: 0.06),High
2026-01-07 15:44:11,Physical Anomaly,ECG AI,Rate Tampering (Tachycardia) (Loss: 0.07),High
2026-01-07 15:44:11,Physical Anomaly,ECG AI,Rate Tampering (Tachycardia) (Loss: 0.07),High
2026-01-07 15:44:11,Physical Anomaly,ECG AI,Rate Tampering (Tachycardia) (Loss: 0.07),High
2026-01-07 15:44:11,Physical Anomaly,ECG AI,Rate Tampering (Tachycardia) (Loss: 0.06),High
2026-01-07 15:44:12,Physical Anomaly,ECG AI,Rate Tampering (Tachycardia) (Loss: 0.06),High
2026-01-07 15:44:12,Physical Anomaly,ECG AI,Rate Tampering (Tachycardia) (Loss: 0.07),High
2026-01-07 15:44:12,Physical Anomaly,ECG AI,Rate Tampering (Tachycardia) (Loss: 0.04),High
2026-01-07 15:44:12,Physical Anomaly,ECG AI,Rate Tampering (Tachycardia) (Loss: 0.05),High
2026-01-07 15:44:12,Physical Anomaly,ECG AI,Rate Tampering (Tachycardia) (Loss: 0.05),High
2026-01-07 15:44:13,Physical Anomaly,ECG AI,Rate Tampering (Tachycardia) (Loss: 0.05),High
2026-01-07 15:44:13,Physical Anomaly,ECG AI,Rate Tampering (Tachycardia) (Loss: 0.05),High
2026-01-07 15:44:13,Physical Anomaly,ECG AI,Rate Tampering (Tachycardia) (Loss: 0.05),High
2026-01-07 15:44:13,Physical Anomaly,ECG AI,Rate Tampering (Tachycardia) (Loss: 0.05),High
2026-01-07 15:44:13,Physical Anomaly,ECG AI,Rate Tampering (Tachycardia) (Loss: 0.04),High
2026-01-07 15:44:13,Physical Anomaly,ECG AI,Rate Tampering (Tachycardia) (Loss: 0.04),High
2026-01-07 15:44:13,Physical Anomaly,ECG AI,Rate Tampering (Tachycardia) (Loss: 0.04),High
2026-01-07 15:44:14,Physical Anomaly,ECG AI,Rate Tampering (Tachycardia) (Loss: 0.04),High
2026-01-07 15:44:14,Physical Anomaly,ECG AI,Rate Tampering (Tachycardia) (Loss: 0.04),High
2026-01-07 15:44:14,Physical Anomaly,ECG AI,Rate Tampering (Tachycardia) (Loss: 0.04),High
2026-01-07 15:44:14,Physical Anomaly,ECG AI,Rate Tampering (Tachycardia) (Loss: 0.05),High
2026-01-07 15:44:14,Physical Anomaly,ECG AI,Rate Tampering (Tachycardia) (Loss: 0.06),High
2026-01-07 15:44:15,Physical Anomaly,ECG AI,Rate Tampering (Tachycardia) (Loss: 0.06),High
2026-01-07 15:44:15,Physical Anomaly,ECG AI,Rate Tampering (Tachycardia) (Loss: 0.05),High
2026-01-07 15:44:15,Physical Anomaly,ECG AI,Rate Tampering (Tachycardia) (Loss: 0.05),High
2026-01-07 15:44:15,Physical Anomaly,ECG AI,Rate Tampering (Tachycardia) (Loss: 0.05),High
2026-01-07 15:44:15,Physical Anomaly,ECG AI,Rate Tampering (Tachycardia) (Loss: 0.05),High
2026-01-07 15:44:15,Physical Anomaly,ECG AI,Rate Tampering (Tachycardia) (Loss: 0.05),High
2026-01-07 15:44:15,Physical Anomaly,ECG AI,Rate Tampering (Tachycardia) (Loss: 0.05),High
2026-01-07 15:44:15,Physical Anomaly,ECG AI,Rate Tampering (Tachycardia) (Loss: 0.05),High
2026-01-07 15:44:15,Physical Anomaly,ECG AI,Rate Tampering (Tachycardia) (Loss: 0.05),High
2026-01-07 15:44:15,Physical Anomaly,ECG AI,Rate Tampering (Tachycardia) (Loss: 0.05),High
2026-01-07 15:44:16,Physical Anomaly,ECG AI,Rate Tampering (Tachycardia) (Loss: 0.05),High
2026-01-07 15:44:16,Physical Anomaly,ECG AI,Rate Tampering (Tachycardia) (Loss: 0.06),High
2026-01-07 15:44:16,Physical Anomaly,ECG AI,Rate Tampering (Tachycardia) (Loss: 0.05),High
2026-01-07 15:44:16,Physical Anomaly,ECG AI,Rate Tampering (Tachycardia) (Loss: 0.05),High
2026-01-07 15:44:16,Physical Anomaly,ECG AI,Rate Tampering (Tachycardia) (Loss: 0.06),High
2026-01-07 15:44:16,Physical Anomaly,ECG AI,Rate Tampering (Tachycardia) (Loss: 0.06),High
2026-01-07 15:44:16,Physical Anomaly,ECG AI,Rate Tampering (Tachycardia) (Loss: 0.06),High
2026-01-07 15:44:16,Physical Anomaly,ECG AI,Rate Tampering (Tachycardia) (Loss: 0.06),High
2026-01-07 15:44:17,Physical Anomaly,ECG AI,Rate Tampering (Tachycardia) (Loss: 0.05),High
2026-01-07 15:44:17,Physical Anomaly,ECG AI,Rate Tampering (Tachycardia) (Loss: 0.05),High
2026-01-07 15:44:17,Physical Anomaly,ECG AI,Rate Tampering (Tachycardia) (Loss: 0.05),High
2026-01-07 15:44:17,Physical Anomaly,ECG AI,Rate Tampering (Tachycardia) (Loss: 0.04),High
2026-01-07 15:44:17,Physical Anomaly,ECG AI,Rate Tampering (Tachycardia) (Loss: 0.04),High
2026-01-07 15:44:17,Physical Anomaly,ECG AI,Rate Tampering (Tachycardia) (Loss: 0.04),High
2026-01-07 15:44:17,Physical Anomaly,ECG AI,Rate Tampering (Tachycardia) (Loss: 0.04),High
2026-01-07 15:44:17,Physical Anomaly,ECG AI,Rate Tampering (Tachycardia) (Loss: 0.04),High
2026-01-07 15:44:17,Physical Anomaly,ECG AI,Rate Tampering (Tachycardia) (Loss: 0.04),High
2026-01-07 15:44:17,Physical Anomaly,ECG AI,Rate Tampering (Tachycardia) (Loss: 0.04),High
2026-01-07 15:44:17,Physical Anomaly,ECG AI,Rate Tampering (Tachycardia) (Loss: 0.04),High
2026-01-07 15:44:17,Physical Anomaly,ECG AI,Rate Tampering (Tachycardia) (Loss: 0.04),High
2026-01-07 15:44:17,Physical Anomaly,ECG AI,Rate Tampering (Tachycardia) (Loss: 0.05),High
2026-01-07 15:44:18,Physical Anomaly,ECG AI,Rate Tampering (Tachycardia) (Loss: 0.05),High
2026-01-07 15:44:18,Physical Anomaly,ECG AI,Rate Tampering (Tachycardia) (Loss: 0.04),High
2026-01-07 15:44:18,Physical Anomaly,ECG AI,Rate Tampering (Tachycardia) (Loss: 0.04),High
2026-01-07 15:44:18,Physical Anomaly,ECG AI,Rate Tampering (Tachycardia) (Loss: 0.04),High
2026-01-07 15:44:18,Physical Anomaly,ECG AI,Rate Tampering (Tachycardia) (Loss: 0.05),High
2026-01-07 15:44:18,Physical Anomaly,ECG AI,Rate Tampering (Tachycardia) (Loss: 0.06),High
2026-01-07 15:44:19,Physical Anomaly,ECG AI,Rate Tampering (Tachycardia) (Loss: 0.05),High
2026-01-07 15:44:19,Physical Anomaly,ECG AI,Rate Tampering (Tachycardia) (Loss: 0.05),High
2026-01-07 15:44:19,Physical Anomaly,ECG AI,Rate Tampering (Tachycardia) (Loss: 0.05),High
2026-01-07 15:44:19,Physical Anomaly,ECG AI,Rate Tampering (Tachycardia) (Loss: 0.05),High
2026-01-07 15:44:20,Physical Anomaly,ECG AI,Rate Tampering (Tachycardia) (Loss: 0.06),High
2026-01-07 15:44:20,Physical Anomaly,ECG AI,Rate Tampering (Tachycardia) (Loss: 0.05),High
2026-01-07 15:44:20,Physical Anomaly,ECG AI,Rate Tampering (Tachycardia) (Loss: 0.05),High
2026-01-07 15:44:20,Physical Anomaly,ECG AI,Rate Tampering (Tachycardia) (Loss: 0.05),High
2026-01-07 15:44:20,Physical Anomaly,ECG AI,Rate Tampering (Tachycardia) (Loss: 0.05),High
2026-01-07 15:44:20,Physical Anomaly,ECG AI,Rate Tampering (Tachycardia) (Loss: 0.05),High
2026-01-07 15:44:20,Physical Anomaly,ECG AI,Rate Tampering (Tachycardia) (Loss: 0.06),High
2026-01-07 15:44:20,Physical Anomaly,ECG AI,Rate Tampering (Tachycardia) (Loss: 0.04),High
2026-01-07 15:44:20,Physical Anomaly,ECG AI,Rate Tampering (Tachycardia) (Loss: 0.04),High
2026-01-07 15:44:20,Physical Anomaly,ECG AI,Rate Tampering (Tachycardia) (Loss: 0.05),High
2026-01-07 15:44:20,Physical Anomaly,ECG AI,Rate Tampering (Tachycardia) (Loss: 0.05),High
2026-01-07 15:44:21,Physical Anomaly,ECG AI,Rate Tampering (Tachycardia) (Loss: 0.06),High
2026-01-07 15:44:21,Physical Anomaly,ECG AI,Rate Tampering (Tachycardia) (Loss: 0.05),High
2026-01-07 15:44:21,Physical Anomaly,ECG AI,Rate Tampering (Tachycardia) (Loss: 0.05),High
2026-01-07 15:44:21,Physical Anomaly,ECG AI,Rate Tampering (Tachycardia) (Loss: 0.05),High
2026-01-07 15:44:21,Physical Anomaly,ECG AI,Rate Tampering (Tachycardia) (Loss: 0.05),High
2026-01-07 15:44:21,Physical Anomaly,ECG AI,Rate Tampering (Tachycardia) (Loss: 0.06),High
2026-01-07 15:44:21,Physical Anomaly,ECG AI,Rate Tampering (Tachycardia) (Loss: 0.06),High
2026-01-07 15:44:21,Physical Anomaly,ECG AI,Rate Tampering (Tachycardia) (Loss: 0.06),High
2026-01-07 15:44:22,Physical Anomaly,ECG AI,Rate Tampering (Tachycardia) (Loss: 0.06),High
2026-01-07 15:44:22,Physical Anomaly,ECG AI,Rate Tampering (Tachycardia) (Loss: 0.06),High
2026-01-07 15:44:22,Physical Anomaly,ECG AI,Rate Tampering (Tachycardia) (Loss: 0.07),High
2026-01-07 15:44:22,Physical Anomaly,ECG AI,Rate Tampering (Tachycardia) (Loss: 0.06),High
2026-01-07 15:44:22,Physical Anomaly,ECG AI,Rate Tampering (Tachycardia) (Loss: 0.06),High
2026-01-07 15:44:22,Physical Anomaly,ECG AI,Rate Tampering (Tachycardia) (Loss: 0.06),High
2026-01-07 15:44:22,Physical Anomaly,ECG AI,Rate Tampering (Tachycardia) (Loss: 0.05),High
2026-01-07 15:44:22,Physical Anomaly,ECG AI,Rate Tampering (Tachycardia) (Loss: 0.06),High
2026-01-07 15:44:22,Physical Anomaly,ECG AI,Rate Tampering (Tachycardia) (Loss: 0.05),High
2026-01-07 15:44:22,Physical Anomaly,ECG AI,Rate Tampering (Tachycardia) (Loss: 0.05),High
2026-01-07 15:44:22,Physical Anomaly,ECG AI,Rate Tampering (Tachycardia) (Loss: 0.05),High
2026-01-07 15:44:22,Physical Anomaly,ECG AI,Rate Tampering (Tachycardia) (Loss: 0.04),High
2026-01-07 15:44:22,Physical Anomaly,ECG AI,Rate Tampering (Tachycardia) (Loss: 0.05),High
2026-01-07 15:44:22,Physical Anomaly,ECG AI,Rate Tampering (Tachycardia) (Loss: 0.04),High
2026-01-07 15:44:22,Physical Anomaly,ECG AI,Rate Tampering (Tachycardia) (Loss: 0.04),High
2026-01-07 15:44:22,Physical Anomaly,ECG AI,Rate Tampering (Tachycardia) (Loss: 0.04),High
2026-01-07 15:44:22,Physical Anomaly,ECG AI,Rate Tampering (Tachycardia) (Loss: 0.04),High
2026-01-07 15:44:23,Physical Anomaly,ECG AI,Rate Tampering (Tachycardia) (Loss: 0.05),High
2026-01-07 15:44:23,Physical Anomaly,ECG AI,Rate Tampering (Tachycardia) (Loss: 0.05),High
2026-01-07 15:44:23,Physical Anomaly,ECG AI,Rate Tampering (Tachycardia) (Loss: 0.05),High
2026-01-07 15:44:23,Physical Anomaly,ECG AI,Rate Tampering (Tachycardia) (Loss: 0.06),High
2026-01-07 15:44:23,Physical Anomaly,ECG AI,Rate Tampering (Tachycardia) (Loss: 0.06),High
2026-01-07 15:44:23,Physical Anomaly,ECG AI,Rate Tampering (Tachycardia) (Loss: 0.06),High
2026-01-07 15:44:23,Physical Anomaly,ECG AI,Rate Tampering (Tachycardia) (Loss: 0.06),High
2026-01-07 15:44:23,Physical Anomaly,ECG AI,Rate Tampering (Tachycardia) (Loss: 0.06),High
2026-01-07 15:44:23,Physical Anomaly,ECG AI,Rate Tampering (Tachycardia) (Loss: 0.06),High
2026-01-07 15:44:23,Physical Anomaly,ECG AI,Rate Tampering (Tachycardia) (Loss: 0.06),High
2026-01-07 15:44:23,Physical Anomaly,ECG AI,Rate Tampering (Tachycardia) (Loss: 0.06),High
2026-01-07 15:44:24,Physical Anomaly,ECG AI,Rate Tampering (Tachycardia) (Loss: 0.05),High
2026-01-07 15:44:24,Physical Anomaly,ECG AI,Rate Tampering (Tachycardia) (Loss: 0.05),High
2026-01-07 15:44:24,Physical Anomaly,ECG AI,Rate Tampering (Tachycardia) (Loss: 0.05),High
2026-01-07 15:44:24,Physical Anomaly,ECG AI,Rate Tampering (Tachycardia) (Loss: 0.06),High
2026-01-07 15:44:24,Physical Anomaly,ECG AI,Rate Tampering (Tachycardia) (Loss: 0.06),High
2026-01-07 15:44:24,Physical Anomaly,ECG AI,Rate Tampering (Tachycardia) (Loss: 0.06),High
2026-01-07 15:44:24,Physical Anomaly,ECG AI,Rate Tampering (Tachycardia) (Loss: 0.06),High
2026-01-07 15:44:24,Physical Anomaly,ECG AI,Rate Tampering (Tachycardia) (Loss: 0.06),High
2026-01-07 15:44:24,Physical Anomaly,ECG AI,Rate Tampering (Tachycardia) (Loss: 0.06),High
2026-01-07 15:44:24,Physical Anomaly,ECG AI,Rate Tampering (Tachycardia) (Loss: 0.02),High
2026-01-07 15:44:26,Physical Anomaly,ECG AI,Critical Signal Loss (Flatline) (Loss: 0.00),High
2026-01-07 15:44:26,Physical Anomaly,ECG AI,Critical Signal Loss (Flatline) (Loss: 0.00),High
2026-01-07 15:44:26,Physical Anomaly,ECG AI,Critical Signal Loss (Flatline) (Loss: 0.00),High
2026-01-07 15:44:26,Physical Anomaly,ECG AI,Critical Signal Loss (Flatline) (Loss: 0.00),High
2026-01-07 15:44:26,Physical Anomaly,ECG AI,Critical Signal Loss (Flatline) (Loss: 0.00),High
2026-01-07 15:44:26,Physical Anomaly,ECG AI,Critical Signal Loss (Flatline) (Loss: 0.00),High
2026-01-07 15:44:26,Physical Anomaly,ECG AI,Critical Signal Loss (Flatline) (Loss: 0.00),High
2026-01-07 15:44:26,Physical Anomaly,ECG AI,Critical Signal Loss (Flatline) (Loss: 0.00),High
2026-01-07 15:44:26,Physical Anomaly,ECG AI,Critical Signal Loss (Flatline) (Loss: 0.00),High
2026-01-07 15:44:26,Physical Anomaly,ECG AI,Critical Signal Loss (Flatline) (Loss: 0.00),High
2026-01-07 15:44:26,Physical Anomaly,ECG AI,Critical Signal Loss (Flatline) (Loss: 0.00),High
2026-01-07 15:44:27,Physical Anomaly,ECG AI,Critical Signal Loss (Flatline) (Loss: 0.00),High
2026-01-07 15:44:27,Physical Anomaly,ECG AI,Critical Signal Loss (Flatline) (Loss: 0.00),High
2026-01-07 15:44:27,Physical Anomaly,ECG AI,Critical Signal Loss (Flatline) (Loss: 0.00),High
2026-01-07 15:44:27,Physical Anomaly,ECG AI,Critical Signal Loss (Flatline) (Loss: 0.00),High
2026-01-07 15:44:27,Physical Anomaly,ECG AI,Critical Signal Loss (Flatline) (Loss: 0.00),High
2026-01-07 15:44:27,Physical Anomaly,ECG AI,Critical Signal Loss (Flatline) (Loss: 0.00),High
2026-01-07 15:44:27,Physical Anomaly,ECG AI,Critical Signal Loss (Flatline) (Loss: 0.00),High
2026-01-07 15:44:27,Physical Anomaly,ECG AI,Critical Signal Loss (Flatline) (Loss: 0.00),High
2026-01-07 15:44:28,Physical Anomaly,ECG AI,Critical Signal Loss (Flatline) (Loss: 0.00),High
2026-01-07 15:44:28,Physical Anomaly,ECG AI,Critical Signal Loss (Flatline) (Loss: 0.00),High
2026-01-07 15:44:28,Physical Anomaly,ECG AI,Critical Signal Loss (Flatline) (Loss: 0.00),High
2026-01-07 15:44:28,Physical Anomaly,ECG AI,Critical Signal Loss (Flatline) (Loss: 0.00),High
2026-01-07 15:44:28,Physical Anomaly,ECG AI,Critical Signal Loss (Flatline) (Loss: 0.00),High
2026-01-07 15:44:28,Physical Anomaly,ECG AI,Critical Signal Loss (Flatline) (Loss: 0.00),High
2026-01-07 15:44:28,Physical Anomaly,ECG AI,Critical Signal Loss (Flatline) (Loss: 0.00),High
2026-01-07 15:44:28,Physical Anomaly,ECG AI,Critical Signal Loss (Flatline) (Loss: 0.00),High
2026-01-07 15:44:28,Physical Anomaly,ECG AI,Critical Signal Loss (Flatline) (Loss: 0.00),High
2026-01-07 15:44:28,Physical Anomaly,ECG AI,Critical Signal Loss (Flatline) (Loss: 0.00),High
2026-01-07 15:44:28,Physical Anomaly,ECG AI,Critical Signal Loss (Flatline) (Loss: 0.00),High
2026-01-07 15:44:28,Physical Anomaly,ECG AI,Critical Signal Loss (Flatline) (Loss: 0.00),High
2026-01-07 15:44:28,Physical Anomaly,ECG AI,Critical Signal Loss (Flatline) (Loss: 0.00),High
2026-01-07 15:44:29,Physical Anomaly,ECG AI,Critical Signal Loss (Flatline) (Loss: 0.00),High
2026-01-07 15:44:29,Physical Anomaly,ECG AI,Critical Signal Loss (Flatline) (Loss: 0.00),High
2026-01-07 15:44:29,Physical Anomaly,ECG AI,Critical Signal Loss (Flatline) (Loss: 0.00),High
2026-01-07 15:44:29,Physical Anomaly,ECG AI,Critical Signal Loss (Flatline) (Loss: 0.00),High
2026-01-07 15:44:29,Physical Anomaly,ECG AI,Critical Signal Loss (Flatline) (Loss: 0.00),High
2026-01-07 15:44:29,Physical Anomaly,ECG AI,Critical Signal Loss (Flatline) (Loss: 0.00),High
2026-01-07 15:44:29,Physical Anomaly,ECG AI,Critical Signal Loss (Flatline) (Loss: 0.00),High
2026-01-07 15:44:29,Physical Anomaly,ECG AI,Critical Signal Loss (Flatline) (Loss: 0.00),High
2026-01-07 15:44:29,Physical Anomaly,ECG AI,Critical Signal Loss (Flatline) (Loss: 0.00),High
2026-01-07 15:44:29,Physical Anomaly,ECG AI,Critical Signal Loss (Flatline) (Loss: 0.00),High
2026-01-07 15:44:29,Physical Anomaly,ECG AI,Critical Signal Loss (Flatline) (Loss: 0.00),High
2026-01-07 15:44:29,Physical Anomaly,ECG AI,Critical Signal Loss (Flatline) (Loss: 0.00),High
2026-01-07 15:44:29,Physical Anomaly,ECG AI,Critical Signal Loss (Flatline) (Loss: 0.00),High
2026-01-07 15:44:29,Physical Anomaly,ECG AI,Critical Signal Loss (Flatline) (Loss: 0.00),High
2026-01-07 15:44:30,Physical Anomaly,ECG AI,Critical Signal Loss (Flatline) (Loss: 0.00),High
2026-01-07 15:44:30,Physical Anomaly,ECG AI,Critical Signal Loss (Flatline) (Loss: 0.00),High
2026-01-07 15:44:30,Physical Anomaly,ECG AI,Critical Signal Loss (Flatline) (Loss: 0.00),High
2026-01-07 15:44:30,Physical Anomaly,ECG AI,Critical Signal Loss (Flatline) (Loss: 0.00),High
2026-01-07 15:44:30,Physical Anomaly,ECG AI,Critical Signal Loss (Flatline) (Loss: 0.00),High
2026-01-07 15:44:30,Physical Anomaly,ECG AI,Critical Signal Loss (Flatline) (Loss: 0.00),High
2026-01-07 15:44:31,Physical Anomaly,ECG AI,Critical Signal Loss (Flatline) (Loss: 0.00),High
2026-01-07 15:44:31,Physical Anomaly,ECG AI,Critical Signal Loss (Flatline) (Loss: 0.00),High
2026-01-07 15:44:31,Physical Anomaly,ECG AI,Critical Signal Loss (Flatline) (Loss: 0.00),High
2026-01-07 15:44:31,Physical Anomaly,ECG AI,Critical Signal Loss (Flatline) (Loss: 0.00),High
2026-01-07 15:44:31,Physical Anomaly,ECG AI,Critical Signal Loss (Flatline) (Loss: 0.00),High
2026-01-07 15:44:31,Physical Anomaly,ECG AI,Critical Signal Loss (Flatline) (Loss: 0.00),High
2026-01-07 15:44:31,Physical Anomaly,ECG AI,Critical Signal Loss (Flatline) (Loss: 0.00),High
2026-01-07 15:44:31,Physical Anomaly,ECG AI,Critical Signal Loss (Flatline) (Loss: 0.00),High
2026-01-07 15:44:31,Physical Anomaly,ECG AI,Critical Signal Loss (Flatline) (Loss: 0.00),High
2026-01-07 15:44:31,Physical Anomaly,ECG AI,Critical Signal Loss (Flatline) (Loss: 0.00),High
2026-01-07 15:44:31,Physical Anomaly,ECG AI,Critical Signal Loss (Flatline) (Loss: 0.00),High
2026-01-07 15:44:31,Physical Anomaly,ECG AI,Critical Signal Loss (Flatline) (Loss: 0.00),High
2026-01-07 15:44:32,Physical Anomaly,ECG AI,Critical Signal Loss (Flatline) (Loss: 0.00),High
2026-01-07 15:44:32,Physical Anomaly,ECG AI,Critical Signal Loss (Flatline) (Loss: 0.00),High
2026-01-07 15:44:32,Physical Anomaly,ECG AI,Critical Signal Loss (Flatline) (Loss: 0.00),High
2026-01-07 15:44:32,Physical Anomaly,ECG AI,Critical Signal Loss (Flatline) (Loss: 0.00),High
2026-01-07 15:44:32,Physical Anomaly,ECG AI,Critical Signal Loss (Flatline) (Loss: 0.00),High
2026-01-07 15:44:32,Physical Anomaly,ECG AI,Critical Signal Loss (Flatline) (Loss: 0.00),High
2026-01-07 15:44:32,Physical Anomaly,ECG AI,Critical Signal Loss (Flatline) (Loss: 0.00),High
2026-01-07 15:44:32,Physical Anomaly,ECG AI,Critical Signal Loss (Flatline) (Loss: 0.00),High
2026-01-07 15:44:32,Physical Anomaly,ECG AI,Critical Signal Loss (Flatline) (Loss: 0.00),High
2026-01-07 15:44:32,Physical Anomaly,ECG AI,Critical Signal Loss (Flatline) (Loss: 0.00),High
2026-01-07 15:44:32,Physical Anomaly,ECG AI,Critical Signal Loss (Flatline) (Loss: 0.00),High
2026-01-07 15:44:32,Physical Anomaly,ECG AI,Critical Signal Loss (Flatline) (Loss: 0.00),High
2026-01-07 15:44:33,Physical Anomaly,ECG AI,Critical Signal Loss (Flatline) (Loss: 0.00),High
2026-01-07 15:44:33,Physical Anomaly,ECG AI,Critical Signal Loss (Flatline) (Loss: 0.00),High
2026-01-07 15:44:33,Physical Anomaly,ECG AI,Critical Signal Loss (Flatline) (Loss: 0.00),High
2026-01-07 15:44:33,Physical Anomaly,ECG AI,Critical Signal Loss (Flatline) (Loss: 0.00),High
2026-01-07 15:44:33,Physical Anomaly,ECG AI,Critical Signal Loss (Flatline) (Loss: 0.00),High
2026-01-07 15:44:33,Physical Anomaly,ECG AI,Critical Signal Loss (Flatline) (Loss: 0.00),High
2026-01-07 15:44:33,Physical Anomaly,ECG AI,Critical Signal Loss (Flatline) (Loss: 0.00),High
2026-01-07 15:44:33,Physical Anomaly,ECG AI,Critical Signal Loss (Flatline) (Loss: 0.00),High
2026-01-07 15:44:33,Physical Anomaly,ECG AI,Critical Signal Loss (Flatline) (Loss: 0.00),High
2026-01-07 15:44:33,Physical Anomaly,ECG AI,Critical Signal Loss (Flatline) (Loss: 0.00),High
2026-01-07 15:44:33,Physical Anomaly,ECG AI,Critical Signal Loss (Flatline) (Loss: 0.00),High
2026-01-07 15:44:33,Physical Anomaly,ECG AI,Critical Signal Loss (Flatline) (Loss: 0.00),High
2026-01-07 15:44:33,Physical Anomaly,ECG AI,Critical Signal Loss (Flatline) (Loss: 0.00),High
2026-01-07 15:44:33,Physical Anomaly,ECG AI,Critical Signal Loss (Flatline) (Loss: 0.00),High
2026-01-07 15:44:34,Physical Anomaly,ECG AI,Critical Signal Loss (Flatline) (Loss: 0.00),High
2026-01-07 15:44:34,Physical Anomaly,ECG AI,Critical Signal Loss (Flatline) (Loss: 0.00),High
2026-01-07 15:44:34,Physical Anomaly,ECG AI,Critical Signal Loss (Flatline) (Loss: 0.00),High
2026-01-07 15:44:34,Physical Anomaly,ECG AI,Critical Signal Loss (Flatline) (Loss: 0.00),High
2026-01-07 15:44:34,Physical Anomaly,ECG AI,Critical Signal Loss (Flatline) (Loss: 0.00),High
2026-01-07 15:44:34,Physical Anomaly,ECG AI,Critical Signal Loss (Flatline) (Loss: 0.00),High
2026-01-07 15:44:34,Physical Anomaly,ECG AI,Critical Signal Loss (Flatline) (Loss: 0.00),High
2026-01-07 15:44:34,Physical Anomaly,ECG AI,Critical Signal Loss (Flatline) (Loss: 0.00),High
2026-01-07 15:44:34,Physical Anomaly,ECG AI,Critical Signal Loss (Flatline) (Loss: 0.00),High
2026-01-07 15:44:34,Physical Anomaly,ECG AI,Critical Signal Loss (Flatline) (Loss: 0.00),High
2026-01-07 15:44:34,Physical Anomaly,ECG AI,Critical Signal Loss (Flatline) (Loss: 0.00),High
2026-01-07 15:44:34,Physical Anomaly,ECG AI,Critical Signal Loss (Flatline) (Loss: 0.00),High
2026-01-07 15:44:34,Physical Anomaly,ECG AI,Critical Signal Loss (Flatline) (Loss: 0.00),High
2026-01-07 15:44:34,Physical Anomaly,ECG AI,Critical Signal Loss (Flatline) (Loss: 0.00),High
2026-01-07 15:44:35,Physical Anomaly,ECG AI,Critical Signal Loss (Flatline) (Loss: 0.00),High
2026-01-07 15:44:35,Physical Anomaly,ECG AI,Critical Signal Loss (Flatline) (Loss: 0.00),High
2026-01-07 15:44:35,Physical Anomaly,ECG AI,Critical Signal Loss (Flatline) (Loss: 0.00),High
2026-01-07 15:44:35,Physical Anomaly,ECG AI,Critical Signal Loss (Flatline) (Loss: 0.00),High
2026-01-07 15:44:35,Physical Anomaly,ECG AI,Critical Signal Loss (Flatline) (Loss: 0.00),High
2026-01-07 15:44:35,Physical Anomaly,ECG AI,Critical Signal Loss (Flatline) (Loss: 0.00),High
2026-01-07 15:44:36,Physical Anomaly,ECG AI,Critical Signal Loss (Flatline) (Loss: 0.00),High
2026-01-07 15:44:36,Physical Anomaly,ECG AI,Critical Signal Loss (Flatline) (Loss: 0.00),High
2026-01-07 15:44:36,Physical Anomaly,ECG AI,Critical Signal Loss (Flatline) (Loss: 0.00),High
2026-01-07 15:44:36,Physical Anomaly,ECG AI,Critical Signal Loss (Flatline) (Loss: 0.00),High
2026-01-07 15:44:36,Physical Anomaly,ECG AI,Critical Signal Loss (Flatline) (Loss: 0.00),High
2026-01-07 15:44:36,Physical Anomaly,ECG AI,Critical Signal Loss (Flatline) (Loss: 0.00),High
2026-01-07 15:44:36,Physical Anomaly,ECG AI,Critical Signal Loss (Flatline) (Loss: 0.00),High
2026-01-07 15:44:36,Physical Anomaly,ECG AI,Critical Signal Loss (Flatline) (Loss: 0.00),High
2026-01-07 15:44:36,Physical Anomaly,ECG AI,Critical Signal Loss (Flatline) (Loss: 0.00),High
2026-01-07 15:44:36,Physical Anomaly,ECG AI,Critical Signal Loss (Flatline) (Loss: 0.00),High
2026-01-07 15:44:36,Physical Anomaly,ECG AI,Critical Signal Loss (Flatline) (Loss: 0.00),High
2026-01-07 15:44:36,Physical Anomaly,ECG AI,Critical Signal Loss (Flatline) (Loss: 0.00),High
2026-01-07 15:44:36,Physical Anomaly,ECG AI,Critical Signal Loss (Flatline) (Loss: 0.00),High
2026-01-07 15:44:36,Physical Anomaly,ECG AI,Critical Signal Loss (Flatline) (Loss: 0.00),High
2026-01-07 15:44:37,Physical Anomaly,ECG AI,Critical Signal Loss (Flatline) (Loss: 0.00),High
2026-01-07 15:44:37,Physical Anomaly,ECG AI,Critical Signal Loss (Flatline) (Loss: 0.00),High
2026-01-07 15:44:37,Physical Anomaly,ECG AI,Critical Signal Loss (Flatline) (Loss: 0.00),High
2026-01-07 15:44:37,Physical Anomaly,ECG AI,Critical Signal Loss (Flatline) (Loss: 0.00),High
2026-01-07 15:44:37,Physical Anomaly,ECG AI,Critical Signal Loss (Flatline) (Loss: 0.00),High
2026-01-07 15:44:37,Physical Anomaly,ECG AI,Critical Signal Loss (Flatline) (Loss: 0.00),High
2026-01-07 15:44:37,Physical Anomaly,ECG AI,Critical Signal Loss (Flatline) (Loss: 0.00),High
2026-01-07 15:44:37,Physical Anomaly,ECG AI,Critical Signal Loss (Flatline) (Loss: 0.00),High
2026-01-07 15:44:37,Physical Anomaly,ECG AI,Critical Signal Loss (Flatline) (Loss: 0.00),High
2026-01-07 15:44:37,Physical Anomaly,ECG AI,Critical Signal Loss (Flatline) (Loss: 0.00),High
2026-01-07 15:44:37,Physical Anomaly,ECG AI,Critical Signal Loss (Flatline) (Loss: 0.00),High
2026-01-07 15:44:37,Physical Anomaly,ECG AI,Critical Signal Loss (Flatline) (Loss: 0.00),High
2026-01-07 15:44:37,Physical Anomaly,ECG AI,Critical Signal Loss (Flatline) (Loss: 0.00),High
2026-01-07 15:44:38,Physical Anomaly,ECG AI,Critical Signal Loss (Flatline) (Loss: 0.00),High
2026-01-07 15:44:38,Physical Anomaly,ECG AI,Critical Signal Loss (Flatline) (Loss: 0.00),High
2026-01-07 15:44:38,Physical Anomaly,ECG AI,Critical Signal Loss (Flatline) (Loss: 0.00),High
2026-01-07 15:44:38,Physical Anomaly,ECG AI,Critical Signal Loss (Flatline) (Loss: 0.00),High
2026-01-07 15:44:38,Physical Anomaly,ECG AI,Critical Signal Loss (Flatline) (Loss: 0.00),High
2026-01-07 15:44:38,Physical Anomaly,ECG AI,Critical Signal Loss (Flatline) (Loss: 0.00),High
2026-01-07 15:44:38,Physical Anomaly,ECG AI,Critical Signal Loss (Flatline) (Loss: 0.00),High
2026-01-07 15:44:38,Physical Anomaly,ECG AI,Critical Signal Loss (Flatline) (Loss: 0.00),High
2026-01-07 15:44:38,Physical Anomaly,ECG AI,Critical Signal Loss (Flatline) (Loss: 0.00),High
2026-01-07 15:44:38,Physical Anomaly,ECG AI,Critical Signal Loss (Flatline) (Loss: 0.00),High
2026-01-07 15:44:38,Physical Anomaly,ECG AI,Critical Signal Loss (Flatline) (Loss: 0.00),High
2026-01-07 15:44:38,Physical Anomaly,ECG AI,Critical Signal Loss (Flatline) (Loss: 0.00),High
2026-01-07 15:44:38,Physical Anomaly,ECG AI,Critical Signal Loss (Flatline) (Loss: 0.00),High
2026-01-07 15:44:39,Physical Anomaly,ECG AI,Critical Signal Loss (Flatline) (Loss: 0.00),High
2026-01-07 15:44:39,Physical Anomaly,ECG AI,Critical Signal Loss (Flatline) (Loss: 0.00),High
2026-01-07 15:44:39,Physical Anomaly,ECG AI,Critical Signal Loss (Flatline) (Loss: 0.00),High
2026-01-07 15:44:39,Physical Anomaly,ECG AI,Critical Signal Loss (Flatline) (Loss: 0.00),High
2026-01-07 15:44:39,Physical Anomaly,ECG AI,Critical Signal Loss (Flatline) (Loss: 0.00),High
2026-01-07 15:44:39,Physical Anomaly,ECG AI,Critical Signal Loss (Flatline) (Loss: 0.00),High
2026-01-07 15:44:40,Physical Anomaly,ECG AI,Critical Signal Loss (Flatline) (Loss: 0.00),High
2026-01-07 15:44:40,Physical Anomaly,ECG AI,Critical Signal Loss (Flatline) (Loss: 0.00),High
2026-01-07 15:44:40,Physical Anomaly,ECG AI,Critical Signal Loss (Flatline) (Loss: 0.00),High
2026-01-07 15:44:40,Physical Anomaly,ECG AI,Critical Signal Loss (Flatline) (Loss: 0.00),High
2026-01-07 15:44:40,Physical Anomaly,ECG AI,Critical Signal Loss (Flatline) (Loss: 0.00),High
2026-01-07 15:44:40,Physical Anomaly,ECG AI,Critical Signal Loss (Flatline) (Loss: 0.00),High
2026-01-07 15:44:40,Physical Anomaly,ECG AI,Critical Signal Loss (Flatline) (Loss: 0.00),High
2026-01-07 15:44:40,Physical Anomaly,ECG AI,Critical Signal Loss (Flatline) (Loss: 0.00),High
2026-01-07 15:44:40,Physical Anomaly,ECG AI,Critical Signal Loss (Flatline) (Loss: 0.00),High
2026-01-07 15:44:40,Physical Anomaly,ECG AI,Critical Signal Loss (Flatline) (Loss: 0.00),High
2026-01-07 15:44:40,Physical Anomaly,ECG AI,Critical Signal Loss (Flatline) (Loss: 0.00),High
2026-01-07 15:44:40,Physical Anomaly,ECG AI,Critical Signal Loss (Flatline) (Loss: 0.00),High
2026-01-07 15:44:40,Physical Anomaly,ECG AI,Critical Signal Loss (Flatline) (Loss: 0.00),High
2026-01-07 15:44:41,Physical Anomaly,ECG AI,Critical Signal Loss (Flatline) (Loss: 0.00),High
2026-01-07 15:44:41,Physical Anomaly,ECG AI,Critical Signal Loss (Flatline) (Loss: 0.00),High
2026-01-07 15:44:41,Physical Anomaly,ECG AI,Critical Signal Loss (Flatline) (Loss: 0.00),High
2026-01-07 15:44:41,Physical Anomaly,ECG AI,Critical Signal Loss (Flatline) (Loss: 0.00),High
2026-01-07 15:44:41,Physical Anomaly,ECG AI,Critical Signal Loss (Flatline) (Loss: 0.00),High
2026-01-07 15:44:41,Physical Anomaly,ECG AI,Critical Signal Loss (Flatline) (Loss: 0.00),High
2026-01-07 15:44:41,Physical Anomaly,ECG AI,Critical Signal Loss (Flatline) (Loss: 0.00),High
2026-01-07 15:44:41,Physical Anomaly,ECG AI,Critical Signal Loss (Flatline) (Loss: 0.00),High
2026-01-07 15:44:41,Physical Anomaly,ECG AI,Critical Signal Loss (Flatline) (Loss: 0.00),High
2026-01-07 15:44:41,Physical Anomaly,ECG AI,Critical Signal Loss (Flatline) (Loss: 0.00),High
2026-01-07 15:44:41,Physical Anomaly,ECG AI,Critical Signal Loss (Flatline) (Loss: 0.00),High
2026-01-07 15:44:41,Physical Anomaly,ECG AI,Critical Signal Loss (Flatline) (Loss: 0.00),High
2026-01-07 15:44:41,Physical Anomaly,ECG AI,Critical Signal Loss (Flatline) (Loss: 0.00),High
2026-01-07 15:44:42,Physical Anomaly,ECG AI,Critical Signal Loss (Flatline) (Loss: 0.00),High
2026-01-07 15:44:42,Physical Anomaly,ECG AI,Critical Signal Loss (Flatline) (Loss: 0.00),High
2026-01-07 15:44:42,Physical Anomaly,ECG AI,Critical Signal Loss (Flatline) (Loss: 0.00),High
2026-01-07 15:44:42,Physical Anomaly,ECG AI,Critical Signal Loss (Flatline) (Loss: 0.00),High
2026-01-07 15:44:42,Physical Anomaly,ECG AI,Critical Signal Loss (Flatline) (Loss: 0.00),High
2026-01-07 15:44:42,Physical Anomaly,ECG AI,Critical Signal Loss (Flatline) (Loss: 0.00),High
2026-01-07 15:44:42,Physical Anomaly,ECG AI,Critical Signal Loss (Flatline) (Loss: 0.00),High
2026-01-07 15:44:42,Physical Anomaly,ECG AI,Critical Signal Loss (Flatline) (Loss: 0.00),High
2026-01-07 15:44:42,Physical Anomaly,ECG AI,Critical Signal Loss (Flatline) (Loss: 0.00),High
2026-01-07 15:44:42,Physical Anomaly,ECG AI,Critical Signal Loss (Flatline) (Loss: 0.00),High
2026-01-07 15:44:42,Physical Anomaly,ECG AI,Critical Signal Loss (Flatline) (Loss: 0.00),High
2026-01-07 15:44:42,Physical Anomaly,ECG AI,Critical Signal Loss (Flatline) (Loss: 0.00),High
2026-01-07 15:44:43,Physical Anomaly,ECG AI,Critical Signal Loss (Flatline) (Loss: 0.00),High
2026-01-07 15:44:43,Physical Anomaly,ECG AI,Critical Signal Loss (Flatline) (Loss: 0.00),High
2026-01-07 15:44:43,Physical Anomaly,ECG AI,Critical Signal Loss (Flatline) (Loss: 0.00),High
2026-01-07 15:44:43,Physical Anomaly,ECG AI,Critical Signal Loss (Flatline) (Loss: 0.00),High
2026-01-07 15:44:43,Physical Anomaly,ECG AI,Critical Signal Loss (Flatline) (Loss: 0.00),High
2026-01-07 15:44:43,Physical Anomaly,ECG AI,Critical Signal Loss (Flatline) (Loss: 0.00),High
2026-01-07 15:44:43,Physical Anomaly,ECG AI,Critical Signal Loss (Flatline) (Loss: 0.00),High
2026-01-07 15:44:43,Physical Anomaly,ECG AI,Critical Signal Loss (Flatline) (Loss: 0.00),High
2026-01-07 15:44:43,Physical Anomaly,ECG AI,Critical Signal Loss (Flatline) (Loss: 0.00),High
2026-01-07 15:44:43,Physical Anomaly,ECG AI,Critical Signal Loss (Flatline) (Loss: 0.00),High
2026-01-07 15:44:43,Physical Anomaly,ECG AI,Critical Signal Loss (Flatline) (Loss: 0.00),High
2026-01-07 15:44:43,Physical Anomaly,ECG AI,Critical Signal Loss (Flatline) (Loss: 0.00),High
2026-01-07 15:44:43,Physical Anomaly,ECG AI,Critical Signal Loss (Flatline) (Loss: 0.00),High
2026-01-07 15:44:44,Physical Anomaly,ECG AI,Critical Signal Loss (Flatline) (Loss: 0.00),High
2026-01-07 15:44:44,Physical Anomaly,ECG AI,Critical Signal Loss (Flatline) (Loss: 0.00),High
2026-01-07 15:44:44,Physical Anomaly,ECG AI,Critical Signal Loss (Flatline) (Loss: 0.00),High
2026-01-07 15:44:44,Physical Anomaly,ECG AI,Critical Signal Loss (Flatline) (Loss: 0.00),High
2026-01-07 15:44:44,Physical Anomaly,ECG AI,Critical Signal Loss (Flatline) (Loss: 0.00),High
2026-01-07 15:44:44,Physical Anomaly,ECG AI,Critical Signal Loss (Flatline) (Loss: 0.00),High
2026-01-07 15:44:45,Physical Anomaly,ECG AI,Critical Signal Loss (Flatline) (Loss: 0.00),High
2026-01-07 15:44:45,Physical Anomaly,ECG AI,Critical Signal Loss (Flatline) (Loss: 0.00),High
2026-01-07 15:44:45,Physical Anomaly,ECG AI,Critical Signal Loss (Flatline) (Loss: 0.00),High
2026-01-07 15:44:45,Physical Anomaly,ECG AI,Critical Signal Loss (Flatline) (Loss: 0.00),High
2026-01-07 15:44:45,Physical Anomaly,ECG AI,Critical Signal Loss (Flatline) (Loss: 0.00),High
2026-01-07 15:44:45,Physical Anomaly,ECG AI,Critical Signal Loss (Flatline) (Loss: 0.00),High
2026-01-07 15:44:45,Physical Anomaly,ECG AI,Critical Signal Loss (Flatline) (Loss: 0.00),High
2026-01-07 15:44:45,Physical Anomaly,ECG AI,Critical Signal Loss (Flatline) (Loss: 0.00),High
2026-01-07 15:44:45,Physical Anomaly,ECG AI,Critical Signal Loss (Flatline) (Loss: 0.00),High
2026-01-07 15:44:45,Physical Anomaly,ECG AI,Critical Signal Loss (Flatline) (Loss: 0.00),High
2026-01-07 15:44:45,Physical Anomaly,ECG AI,Critical Signal Loss (Flatline) (Loss: 0.00),High
2026-01-07 15:44:45,Physical Anomaly,ECG AI,Critical Signal Loss (Flatline) (Loss: 0.00),High
2026-01-07 15:44:45,Physical Anomaly,ECG AI,Critical Signal Loss (Flatline) (Loss: 0.00),High
2026-01-07 15:44:46,Physical Anomaly,ECG AI,Critical Signal Loss (Flatline) (Loss: 0.00),High
2026-01-07 15:44:46,Physical Anomaly,ECG AI,Critical Signal Loss (Flatline) (Loss: 0.00),High
2026-01-07 15:44:46,Physical Anomaly,ECG AI,Critical Signal Loss (Flatline) (Loss: 0.00),High
2026-01-07 15:44:46,Physical Anomaly,ECG AI,Critical Signal Loss (Flatline) (Loss: 0.00),High
2026-01-07 15:44:46,Physical Anomaly,ECG AI,Critical Signal Loss (Flatline) (Loss: 0.00),High
2026-01-07 15:44:46,Physical Anomaly,ECG AI,Critical Signal Loss (Flatline) (Loss: 0.00),High
2026-01-07 15:44:46,Physical Anomaly,ECG AI,Critical Signal Loss (Flatline) (Loss: 0.00),High
2026-01-07 15:44:46,Physical Anomaly,ECG AI,Critical Signal Loss (Flatline) (Loss: 0.00),High
2026-01-07 15:44:46,Physical Anomaly,ECG AI,Critical Signal Loss (Flatline) (Loss: 0.00),High
2026-01-07 15:44:46,Physical Anomaly,ECG AI,Critical Signal Loss (Flatline) (Loss: 0.00),High
2026-01-07 15:44:46,Physical Anomaly,ECG AI,Critical Signal Loss (Flatline) (Loss: 0.00),High
2026-01-07 15:44:46,Physical Anomaly,ECG AI,Critical Signal Loss (Flatline) (Loss: 0.00),High
2026-01-07 15:44:47,Physical Anomaly,ECG AI,Critical Signal Loss (Flatline) (Loss: 0.00),High
2026-01-07 15:44:47,Physical Anomaly,ECG AI,Critical Signal Loss (Flatline) (Loss: 0.00),High
2026-01-07 15:44:47,Physical Anomaly,ECG AI,Critical Signal Loss (Flatline) (Loss: 0.00),High
2026-01-07 15:44:47,Physical Anomaly,ECG AI,Critical Signal Loss (Flatline) (Loss: 0.00),High
2026-01-07 15:44:47,Physical Anomaly,ECG AI,Critical Signal Loss (Flatline) (Loss: 0.00),High
2026-01-07 15:44:47,Physical Anomaly,ECG AI,Critical Signal Loss (Flatline) (Loss: 0.00),High
2026-01-07 15:44:47,Physical Anomaly,ECG AI,Critical Signal Loss (Flatline) (Loss: 0.00),High
2026-01-07 15:44:47,Physical Anomaly,ECG AI,Critical Signal Loss (Flatline) (Loss: 0.00),High
2026-01-07 15:44:47,Physical Anomaly,ECG AI,Critical Signal Loss (Flatline) (Loss: 0.00),High
2026-01-07 15:44:47,Physical Anomaly,ECG AI,Critical Signal Loss (Flatline) (Loss: 0.00),High
2026-01-07 15:44:47,Physical Anomaly,ECG AI,Critical Signal Loss (Flatline) (Loss: 0.00),High
2026-01-07 15:44:47,Physical Anomaly,ECG AI,Critical Signal Loss (Flatline) (Loss: 0.00),High
2026-01-07 15:44:47,Physical Anomaly,ECG AI,Critical Signal Loss (Flatline) (Loss: 0.00),High
2026-01-07 15:44:48,Physical Anomaly,ECG AI,Critical Signal Loss (Flatline) (Loss: 0.00),High
2026-01-07 15:44:48,Physical Anomaly,ECG AI,Critical Signal Loss (Flatline) (Loss: 0.00),High
2026-01-07 15:44:48,Physical Anomaly,ECG AI,Critical Signal Loss (Flatline) (Loss: 0.00),High
2026-01-07 15:44:48,Physical Anomaly,ECG AI,Critical Signal Loss (Flatline) (Loss: 0.00),High
2026-01-07 15:44:48,Physical Anomaly,ECG AI,Critical Signal Loss (Flatline) (Loss: 0.00),High
2026-01-07 15:44:48,Physical Anomaly,ECG AI,Critical Signal Loss (Flatline) (Loss: 0.00),High
2026-01-07 15:44:48,Physical Anomaly,ECG AI,Critical Signal Loss (Flatline) (Loss: 0.00),High
2026-01-07 15:44:48,Physical Anomaly,ECG AI,Critical Signal Loss (Flatline) (Loss: 0.00),High
2026-01-07 15:44:48,Physical Anomaly,ECG AI,Critical Signal Loss (Flatline) (Loss: 0.00),High
2026-01-07 15:44:48,Physical Anomaly,ECG AI,Critical Signal Loss (Flatline) (Loss: 0.00),High
2026-01-07 15:44:48,Physical Anomaly,ECG AI,Critical Signal Loss (Flatline) (Loss: 0.00),High
2026-01-07 15:44:48,Physical Anomaly,ECG AI,Critical Signal Loss (Flatline) (Loss: 0.00),High
2026-01-07 15:44:48,Physical Anomaly,ECG AI,Critical Signal Loss (Flatline) (Loss: 0.00),High
2026-01-07 15:44:49,Physical Anomaly,ECG AI,Critical Signal Loss (Flatline) (Loss: 0.00),High
2026-01-07 15:44:49,Physical Anomaly,ECG AI,Critical Signal Loss (Flatline) (Loss: 0.00),High
2026-01-07 15:44:49,Physical Anomaly,ECG AI,Critical Signal Loss (Flatline) (Loss: 0.00),High
2026-01-07 15:44:49,Physical Anomaly,ECG AI,Critical Signal Loss (Flatline) (Loss: 0.00),High
2026-01-07 15:44:49,Physical Anomaly,ECG AI,Critical Signal Loss (Flatline) (Loss: 0.00),High
2026-01-07 15:44:49,Physical Anomaly,ECG AI,Critical Signal Loss (Flatline) (Loss: 0.00),High
2026-01-07 15:44:49,Physical Anomaly,ECG AI,Critical Signal Loss (Flatline) (Loss: 0.00),High
2026-01-07 15:44:49,Physical Anomaly,ECG AI,Critical Signal Loss (Flatline) (Loss: 0.00),High
2026-01-07 15:44:50,Physical Anomaly,ECG AI,Critical Signal Loss (Flatline) (Loss: 0.00),High
2026-01-07 15:44:50,Physical Anomaly,ECG AI,Critical Signal Loss (Flatline) (Loss: 0.00),High
2026-01-07 15:44:50,Physical Anomaly,ECG AI,Critical Signal Loss (Flatline) (Loss: 0.00),High
2026-01-07 15:44:50,Physical Anomaly,ECG AI,Critical Signal Loss (Flatline) (Loss: 0.00),High
2026-01-07 15:44:50,Physical Anomaly,ECG AI,Critical Signal Loss (Flatline) (Loss: 0.00),High
2026-01-07 15:44:50,Physical Anomaly,ECG AI,Critical Signal Loss (Flatline) (Loss: 0.00),High
2026-01-07 15:44:50,Physical Anomaly,ECG AI,Critical Signal Loss (Flatline) (Loss: 0.00),High
2026-01-07 15:44:50,Physical Anomaly,ECG AI,Critical Signal Loss (Flatline) (Loss: 0.00),High
2026-01-07 15:44:50,Physical Anomaly,ECG AI,Critical Signal Loss (Flatline) (Loss: 0.00),High
2026-01-07 15:44:50,Physical Anomaly,ECG AI,Critical Signal Loss (Flatline) (Loss: 0.00),High
2026-01-07 15:44:50,Physical Anomaly,ECG AI,Critical Signal Loss (Flatline) (Loss: 0.00),High
2026-01-07 15:44:50,Physical Anomaly,ECG AI,Critical Signal Loss (Flatline) (Loss: 0.00),High
2026-01-07 15:44:50,Physical Anomaly,ECG AI,Critical Signal Loss (Flatline) (Loss: 0.00),High
2026-01-07 15:44:51,Physical Anomaly,ECG AI,Critical Signal Loss (Flatline) (Loss: 0.00),High
2026-01-07 15:44:51,Physical Anomaly,ECG AI,Critical Signal Loss (Flatline) (Loss: 0.00),High
2026-01-07 15:44:51,Physical Anomaly,ECG AI,Critical Signal Loss (Flatline) (Loss: 0.00),High
2026-01-07 15:44:51,Physical Anomaly,ECG AI,Critical Signal Loss (Flatline) (Loss: 0.00),High
2026-01-07 15:44:51,Physical Anomaly,ECG AI,Critical Signal Loss (Flatline) (Loss: 0.00),High
2026-01-07 15:44:51,Physical Anomaly,ECG AI,Critical Signal Loss (Flatline) (Loss: 0.00),High
2026-01-07 15:44:51,Physical Anomaly,ECG AI,Critical Signal Loss (Flatline) (Loss: 0.00),High
2026-01-07 15:44:51,Physical Anomaly,ECG AI,Critical Signal Loss (Flatline) (Loss: 0.00),High
2026-01-07 15:44:51,Physical Anomaly,ECG AI,Critical Signal Loss (Flatline) (Loss: 0.00),High
2026-01-07 15:44:51,Physical Anomaly,ECG AI,Critical Signal Loss (Flatline) (Loss: 0.00),High
2026-01-07 15:44:51,Physical Anomaly,ECG AI,Critical Signal Loss (Flatline) (Loss: 0.00),High
2026-01-07 15:44:51,Physical Anomaly,ECG AI,Critical Signal Loss (Flatline) (Loss: 0.00),High
2026-01-07 15:44:51,Physical Anomaly,ECG AI,Critical Signal Loss (Flatline) (Loss: 0.00),High
2026-01-07 15:44:52,Physical Anomaly,ECG AI,Critical Signal Loss (Flatline) (Loss: 0.00),High
2026-01-07 15:44:52,Physical Anomaly,ECG AI,Critical Signal Loss (Flatline) (Loss: 0.00),High
2026-01-07 15:44:52,Physical Anomaly,ECG AI,Critical Signal Loss (Flatline) (Loss: 0.00),High
2026-01-07 15:44:52,Physical Anomaly,ECG AI,Critical Signal Loss (Flatline) (Loss: 0.00),High
2026-01-07 15:44:52,Physical Anomaly,ECG AI,Critical Signal Loss (Flatline) (Loss: 0.00),High
2026-01-07 15:44:52,Physical Anomaly,ECG AI,Critical Signal Loss (Flatline) (Loss: 0.00),High
2026-01-07 15:44:52,Physical Anomaly,ECG AI,Critical Signal Loss (Flatline) (Loss: 0.00),High
2026-01-07 15:44:52,Physical Anomaly,ECG AI,Critical Signal Loss (Flatline) (Loss: 0.00),High
2026-01-07 15:44:52,Physical Anomaly,ECG AI,Critical Signal Loss (Flatline) (Loss: 0.00),High
2026-01-07 15:44:52,Physical Anomaly,ECG AI,Critical Signal Loss (Flatline) (Loss: 0.00),High
2026-01-07 15:44:52,Physical Anomaly,ECG AI,Critical Signal Loss (Flatline) (Loss: 0.00),High
2026-01-07 15:44:53,Physical Anomaly,ECG AI,Critical Signal Loss (Flatline) (Loss: 0.00),High
2026-01-07 15:44:53,Physical Anomaly,ECG AI,Critical Signal Loss (Flatline) (Loss: 0.00),High
2026-01-07 15:44:53,Physical Anomaly,ECG AI,Critical Signal Loss (Flatline) (Loss: 0.00),High
2026-01-07 15:44:53,Physical Anomaly,ECG AI,Critical Signal Loss (Flatline) (Loss: 0.00),High
2026-01-07 15:44:53,Physical Anomaly,ECG AI,Critical Signal Loss (Flatline) (Loss: 0.00),High
2026-01-07 15:44:53,Physical Anomaly,ECG AI,Critical Signal Loss (Flatline) (Loss: 0.00),High
2026-01-07 15:44:53,Physical Anomaly,ECG AI,Critical Signal Loss (Flatline) (Loss: 0.00),High
2026-01-07 15:44:53,Physical Anomaly,ECG AI,Critical Signal Loss (Flatline) (Loss: 0.00),High
2026-01-07 15:44:54,Physical Anomaly,ECG AI,Critical Signal Loss (Flatline) (Loss: 0.00),High
2026-01-07 15:44:54,Physical Anomaly,ECG AI,Critical Signal Loss (Flatline) (Loss: 0.00),High
2026-01-07 15:44:54,Physical Anomaly,ECG AI,Critical Signal Loss (Flatline) (Loss: 0.00),High
2026-01-07 15:44:54,Physical Anomaly,ECG AI,Critical Signal Loss (Flatline) (Loss: 0.00),High
2026-01-07 15:44:54,Physical Anomaly,ECG AI,Critical Signal Loss (Flatline) (Loss: 0.00),High
2026-01-07 15:44:54,Physical Anomaly,ECG AI,Critical Signal Loss (Flatline) (Loss: 0.00),High
2026-01-07 15:44:54,Physical Anomaly,ECG AI,Critical Signal Loss (Flatline) (Loss: 0.00),High
2026-01-07 15:44:54,Physical Anomaly,ECG AI,Critical Signal Loss (Flatline) (Loss: 0.00),High
2026-01-07 15:44:54,Physical Anomaly,ECG AI,Critical Signal Loss (Flatline) (Loss: 0.00),High
2026-01-07 15:44:54,Physical Anomaly,ECG AI,Critical Signal Loss (Flatline) (Loss: 0.00),High
2026-01-07 15:44:54,Physical Anomaly,ECG AI,Critical Signal Loss (Flatline) (Loss: 0.00),High
2026-01-07 15:44:55,Physical Anomaly,ECG AI,Critical Signal Loss (Flatline) (Loss: 0.00),High
2026-01-07 15:44:55,Physical Anomaly,ECG AI,Critical Signal Loss (Flatline) (Loss: 0.00),High
2026-01-07 15:44:55,Physical Anomaly,ECG AI,Critical Signal Loss (Flatline) (Loss: 0.00),High
2026-01-07 15:44:55,Physical Anomaly,ECG AI,Critical Signal Loss (Flatline) (Loss: 0.00),High
2026-01-07 15:44:55,Physical Anomaly,ECG AI,Critical Signal Loss (Flatline) (Loss: 0.00),High
2026-01-07 15:44:55,Physical Anomaly,ECG AI,Critical Signal Loss (Flatline) (Loss: 0.00),High
2026-01-07 15:44:55,Physical Anomaly,ECG AI,Critical Signal Loss (Flatline) (Loss: 0.00),High
2026-01-07 15:44:55,Physical Anomaly,ECG AI,Critical Signal Loss (Flatline) (Loss: 0.00),High
2026-01-07 15:44:55,Physical Anomaly,ECG AI,Critical Signal Loss (Flatline) (Loss: 0.00),High
2026-01-07 15:44:55,Physical Anomaly,ECG AI,Critical Signal Loss (Flatline) (Loss: 0.00),High
2026-01-07 15:44:55,Physical Anomaly,ECG AI,Critical Signal Loss (Flatline) (Loss: 0.00),High
2026-01-07 15:44:55,Physical Anomaly,ECG AI,Critical Signal Loss (Flatline) (Loss: 0.00),High
2026-01-07 15:44:55,Physical Anomaly,ECG AI,Critical Signal Loss (Flatline) (Loss: 0.00),High
2026-01-07 15:44:56,Physical Anomaly,ECG AI,Critical Signal Loss (Flatline) (Loss: 0.00),High
2026-01-07 15:44:56,Physical Anomaly,ECG AI,Critical Signal Loss (Flatline) (Loss: 0.00),High
2026-01-07 15:44:56,Physical Anomaly,ECG AI,Critical Signal Loss (Flatline) (Loss: 0.00),High
2026-01-07 15:44:56,Physical Anomaly,ECG AI,Critical Signal Loss (Flatline) (Loss: 0.00),High
2026-01-07 15:44:56,Physical Anomaly,ECG AI,Critical Signal Loss (Flatline) (Loss: 0.00),High
2026-01-07 15:44:56,Physical Anomaly,ECG AI,Critical Signal Loss (Flatline) (Loss: 0.00),High
2026-01-07 15:44:56,Physical Anomaly,ECG AI,Critical Signal Loss (Flatline) (Loss: 0.00),High
2026-01-07 15:44:56,Physical Anomaly,ECG AI,Critical Signal Loss (Flatline) (Loss: 0.00),High
2026-01-07 15:44:56,Physical Anomaly,ECG AI,Critical Signal Loss (Flatline) (Loss: 0.00),High
2026-01-07 15:44:56,Physical Anomaly,ECG AI,Critical Signal Loss (Flatline) (Loss: 0.00),High
2026-01-07 15:44:56,Physical Anomaly,ECG AI,Critical Signal Loss (Flatline) (Loss: 0.00),High
2026-01-07 15:44:56,Physical Anomaly,ECG AI,Critical Signal Loss (Flatline) (Loss: 0.00),High
2026-01-07 15:44:57,Physical Anomaly,ECG AI,Critical Signal Loss (Flatline) (Loss: 0.00),High
2026-01-07 15:44:57,Physical Anomaly,ECG AI,Critical Signal Loss (Flatline) (Loss: 0.00),High
2026-01-07 15:44:57,Physical Anomaly,ECG AI,Critical Signal Loss (Flatline) (Loss: 0.00),High
2026-01-07 15:44:57,Physical Anomaly,ECG AI,Critical Signal Loss (Flatline) (Loss: 0.00),High
2026-01-07 15:44:57,Physical Anomaly,ECG AI,Critical Signal Loss (Flatline) (Loss: 0.00),High
2026-01-07 15:44:57,Physical Anomaly,ECG AI,Critical Signal Loss (Flatline) (Loss: 0.00),High
2026-01-07 15:44:57,Physical Anomaly,ECG AI,Critical Signal Loss (Flatline) (Loss: 0.00),High
2026-01-07 15:44:57,Physical Anomaly,ECG AI,Critical Signal Loss (Flatline) (Loss: 0.00),High
2026-01-07 15:44:57,Physical Anomaly,ECG AI,Critical Signal Loss (Flatline) (Loss: 0.00),High
2026-01-07 15:44:57,Physical Anomaly,ECG AI,Critical Signal Loss (Flatline) (Loss: 0.00),High
2026-01-07 15:44:57,Physical Anomaly,ECG AI,Critical Signal Loss (Flatline) (Loss: 0.00),High
2026-01-07 15:44:57,Physical Anomaly,ECG AI,Critical Signal Loss (Flatline) (Loss: 0.00),High
2026-01-07 15:44:57,Physical Anomaly,ECG AI,Critical Signal Loss (Flatline) (Loss: 0.00),High
2026-01-07 15:44:57,Physical Anomaly,ECG AI,Critical Signal Loss (Flatline) (Loss: 0.00),High
2026-01-07 15:44:58,Physical Anomaly,ECG AI,Critical Signal Loss (Flatline) (Loss: 0.00),High
2026-01-07 15:44:58,Physical Anomaly,ECG AI,Critical Signal Loss (Flatline) (Loss: 0.00),High
2026-01-07 15:44:58,Physical Anomaly,ECG AI,Critical Signal Loss (Flatline) (Loss: 0.00),High
2026-01-07 15:44:58,Physical Anomaly,ECG AI,Critical Signal Loss (Flatline) (Loss: 0.00),High
2026-01-07 15:44:58,Physical Anomaly,ECG AI,Critical Signal Loss (Flatline) (Loss: 0.00),High
2026-01-07 15:44:58,Physical Anomaly,ECG AI,Critical Signal Loss (Flatline) (Loss: 0.00),High
2026-01-07 15:44:58,Physical Anomaly,ECG AI,Critical Signal Loss (Flatline) (Loss: 0.00),High
2026-01-07 15:44:58,Physical Anomaly,ECG AI,Critical Signal Loss (Flatline) (Loss: 0.00),High
2026-01-07 15:44:58,Physical Anomaly,ECG AI,Critical Signal Loss (Flatline) (Loss: 0.00),High
2026-01-07 15:44:58,Physical Anomaly,ECG AI,Critical Signal Loss (Flatline) (Loss: 0.00),High
2026-01-07 15:44:59,Physical Anomaly,ECG AI,Critical Signal Loss (Flatline) (Loss: 0.00),High
2026-01-07 15:44:59,Physical Anomaly,ECG AI,Critical Signal Loss (Flatline) (Loss: 0.00),High
2026-01-07 15:44:59,Physical Anomaly,ECG AI,Critical Signal Loss (Flatline) (Loss: 0.00),High
2026-01-07 15:44:59,Physical Anomaly,ECG AI,Critical Signal Loss (Flatline) (Loss: 0.00),High
2026-01-07 15:44:59,Physical Anomaly,ECG AI,Critical Signal Loss (Flatline) (Loss: 0.00),High
2026-01-07 15:44:59,Physical Anomaly,ECG AI,Critical Signal Loss (Flatline) (Loss: 0.00),High
2026-01-07 15:44:59,Physical Anomaly,ECG AI,Critical Signal Loss (Flatline) (Loss: 0.00),High
2026-01-07 15:44:59,Physical Anomaly,ECG AI,Critical Signal Loss (Flatline) (Loss: 0.00),High
2026-01-07 15:44:59,Physical Anomaly,ECG AI,Critical Signal Loss (Flatline) (Loss: 0.00),High
2026-01-07 15:44:59,Physical Anomaly,ECG AI,Critical Signal Loss (Flatline) (Loss: 0.00),High
2026-01-07 15:44:59,Physical Anomaly,ECG AI,Critical Signal Loss (Flatline) (Loss: 0.00),High
2026-01-07 15:45:00,Physical Anomaly,ECG AI,Critical Signal Loss (Flatline) (Loss: 0.00),High
2026-01-07 15:45:00,Physical Anomaly,ECG AI,Critical Signal Loss (Flatline) (Loss: 0.00),High
2026-01-07 15:45:00,Physical Anomaly,ECG AI,Critical Signal Loss (Flatline) (Loss: 0.00),High
2026-01-07 15:45:00,Physical Anomaly,ECG AI,Critical Signal Loss (Flatline) (Loss: 0.00),High
2026-01-07 15:45:00,Physical Anomaly,ECG AI,Critical Signal Loss (Flatline) (Loss: 0.00),High
2026-01-07 15:45:00,Physical Anomaly,ECG AI,Critical Signal Loss (Flatline) (Loss: 0.00),High
2026-01-07 15:45:00,Physical Anomaly,ECG AI,Critical Signal Loss (Flatline) (Loss: 0.00),High
2026-01-07 15:45:00,Physical Anomaly,ECG AI,Critical Signal Loss (Flatline) (Loss: 0.00),High
2026-01-07 15:45:01,Physical Anomaly,ECG AI,Critical Signal Loss (Flatline) (Loss: 0.00),High
2026-01-07 15:45:01,Physical Anomaly,ECG AI,Critical Signal Loss (Flatline) (Loss: 0.00),High
2026-01-07 15:45:01,Physical Anomaly,ECG AI,Critical Signal Loss (Flatline) (Loss: 0.00),High
2026-01-07 15:45:01,Physical Anomaly,ECG AI,Critical Signal Loss (Flatline) (Loss: 0.00),High
2026-01-07 15:45:01,Physical Anomaly,ECG AI,Critical Signal Loss (Flatline) (Loss: 0.00),High
2026-01-07 15:45:01,Physical Anomaly,ECG AI,Critical Signal Loss (Flatline) (Loss: 0.00),High
2026-01-07 15:45:01,Physical Anomaly,ECG AI,Critical Signal Loss (Flatline) (Loss: 0.00),High
2026-01-07 15:45:01,Physical Anomaly,ECG AI,Critical Signal Loss (Flatline) (Loss: 0.00),High
2026-01-07 15:45:01,Physical Anomaly,ECG AI,Critical Signal Loss (Flatline) (Loss: 0.00),High
2026-01-07 15:45:01,Physical Anomaly,ECG AI,Critical Signal Loss (Flatline) (Loss: 0.00),High
2026-01-07 15:45:01,Physical Anomaly,ECG AI,Critical Signal Loss (Flatline) (Loss: 0.00),High
2026-01-07 15:45:01,Physical Anomaly,ECG AI,Critical Signal Loss (Flatline) (Loss: 0.00),High
2026-01-07 15:45:01,Physical Anomaly,ECG AI,Critical Signal Loss (Flatline) (Loss: 0.00),High
2026-01-07 15:45:01,Physical Anomaly,ECG AI,Critical Signal Loss (Flatline) (Loss: 0.00),High
2026-01-07 15:45:01,Physical Anomaly,ECG AI,Critical Signal Loss (Flatline) (Loss: 0.01),High
2026-01-07 15:45:02,Physical Anomaly,ECG AI,Critical Signal Loss (Flatline) (Loss: 0.01),High
2026-01-07 15:45:03,Physical Anomaly,ECG AI,Rate Tampering (Tachycardia) (Loss: 0.04),High
2026-01-07 15:45:03,Physical Anomaly,ECG AI,Rate Tampering (Tachycardia) (Loss: 0.04),High
2026-01-07 15:45:03,Physical Anomaly,ECG AI,Rate Tampering (Tachycardia) (Loss: 0.04),High
2026-01-07 15:45:03,Physical Anomaly,ECG AI,Rate Tampering (Tachycardia) (Loss: 0.04),High
2026-01-07 15:45:03,Physical Anomaly,ECG AI,Rate Tampering (Tachycardia) (Loss: 0.04),High
2026-01-07 15:45:03,Physical Anomaly,ECG AI,Rate Tampering (Tachycardia) (Loss: 0.04),High
2026-01-07 15:45:03,Physical Anomaly,ECG AI,Rate Tampering (Tachycardia) (Loss: 0.04),High
2026-01-07 15:45:04,Physical Anomaly,ECG AI,Rate Tampering (Tachycardia) (Loss: 0.09),High
2026-01-07 15:45:04,Physical Anomaly,ECG AI,Rate Tampering (Tachycardia) (Loss: 0.10),High
2026-01-07 15:45:04,Physical Anomaly,ECG AI,Rate Tampering (Tachycardia) (Loss: 0.12),High
2026-01-07 15:45:04,Physical Anomaly,ECG AI,Rate Tampering (Tachycardia) (Loss: 0.10),High
2026-01-07 15:45:04,Physical Anomaly,ECG AI,Rate Tampering (Tachycardia) (Loss: 0.11),High
2026-01-07 15:45:04,Physical Anomaly,ECG AI,Rate Tampering (Tachycardia) (Loss: 0.11),High
2026-01-07 15:45:05,Physical Anomaly,ECG AI,Rate Tampering (Tachycardia) (Loss: 0.10),High
2026-01-07 15:45:05,Physical Anomaly,ECG AI,Rate Tampering (Tachycardia) (Loss: 0.11),High
2026-01-07 15:45:05,Physical Anomaly,ECG AI,Rate Tampering (Tachycardia) (Loss: 0.14),High
2026-01-07 15:45:05,Physical Anomaly,ECG AI,Rate Tampering (Tachycardia) (Loss: 0.15),High
2026-01-07 15:45:05,Physical Anomaly,ECG AI,Spoofing (High Noise) (Loss: 0.17),High
2026-01-07 15:45:05,Physical Anomaly,ECG AI,Spoofing (High Noise) (Loss: 0.18),High
2026-01-07 15:45:05,Physical Anomaly,ECG AI,Spoofing (High Noise) (Loss: 0.20),High
2026-01-07 15:45:06,Physical Anomaly,ECG AI,Spoofing (High Noise) (Loss: 0.20),High
2026-01-07 15:45:06,Physical Anomaly,ECG AI,Spoofing (High Noise) (Loss: 0.19),High
2026-01-07 15:45:06,Physical Anomaly,ECG AI,Spoofing (High Noise) (Loss: 0.15),High
2026-01-07 15:45:06,Physical Anomaly,ECG AI,Spoofing (High Noise) (Loss: 0.11),High
2026-01-07 15:45:06,Physical Anomaly,ECG AI,Spoofing (High Noise) (Loss: 0.08),High
2026-01-07 15:45:06,Physical Anomaly,ECG AI,Spoofing (High Noise) (Loss: 0.07),High
2026-01-07 15:45:06,Physical Anomaly,ECG AI,Rate Tampering (Tachycardia) (Loss: 0.04),High
2026-01-07 15:45:07,Physical Anomaly,ECG AI,Rate Tampering (Tachycardia) (Loss: 0.04),High
2026-01-07 15:45:07,Physical Anomaly,ECG AI,Rate Tampering (Tachycardia) (Loss: 0.05),High
2026-01-07 15:45:07,Physical Anomaly,ECG AI,Rate Tampering (Tachycardia) (Loss: 0.05),High
2026-01-07 15:45:07,Physical Anomaly,ECG AI,Rate Tampering (Tachycardia) (Loss: 0.04),High
2026-01-07 15:45:07,Physical Anomaly,ECG AI,Rate Tampering (Tachycardia) (Loss: 0.05),High
2026-01-07 15:45:08,Cyber Attack,Network AI,Detected ARP Spoofing (40.2%),High
2026-01-07 15:45:08,Physical Anomaly,ECG AI,Rate Tampering (Tachycardia) (Loss: 0.04),High
2026-01-07 15:45:08,Physical Anomaly,ECG AI,Rate Tampering (Tachycardia) (Loss: 0.04),High
2026-01-07 15:45:08,Cyber Attack,Network AI,Detected ARP Spoofing (40.2%),High
2026-01-07 15:45:08,Physical Anomaly,ECG AI,Rate Tampering (Tachycardia) (Loss: 0.05),High
2026-01-07 15:45:08,Physical Anomaly,ECG AI,Rate Tampering (Tachycardia) (Loss: 0.04),High
2026-01-07 15:45:08,Cyber Attack,Network AI,Detected ARP Spoofing (38.5%),High
2026-01-07 15:45:08,Physical Anomaly,ECG AI,Rate Tampering (Tachycardia) (Loss: 0.04),High
2026-01-07 15:45:08,Cyber Attack,Network AI,Detected ARP Spoofing (40.2%),High
2026-01-07 15:45:09,Cyber Attack,Network AI,Detected ARP Spoofing (40.2%),High
2026-01-07 15:45:09,Physical Anomaly,ECG AI,Rate Tampering (Tachycardia) (Loss: 0.05),High
2026-01-07 15:45:09,Physical Anomaly,ECG AI,Rate Tampering (Tachycardia) (Loss: 0.05),High
2026-01-07 15:45:09,Cyber Attack,Network AI,Detected ARP Spoofing (40.2%),High
2026-01-07 15:45:09,Cyber Attack,Network AI,Detected ARP Spoofing (38.8%),High
2026-01-07 15:45:09,Cyber Attack,Network AI,Detected ARP Spoofing (38.5%),High
2026-01-07 15:45:09,Cyber Attack,Network AI,Detected ARP Spoofing (38.8%),High
2026-01-07 15:45:09,Physical Anomaly,ECG AI,Spoofing (High Noise) (Loss: 0.08),High
2026-01-07 15:45:09,Cyber Attack,Network AI,Detected ARP Spoofing (40.2%),High
2026-01-07 15:45:09,Physical Anomaly,ECG AI,Rate Tampering (Tachycardia) (Loss: 0.08),High
2026-01-07 15:45:10,Physical Anomaly,ECG AI,Rate Tampering (Tachycardia) (Loss: 0.11),High
2026-01-07 15:45:10,Physical Anomaly,ECG AI,Rate Tampering (Tachycardia) (Loss: 0.13),High
2026-01-07 15:45:10,Cyber Attack,Network AI,Detected ARP Spoofing (40.2%),High
2026-01-07 15:45:10,Physical Anomaly,ECG AI,Spoofing (High Noise) (Loss: 0.13),High
2026-01-07 15:45:10,Physical Anomaly,ECG AI,Spoofing (High Noise) (Loss: 0.12),High
2026-01-07 15:45:10,Cyber Attack,Network AI,Detected ARP Spoofing (38.9%),High
2026-01-07 15:45:10,Physical Anomaly,ECG AI,Spoofing (High Noise) (Loss: 0.13),High
2026-01-07 15:45:10,Physical Anomaly,ECG AI,Spoofing (High Noise) (Loss: 0.13),High
2026-01-07 15:45:10,Cyber Attack,Network AI,Detected ARP Spoofing (38.5%),High
2026-01-07 15:45:10,Physical Anomaly,ECG AI,Spoofing (High Noise) (Loss: 0.12),High
2026-01-07 15:45:10,Physical Anomaly,ECG AI,Spoofing (High Noise) (Loss: 0.12),High
2026-01-07 15:45:10,Cyber Attack,Network AI,Detected ARP Spoofing (38.5%),High
2026-01-07 15:45:10,Physical Anomaly,ECG AI,Spoofing (High Noise) (Loss: 0.12),High
2026-01-07 15:45:11,Physical Anomaly,ECG AI,Spoofing (High Noise) (Loss: 0.12),High
2026-01-07 15:45:11,Physical Anomaly,ECG AI,Spoofing (High Noise) (Loss: 0.12),High
2026-01-07 15:45:11,Cyber Attack,Network AI,Detected ARP Spoofing (40.2%),High
2026-01-07 15:45:11,Physical Anomaly,ECG AI,Spoofing (High Noise) (Loss: 0.10),High
2026-01-07 15:45:11,Physical Anomaly,ECG AI,Spoofing (High Noise) (Loss: 0.10),High
2026-01-07 15:45:11,Cyber Attack,Network AI,Detected ARP Spoofing (36.6%),High
2026-01-07 15:45:11,Physical Anomaly,ECG AI,Spoofing (High Noise) (Loss: 0.09),High
2026-01-07 15:45:11,Physical Anomaly,ECG AI,Spoofing (High Noise) (Loss: 0.06),High
2026-01-07 15:45:11,Cyber Attack,Network AI,Detected ARP Spoofing (38.8%),High
2026-01-07 15:45:11,Cyber Attack,Network AI,Detected ARP Spoofing (38.8%),High
2026-01-07 15:45:11,Cyber Attack,Network AI,Detected ARP Spoofing (40.2%),High
2026-01-07 15:45:11,Cyber Attack,Network AI,Detected ARP Spoofing (40.2%),High
2026-01-07 15:45:12,Cyber Attack,Network AI,Detected ARP Spoofing (38.8%),High
2026-01-07 15:45:12,Cyber Attack,Network AI,Detected ARP Spoofing (40.2%),High
2026-01-07 15:45:12,Cyber Attack,Network AI,Detected ARP Spoofing (40.2%),High
2026-01-07 15:45:13,Cyber Attack,Network AI,Detected ARP Spoofing (38.8%),High
2026-01-07 15:45:13,Cyber Attack,Network AI,Detected ARP Spoofing (38.8%),High
2026-01-07 15:45:13,Cyber Attack,Network AI,Detected ARP Spoofing (40.2%),High
2026-01-07 15:45:13,Physical Anomaly,ECG AI,Spoofing (High Noise) (Loss: 0.10),High
2026-01-07 15:45:13,Physical Anomaly,ECG AI,Spoofing (High Noise) (Loss: 0.10),High
2026-01-07 15:45:13,Physical Anomaly,ECG AI,Spoofing (High Noise) (Loss: 0.10),High
2026-01-07 15:45:13,Cyber Attack,Network AI,Detected ARP Spoofing (38.8%),High
2026-01-07 15:45:13,Physical Anomaly,ECG AI,Spoofing (High Noise) (Loss: 0.11),High
2026-01-07 15:45:13,Physical Anomaly,ECG AI,Spoofing (High Noise) (Loss: 0.12),High
2026-01-07 15:45:13,Cyber Attack,Network AI,Detected ARP Spoofing (38.5%),High
2026-01-07 15:45:13,Physical Anomaly,ECG AI,Spoofing (High Noise) (Loss: 0.13),High
2026-01-07 15:45:13,Cyber Attack,Network AI,Detected ARP Spoofing (38.8%),High
2026-01-07 15:45:14,Physical Anomaly,ECG AI,Spoofing (High Noise) (Loss: 0.09),High
2026-01-07 15:45:14,Physical Anomaly,ECG AI,Rate Tampering (Tachycardia) (Loss: 0.09),High
2026-01-07 15:45:14,Cyber Attack,Network AI,Detected ARP Spoofing (38.8%),High
2026-01-07 15:45:14,Physical Anomaly,ECG AI,Rate Tampering (Tachycardia) (Loss: 0.07),High
2026-01-07 15:45:14,Physical Anomaly,ECG AI,Rate Tampering (Tachycardia) (Loss: 0.08),High
2026-01-07 15:45:14,Physical Anomaly,ECG AI,Rate Tampering (Tachycardia) (Loss: 0.08),High
2026-01-07 15:45:14,Cyber Attack,Network AI,Detected ARP Spoofing (38.9%),High
2026-01-07 15:45:14,Physical Anomaly,ECG AI,Rate Tampering (Tachycardia) (Loss: 0.08),High
2026-01-07 15:45:14,Physical Anomaly,ECG AI,Rate Tampering (Tachycardia) (Loss: 0.08),High
2026-01-07 15:45:14,Cyber Attack,Network AI,Detected Smurf (40.1%),High
2026-01-07 15:45:14,Physical Anomaly,ECG AI,Rate Tampering (Tachycardia) (Loss: 0.09),High
2026-01-07 15:45:14,Physical Anomaly,ECG AI,Rate Tampering (Tachycardia) (Loss: 0.10),High
2026-01-07 15:45:14,Cyber Attack,Network AI,Detected Smurf (40.1%),High
2026-01-07 15:45:14,Physical Anomaly,ECG AI,Rate Tampering (Tachycardia) (Loss: 0.10),High
2026-01-07 15:45:14,Physical Anomaly,ECG AI,Rate Tampering (Tachycardia) (Loss: 0.10),High
2026-01-07 15:45:15,Physical Anomaly,ECG AI,Rate Tampering (Tachycardia) (Loss: 0.14),High
2026-01-07 15:45:15,Cyber Attack,Network AI,Detected Smurf (40.1%),High
2026-01-07 15:45:15,Physical Anomaly,ECG AI,Spoofing (High Noise) (Loss: 0.14),High
2026-01-07 15:45:15,Physical Anomaly,ECG AI,Spoofing (High Noise) (Loss: 0.15),High
2026-01-07 15:45:15,Cyber Attack,Network AI,Detected Smurf (40.1%),High
2026-01-07 15:45:15,Physical Anomaly,ECG AI,Spoofing (High Noise) (Loss: 0.21),High
2026-01-07 15:45:15,Physical Anomaly,ECG AI,Spoofing (High Noise) (Loss: 0.22),High
2026-01-07 15:45:15,Physical Anomaly,ECG AI,Spoofing (High Noise) (Loss: 0.21),High
2026-01-07 15:45:15,Cyber Attack,Network AI,Detected Smurf (40.1%),High
2026-01-07 15:45:15,Physical Anomaly,ECG AI,Spoofing (High Noise) (Loss: 0.21),High
2026-01-07 15:45:15,Physical Anomaly,ECG AI,Spoofing (High Noise) (Loss: 0.19),High
2026-01-07 15:45:15,Physical Anomaly,ECG AI,Spoofing (High Noise) (Loss: 0.19),High
2026-01-07 15:45:15,Cyber Attack,Network AI,Detected Smurf (40.1%),High
0.25),High
2026-01-07 15:45:15,Physical Anomaly,ECG AI,Spoofing (High Noise) (Loss: 0.24),High
2026-01-07 15:45:15,Cyber Attack,Network AI,Detected Smurf (40.1%),High
2026-01-07 15:45:15,Physical Anomaly,ECG AI,Spoofing (High Noise) (Loss: 0.26),High
2026-01-07 15:45:15,Physical Anomaly,ECG AI,Spoofing (High Noise) (Loss: 0.24),High
2026-01-07 15:45:15,Physical Anomaly,ECG AI,Spoofing (High Noise) (Loss: 0.26),High
2026-01-07 15:45:15,Cyber Attack,Network AI,Detected Smurf (40.1%),High
2026-01-07 15:45:16,Physical Anomaly,ECG AI,Spoofing (High Noise) (Loss: 0.26),High
2026-01-07 15:45:16,Physical Anomaly,ECG AI,Spoofing (High Noise) (Loss: 0.23),High
2026-01-07 15:45:16,Cyber Attack,Network AI,Detected Smurf (40.1%),High
2026-01-07 15:45:16,Physical Anomaly,ECG AI,Spoofing (High Noise) (Loss: 0.24),High
2026-01-07 15:45:16,Cyber Attack,Network AI,Detected Smurf (40.1%),High
2026-01-07 15:45:16,Physical Anomaly,ECG AI,Spoofing (High Noise) (Loss: 0.21),High
2026-01-07 15:45:16,Physical Anomaly,ECG AI,Spoofing (High Noise) (Loss: 0.21),High
2026-01-07 15:45:16,Physical Anomaly,ECG AI,Spoofing (High Noise) (Loss: 0.23),High
2026-01-07 15:45:16,Cyber Attack,Network AI,Detected Smurf (40.1%),High
2026-01-07 15:45:17,Physical Anomaly,ECG AI,Spoofing (High Noise) (Loss: 0.23),High
2026-01-07 15:45:17,Physical Anomaly,ECG AI,Spoofing (High Noise) (Loss: 0.28),High
2026-01-07 15:45:17,Physical Anomaly,ECG AI,Spoofing (High Noise) (Loss: 0.28),High
2026-01-07 15:45:17,Cyber Attack,Network AI,Detected Smurf (40.1%),High
2026-01-07 15:45:17,Physical Anomaly,ECG AI,Spoofing (High Noise) (Loss: 0.26),High
2026-01-07 15:45:17,Physical Anomaly,ECG AI,Spoofing (High Noise) (Loss: 0.26),High
2026-01-07 15:45:17,Physical Anomaly,ECG AI,Spoofing (High Noise) (Loss: 0.23),High
2026-01-07 15:45:17,Physical Anomaly,ECG AI,Spoofing (High Noise) (Loss: 0.21),High
2026-01-07 15:45:17,Cyber Attack,Network AI,Detected Smurf (40.1%),High
2026-01-07 15:45:17,Physical Anomaly,ECG AI,Spoofing (High Noise) (Loss: 0.23),High
2026-01-07 15:45:17,Cyber Attack,Network AI,Detected Smurf (40.1%),High
2026-01-07 15:45:17,Physical Anomaly,ECG AI,Spoofing (High Noise) (Loss: 0.22),High
2026-01-07 15:45:17,Physical Anomaly,ECG AI,Spoofing (High Noise) (Loss: 0.26),High
2026-01-07 15:45:17,Cyber Attack,Network AI,Detected Smurf (40.1%),High
2026-01-07 15:45:17,Physical Anomaly,ECG AI,Spoofing (High Noise) (Loss: 0.25),High
2026-01-07 15:45:17,Physical Anomaly,ECG AI,Spoofing (High Noise) (Loss: 0.25),High
2026-01-07 15:45:17,Physical Anomaly,ECG AI,Spoofing (High Noise) (Loss: 0.28),High
2026-01-07 15:45:17,Physical Anomaly,ECG AI,Spoofing (High Noise) (Loss: 0.29),High
2026-01-07 15:45:17,Cyber Attack,Network AI,Detected Smurf (40.1%),High
2026-01-07 15:45:17,Physical Anomaly,ECG AI,Spoofing (High Noise) (Loss: 0.29),High
2026-01-07 15:45:17,Cyber Attack,Network AI,Detected Smurf (40.1%),High
2026-01-07 15:45:18,Physical Anomaly,ECG AI,Spoofing (High Noise) (Loss: 0.28),High
2026-01-07 15:45:18,Physical Anomaly,ECG AI,Spoofing (High Noise) (Loss: 0.27),High
2026-01-07 15:45:18,Cyber Attack,Network AI,Detected Smurf (40.1%),High
2026-01-07 15:45:18,Physical Anomaly,ECG AI,Spoofing (High Noise) (Loss: 0.29),High
2026-01-07 15:45:18,Physical Anomaly,ECG AI,Spoofing (High Noise) (Loss: 0.29),High
2026-01-07 15:45:18,Physical Anomaly,ECG AI,Spoofing (High Noise) (Loss: 0.34),High
2026-01-07 15:45:18,Physical Anomaly,ECG AI,Spoofing (High Noise) (Loss: 0.32),High
2026-01-07 15:45:18,Cyber Attack,Network AI,Detected Smurf (40.1%),High
2026-01-07 15:45:18,Physical Anomaly,ECG AI,Spoofing (High Noise) (Loss: 0.34),High
2026-01-07 15:45:18,Physical Anomaly,ECG AI,Spoofing (High Noise) (Loss: 0.34),High
2026-01-07 15:45:18,Cyber Attack,Network AI,Detected Smurf (40.1%),High
2026-01-07 15:45:18,Physical Anomaly,ECG AI,Spoofing (High Noise) (Loss: 0.31),High
2026-01-07 15:45:18,Physical Anomaly,ECG AI,Spoofing (High Noise) (Loss: 0.35),High
2026-01-07 15:45:18,Physical Anomaly,ECG AI,Spoofing (High Noise) (Loss: 0.32),High
2026-01-07 15:45:18,Cyber Attack,Network AI,Detected Smurf (40.1%),High
2026-01-07 15:45:18,Physical Anomaly,ECG AI,Spoofing (High Noise) (Loss: 0.32),High
2026-01-07 15:45:18,Physical Anomaly,ECG AI,Spoofing (High Noise) (Loss: 0.28),High
2026-01-07 15:45:18,Cyber Attack,Network AI,Detected Smurf (40.1%),High
2026-01-07 15:45:18,Physical Anomaly,ECG AI,Spoofing (High Noise) (Loss: 0.27),High
2026-01-07 15:45:18,Physical Anomaly,ECG AI,Spoofing (High Noise) (Loss: 0.27),High
2026-01-07 15:45:18,Cyber Attack,Network AI,Detected Smurf (40.1%),High
2026-01-07 15:45:19,Physical Anomaly,ECG AI,Spoofing (High Noise) (Loss: 0.25),High
2026-01-07 15:45:19,Physical Anomaly,ECG AI,Spoofing (High Noise) (Loss: 0.27),High
2026-01-07 15:45:19,Physical Anomaly,ECG AI,Spoofing (High Noise) (Loss: 0.27),High
2026-01-07 15:45:19,Cyber Attack,Network AI,Detected Smurf (40.1%),High
2026-01-07 15:45:19,Physical Anomaly,ECG AI,Rate Tampering (Tachycardia) (Loss: 0.26),High
2026-01-07 15:45:19,Physical Anomaly,ECG AI,Rate Tampering (Tachycardia) (Loss: 0.25),High
2026-01-07 15:45:19,Physical Anomaly,ECG AI,Rate Tampering (Tachycardia) (Loss: 0.22),High
2026-01-07 15:45:19,Cyber Attack,Network AI,Detected Smurf (40.1%),High
2026-01-07 15:45:19,Physical Anomaly,ECG AI,Rate Tampering (Tachycardia) (Loss: 0.22),High
2026-01-07 15:45:19,Cyber Attack,Network AI,Detected Smurf (40.1%),High
2026-01-07 15:45:20,Physical Anomaly,ECG AI,Spoofing (High Noise) (Loss: 0.21),High
2026-01-07 15:45:20,Physical Anomaly,ECG AI,Spoofing (High Noise) (Loss: 0.20),High
2026-01-07 15:45:20,Physical Anomaly,ECG AI,Spoofing (High Noise) (Loss: 0.19),High
2026-01-07 15:45:20,Physical Anomaly,ECG AI,Spoofing (High Noise) (Loss: 0.20),High
2026-01-07 15:45:20,Cyber Attack,Network AI,Detected Smurf (40.1%),High
2026-01-07 15:45:20,Physical Anomaly,ECG AI,Spoofing (High Noise) (Loss: 0.21),High
2026-01-07 15:45:20,Cyber Attack,Network AI,Detected Smurf (40.1%),High
2026-01-07 15:45:20,Physical Anomaly,ECG AI,Spoofing (High Noise) (Loss: 0.22),High
2026-01-07 15:45:20,Physical Anomaly,ECG AI,Spoofing (High Noise) (Loss: 0.20),High
2026-01-07 15:45:20,Physical Anomaly,ECG AI,Spoofing (High Noise) (Loss: 0.21),High
2026-01-07 15:45:20,Cyber Attack,Network AI,Detected Smurf (40.1%),High
2026-01-07 15:45:20,Physical Anomaly,ECG AI,Spoofing (High Noise) (Loss: 0.19),High
2026-01-07 15:45:20,Physical Anomaly,ECG AI,Spoofing (High Noise) (Loss: 0.19),High
2026-01-07 15:45:20,Physical Anomaly,ECG AI,Spoofing (High Noise) (Loss: 0.18),High
2026-01-07 15:45:20,Cyber Attack,Network AI,Detected Smurf (40.1%),High
2026-01-07 15:45:20,Physical Anomaly,ECG AI,Spoofing (High Noise) (Loss: 0.20),High
2026-01-07 15:45:20,Physical Anomaly,ECG AI,Spoofing (High Noise) (Loss: 0.22),High
2026-01-07 15:45:20,Cyber Attack,Network AI,Detected Smurf (40.1%),High
2026-01-07 15:45:20,Physical Anomaly,ECG AI,Spoofing (High Noise) (Loss: 0.23),High
2026-01-07 15:45:20,Physical Anomaly,ECG AI,Spoofing (High Noise) (Loss: 0.21),High
2026-01-07 15:45:20,Cyber Attack,Network AI,Detected Smurf (40.1%),High
2026-01-07 15:45:21,Physical Anomaly,ECG AI,Spoofing (High Noise) (Loss: 0.23),High
2026-01-07 15:45:21,Physical Anomaly,ECG AI,Spoofing (High Noise) (Loss: 0.23),High
2026-01-07 15:45:21,Physical Anomaly,ECG AI,Spoofing (High Noise) (Loss: 0.22),High
2026-01-07 15:45:21,Cyber Attack,Network AI,Detected Smurf (40.1%),High
2026-01-07 15:45:21,Physical Anomaly,ECG AI,Spoofing (High Noise) (Loss: 0.20),High
2026-01-07 15:45:21,Physical Anomaly,ECG AI,Spoofing (High Noise) (Loss: 0.22),High
2026-01-07 15:45:21,Cyber Attack,Network AI,Detected Smurf (40.1%),High
2026-01-07 15:45:21,Physical Anomaly,ECG AI,Spoofing (High Noise) (Loss: 0.23),High
2026-01-07 15:45:21,Physical Anomaly,ECG AI,Spoofing (High Noise) (Loss: 0.25),High
2026-01-07 15:45:21,Cyber Attack,Network AI,Detected Smurf (40.1%),High
2026-01-07 15:45:21,Physical Anomaly,ECG AI,Spoofing (High Noise) (Loss: 0.26),High
2026-01-07 15:45:21,Physical Anomaly,ECG AI,Spoofing (High Noise) (Loss: 0.28),High
2026-01-07 15:45:21,Physical Anomaly,ECG AI,Spoofing (High Noise) (Loss: 0.29),High
2026-01-07 15:45:21,Cyber Attack,Network AI,Detected Smurf (40.1%),High
2026-01-07 15:45:21,Physical Anomaly,ECG AI,Spoofing (High Noise) (Loss: 0.28),High
2026-01-07 15:45:21,Physical Anomaly,ECG AI,Spoofing (High Noise) (Loss: 0.29),High
2026-01-07 15:45:21,Cyber Attack,Network AI,Detected Smurf (40.1%),High
2026-01-07 15:45:21,Physical Anomaly,ECG AI,Spoofing (High Noise) (Loss: 0.28),High
2026-01-07 15:45:21,Physical Anomaly,ECG AI,Spoofing (High Noise) (Loss: 0.22),High
2026-01-07 15:45:22,Cyber Attack,Network AI,Detected Smurf (40.1%),High
2026-01-07 15:45:22,Physical Anomaly,ECG AI,Spoofing (High Noise) (Loss: 0.22),High
2026-01-07 15:45:22,Physical Anomaly,ECG AI,Spoofing (High Noise) (Loss: 0.22),High
2026-01-07 15:45:22,Cyber Attack,Network AI,Detected Smurf (40.1%),High
2026-01-07 15:45:22,Physical Anomaly,ECG AI,Spoofing (High Noise) (Loss: 0.22),High
2026-01-07 15:45:22,Physical Anomaly,ECG AI,Spoofing (High Noise) (Loss: 0.23),High
2026-01-07 15:45:22,Physical Anomaly,ECG AI,Spoofing (High Noise) (Loss: 0.18),High
2026-01-07 15:45:22,Physical Anomaly,ECG AI,Spoofing (High Noise) (Loss: 0.19),High
2026-01-07 15:45:22,Cyber Attack,Network AI,Detected Smurf (40.1%),High
2026-01-07 15:45:23,Physical Anomaly,ECG AI,Spoofing (High Noise) (Loss: 0.18),High
2026-01-07 15:45:23,Physical Anomaly,ECG AI,Spoofing (High Noise) (Loss: 0.21),High
2026-01-07 15:45:23,Cyber Attack,Network AI,Detected Smurf (40.1%),High
2026-01-07 15:45:23,Physical Anomaly,ECG AI,Spoofing (High Noise) (Loss: 0.21),High
2026-01-07 15:45:23,Physical Anomaly,ECG AI,Spoofing (High Noise) (Loss: 0.21),High
2026-01-07 15:45:23,Cyber Attack,Network AI,Detected Smurf (40.1%),High
2026-01-07 15:45:23,Physical Anomaly,ECG AI,Spoofing (High Noise) (Loss: 0.23),High
2026-01-07 15:45:23,Physical Anomaly,ECG AI,Spoofing (High Noise) (Loss: 0.22),High
2026-01-07 15:45:23,Cyber Attack,Network AI,Detected Smurf (40.1%),High
2026-01-07 15:45:23,Physical Anomaly,ECG AI,Spoofing (High Noise) (Loss: 0.20),High
2026-01-07 15:45:23,Physical Anomaly,ECG AI,Spoofing (High Noise) (Loss: 0.24),High
2026-01-07 15:45:23,Cyber Attack,Network AI,Detected Smurf (40.1%),High
2026-01-07 15:45:23,Physical Anomaly,ECG AI,Spoofing (High Noise) (Loss: 0.24),High
2026-01-07 15:45:23,Physical Anomaly,ECG AI,Spoofing (High Noise) (Loss: 0.28),High
2026-01-07 15:45:23,Cyber Attack,Network AI,Detected Smurf (40.1%),High
2026-01-07 15:45:23,Physical Anomaly,ECG AI,Spoofing (High Noise) (Loss: 0.33),High
2026-01-07 15:45:23,Physical Anomaly,ECG AI,Spoofing (High Noise) (Loss: 0.29),High
2026-01-07 15:45:23,Physical Anomaly,ECG AI,Spoofing (High Noise) (Loss: 0.32),High
2026-01-07 15:45:23,Cyber Attack,Network AI,Detected Smurf (40.1%),High
2026-01-07 15:45:24,Physical Anomaly,ECG AI,Spoofing (High Noise) (Loss: 0.30),High
2026-01-07 15:45:24,Physical Anomaly,ECG AI,Spoofing (High Noise) (Loss: 0.29),High
2026-01-07 15:45:24,Physical Anomaly,ECG AI,Spoofing (High Noise) (Loss: 0.26),High
2026-01-07 15:45:24,Cyber Attack,Network AI,Detected Smurf (40.1%),High
2026-01-07 15:45:24,Physical Anomaly,ECG AI,Spoofing (High Noise) (Loss: 0.25),High
2026-01-07 15:45:24,Physical Anomaly,ECG AI,Spoofing (High Noise) (Loss: 0.28),High
2026-01-07 15:45:24,Physical Anomaly,ECG AI,Spoofing (High Noise) (Loss: 0.29),High
2026-01-07 15:45:24,Physical Anomaly,ECG AI,Spoofing (High Noise) (Loss: 0.31),High
2026-01-07 15:45:24,Cyber Attack,Network AI,Detected Smurf (40.1%),High
2026-01-07 15:45:24,Cyber Attack,Network AI,Detected Smurf (40.1%),High
2026-01-07 15:45:24,Physical Anomaly,ECG AI,Spoofing (High Noise) (Loss: 0.30),High
2026-01-07 15:45:24,Physical Anomaly,ECG AI,Spoofing (High Noise) (Loss: 0.30),High
2026-01-07 15:45:24,Physical Anomaly,ECG AI,Spoofing (High Noise) (Loss: 0.29),High
2026-01-07 15:45:24,Physical Anomaly,ECG AI,Spoofing (High Noise) (Loss: 0.20),High
2026-01-07 15:45:24,Cyber Attack,Network AI,Detected Smurf (40.1%),High
2026-01-07 15:45:24,Physical Anomaly,ECG AI,Spoofing (High Noise) (Loss: 0.19),High
2026-01-07 15:45:24,Physical Anomaly,ECG AI,Spoofing (High Noise) (Loss: 0.19),High
2026-01-07 15:45:24,Physical Anomaly,ECG AI,Spoofing (High Noise) (Loss: 0.21),High
2026-01-07 15:45:24,Cyber Attack,Network AI,Detected Smurf (40.1%),High
2026-01-07 15:45:25,Physical Anomaly,ECG AI,Spoofing (High Noise) (Loss: 0.22),High
2026-01-07 15:45:25,Physical Anomaly,ECG AI,Spoofing (High Noise) (Loss: 0.22),High
2026-01-07 15:45:25,Cyber Attack,Network AI,Detected Smurf (40.1%),High
2026-01-07 15:45:25,Physical Anomaly,ECG AI,Spoofing (High Noise) (Loss: 0.23),High
2026-01-07 15:45:25,Physical Anomaly,ECG AI,Spoofing (High Noise) (Loss: 0.23),High
2026-01-07 15:45:25,Cyber Attack,Network AI,Detected Smurf (40.1%),High
2026-01-07 15:45:25,Physical Anomaly,ECG AI,Spoofing (High Noise) (Loss: 0.24),High
2026-01-07 15:45:25,Cyber Attack,Network AI,Detected Smurf (40.1%),High
2026-01-07 15:45:25,Physical Anomaly,ECG AI,Spoofing (High Noise) (Loss: 0.21),High
2026-01-07 15:45:25,Physical Anomaly,ECG AI,Spoofing (High Noise) (Loss: 0.22),High
2026-01-07 15:45:25,Physical Anomaly,ECG AI,Spoofing (High Noise) (Loss: 0.21),High
2026-01-07 15:45:25,Physical Anomaly,ECG AI,Spoofing (High Noise) (Loss: 0.21),High
2026-01-07 15:45:25,Cyber Attack,Network AI,Detected Smurf (40.1%),High
2026-01-07 15:45:25,Physical Anomaly,ECG AI,Spoofing (High Noise) (Loss: 0.22),High
2026-01-07 15:45:25,Physical Anomaly,ECG AI,Spoofing (High Noise) (Loss: 0.24),High
2026-01-07 15:45:25,Cyber Attack,Network AI,Detected Smurf (40.1%),High
2026-01-07 15:45:25,Physical Anomaly,ECG AI,Spoofing (High Noise) (Loss: 0.25),High
2026-01-07 15:45:25,Physical Anomaly,ECG AI,Spoofing (High Noise) (Loss: 0.28),High
2026-01-07 15:45:25,Cyber Attack,Network AI,Detected Smurf (40.1%),High
2026-01-07 15:45:26,Physical Anomaly,ECG AI,Spoofing (High Noise) (Loss: 0.25),High
2026-01-07 15:45:26,Physical Anomaly,ECG AI,Spoofing (High Noise) (Loss: 0.24),High
2026-01-07 15:45:26,Physical Anomaly,ECG AI,Spoofing (High Noise) (Loss: 0.26),High
2026-01-07 15:45:26,Cyber Attack,Network AI,Detected Smurf (40.1%),High
2026-01-07 15:45:26,Physical Anomaly,ECG AI,Spoofing (High Noise) (Loss: 0.26),High
2026-01-07 15:45:26,Physical Anomaly,ECG AI,Spoofing (High Noise) (Loss: 0.26),High
2026-01-07 15:45:26,Physical Anomaly,ECG AI,Spoofing (High Noise) (Loss: 0.27),High
2026-01-07 15:45:26,Cyber Attack,Network AI,Detected Smurf (40.1%),High
2026-01-07 15:45:26,Physical Anomaly,ECG AI,Spoofing (High Noise) (Loss: 0.29),High
2026-01-07 15:45:27,Cyber Attack,Network AI,Detected Smurf (40.1%),High
2026-01-07 15:45:27,Physical Anomaly,ECG AI,Spoofing (High Noise) (Loss: 0.28),High
2026-01-07 15:45:27,Physical Anomaly,ECG AI,Spoofing (High Noise) (Loss: 0.29),High
2026-01-07 15:45:27,Physical Anomaly,ECG AI,Spoofing (High Noise) (Loss: 0.28),High
2026-01-07 15:45:27,Physical Anomaly,ECG AI,Spoofing (High Noise) (Loss: 0.31),High
2026-01-07 15:45:27,Cyber Attack,Network AI,Detected Smurf (40.1%),High
2026-01-07 15:45:27,Physical Anomaly,ECG AI,Spoofing (High Noise) (Loss: 0.33),High
2026-01-07 15:45:27,Physical Anomaly,ECG AI,Spoofing (High Noise) (Loss: 0.28),High
2026-01-07 15:45:27,Cyber Attack,Network AI,Detected Smurf (40.1%),High
2026-01-07 15:45:27,Physical Anomaly,ECG AI,Spoofing (High Noise) (Loss: 0.28),High
2026-01-07 15:45:27,Physical Anomaly,ECG AI,Spoofing (High Noise) (Loss: 0.28),High
2026-01-07 15:45:27,Physical Anomaly,ECG AI,Spoofing (High Noise) (Loss: 0.23),High
2026-01-07 15:45:27,Cyber Attack,Network AI,Detected Smurf (40.1%),High
2026-01-07 15:45:27,Physical Anomaly,ECG AI,Spoofing (High Noise) (Loss: 0.22),High
2026-01-07 15:45:27,Cyber Attack,Network AI,Detected Smurf (40.1%),High
2026-01-07 15:45:27,Physical Anomaly,ECG AI,Spoofing (High Noise) (Loss: 0.22),High
2026-01-07 15:45:27,Physical Anomaly,ECG AI,Spoofing (High Noise) (Loss: 0.23),High
2026-01-07 15:45:27,Physical Anomaly,ECG AI,Spoofing (High Noise) (Loss: 0.24),High
2026-01-07 15:45:27,Cyber Attack,Network AI,Detected Smurf (40.1%),High
2026-01-07 15:45:27,Physical Anomaly,ECG AI,Spoofing (High Noise) (Loss: 0.22),High
2026-01-07 15:45:28,Physical Anomaly,ECG AI,Spoofing (High Noise) (Loss: 0.23),High
2026-01-07 15:45:28,Physical Anomaly,ECG AI,Spoofing (High Noise) (Loss: 0.27),High
2026-01-07 15:45:28,Cyber Attack,Network AI,Detected Smurf (40.1%),High
2026-01-07 15:45:28,Physical Anomaly,ECG AI,Spoofing (High Noise) (Loss: 0.20),High
2026-01-07 15:45:28,Physical Anomaly,ECG AI,Spoofing (High Noise) (Loss: 0.19),High
2026-01-07 15:45:28,Cyber Attack,Network AI,Detected Smurf (40.1%),High
2026-01-07 15:45:28,Physical Anomaly,ECG AI,Spoofing (High Noise) (Loss: 0.18),High
2026-01-07 15:45:28,Physical Anomaly,ECG AI,Spoofing (High Noise) (Loss: 0.19),High
2026-01-07 15:45:28,Cyber Attack,Network AI,Detected Smurf (40.1%),High
2026-01-07 15:45:28,Physical Anomaly,ECG AI,Spoofing (High Noise) (Loss: 0.18),High
2026-01-07 15:45:28,Physical Anomaly,ECG AI,Spoofing (High Noise) (Loss: 0.19),High
2026-01-07 15:45:29,Cyber Attack,Network AI,Detected Smurf (40.1%),High
2026-01-07 15:45:29,Physical Anomaly,ECG AI,Spoofing (High Noise) (Loss: 0.19),High
2026-01-07 15:45:29,Physical Anomaly,ECG AI,Spoofing (High Noise) (Loss: 0.19),High
2026-01-07 15:45:29,Cyber Attack,Network AI,Detected Smurf (40.1%),High
2026-01-07 15:45:29,Physical Anomaly,ECG AI,Spoofing (High Noise) (Loss: 0.19),High
2026-01-07 15:45:29,Physical Anomaly,ECG AI,Spoofing (High Noise) (Loss: 0.19),High
2026-01-07 15:45:29,Physical Anomaly,ECG AI,Spoofing (High Noise) (Loss: 0.18),High
2026-01-07 15:45:29,Physical Anomaly,ECG AI,Spoofing (High Noise) (Loss: 0.20),High
2026-01-07 15:45:29,Cyber Attack,Network AI,Detected Smurf (40.1%),High
2026-01-07 15:45:29,Physical Anomaly,ECG AI,Spoofing (High Noise) (Loss: 0.21),High
2026-01-07 15:45:29,Cyber Attack,Network AI,Detected Smurf (40.1%),High
2026-01-07 15:45:29,Physical Anomaly,ECG AI,Spoofing (High Noise) (Loss: 0.20),High
2026-01-07 15:45:29,Physical Anomaly,ECG AI,Spoofing (High Noise) (Loss: 0.24),High
2026-01-07 15:51:28,Physical Anomaly,ECG AI,Critical Signal Loss (Flatline) (Loss: 0.00),High
2026-01-07 15:51:28,Physical Anomaly,ECG AI,Critical Signal Loss (Flatline) (Loss: 0.00),High
2026-01-07 15:51:28,Physical Anomaly,ECG AI,Critical Signal Loss (Flatline) (Loss: 0.00),High
2026-01-07 15:51:28,Physical Anomaly,ECG AI,Critical Signal Loss (Flatline) (Loss: 0.00),High
2026-01-07 15:51:28,Physical Anomaly,ECG AI,Critical Signal Loss (Flatline) (Loss: 0.00),High
2026-01-07 15:51:28,Physical Anomaly,ECG AI,Critical Signal Loss (Flatline) (Loss: 0.00),High
2026-01-07 15:51:28,Physical Anomaly,ECG AI,Critical Signal Loss (Flatline) (Loss: 0.00),High
2026-01-07 15:51:28,Physical Anomaly,ECG AI,Critical Signal Loss (Flatline) (Loss: 0.00),High
2026-01-07 15:51:28,Physical Anomaly,ECG AI,Critical Signal Loss (Flatline) (Loss: 0.00),High
2026-01-07 15:51:29,Physical Anomaly,ECG AI,Critical Signal Loss (Flatline) (Loss: 0.00),High
2026-01-07 15:51:29,Physical Anomaly,ECG AI,Critical Signal Loss (Flatline) (Loss: 0.00),High
2026-01-07 15:51:29,Physical Anomaly,ECG AI,Critical Signal Loss (Flatline) (Loss: 0.00),High
2026-01-07 15:51:29,Physical Anomaly,ECG AI,Critical Signal Loss (Flatline) (Loss: 0.00),High
2026-01-07 15:51:29,Physical Anomaly,ECG AI,Critical Signal Loss (Flatline) (Loss: 0.00),High
2026-01-07 15:51:29,Physical Anomaly,ECG AI,Critical Signal Loss (Flatline) (Loss: 0.00),High
2026-01-07 15:51:29,Physical Anomaly,ECG AI,Critical Signal Loss (Flatline) (Loss: 0.00),High
2026-01-07 15:51:29,Physical Anomaly,ECG AI,Critical Signal Loss (Flatline) (Loss: 0.00),High
2026-01-07 15:51:29,Physical Anomaly,ECG AI,Critical Signal Loss (Flatline) (Loss: 0.00),High
2026-01-07 15:51:29,Physical Anomaly,ECG AI,Critical Signal Loss (Flatline) (Loss: 0.00),High
2026-01-07 15:51:29,Physical Anomaly,ECG AI,Critical Signal Loss (Flatline) (Loss: 0.00),High
2026-01-07 15:51:29,Physical Anomaly,ECG AI,Critical Signal Loss (Flatline) (Loss: 0.00),High
2026-01-07 15:51:29,Physical Anomaly,ECG AI,Critical Signal Loss (Flatline) (Loss: 0.00),High
2026-01-07 15:51:30,Physical Anomaly,ECG AI,Critical Signal Loss (Flatline) (Loss: 0.00),High
2026-01-07 15:51:30,Physical Anomaly,ECG AI,Critical Signal Loss (Flatline) (Loss: 0.00),High
2026-01-07 15:51:30,Physical Anomaly,ECG AI,Critical Signal Loss (Flatline) (Loss: 0.00),High
2026-01-07 15:51:30,Physical Anomaly,ECG AI,Critical Signal Loss (Flatline) (Loss: 0.00),High
2026-01-07 15:51:30,Physical Anomaly,ECG AI,Critical Signal Loss (Flatline) (Loss: 0.00),High
2026-01-07 15:51:30,Physical Anomaly,ECG AI,Critical Signal Loss (Flatline) (Loss: 0.00),High
2026-01-07 15:51:30,Physical Anomaly,ECG AI,Critical Signal Loss (Flatline) (Loss: 0.00),High
2026-01-07 15:51:30,Physical Anomaly,ECG AI,Critical Signal Loss (Flatline) (Loss: 0.00),High
2026-01-07 15:51:30,Physical Anomaly,ECG AI,Critical Signal Loss (Flatline) (Loss: 0.00),High
2026-01-07 15:51:30,Physical Anomaly,ECG AI,Critical Signal Loss (Flatline) (Loss: 0.00),High
2026-01-07 15:51:31,Physical Anomaly,ECG AI,Critical Signal Loss (Flatline) (Loss: 0.00),High
2026-01-07 15:51:31,Physical Anomaly,ECG AI,Critical Signal Loss (Flatline) (Loss: 0.00),High
2026-01-07 15:51:31,Physical Anomaly,ECG AI,Critical Signal Loss (Flatline) (Loss: 0.00),High
2026-01-07 15:51:31,Physical Anomaly,ECG AI,Critical Signal Loss (Flatline) (Loss: 0.00),High
2026-01-07 15:51:31,Physical Anomaly,ECG AI,Critical Signal Loss (Flatline) (Loss: 0.00),High
2026-01-07 15:51:31,Physical Anomaly,ECG AI,Critical Signal Loss (Flatline) (Loss: 0.00),High
2026-01-07 15:51:31,Physical Anomaly,ECG AI,Critical Signal Loss (Flatline) (Loss: 0.00),High
2026-01-07 15:51:31,Physical Anomaly,ECG AI,Critical Signal Loss (Flatline) (Loss: 0.00),High
2026-01-07 15:51:31,Physical Anomaly,ECG AI,Critical Signal Loss (Flatline) (Loss: 0.00),High
2026-01-07 15:51:31,Physical Anomaly,ECG AI,Critical Signal Loss (Flatline) (Loss: 0.00),High
2026-01-07 15:51:31,Physical Anomaly,ECG AI,Critical Signal Loss (Flatline) (Loss: 0.00),High
2026-01-07 15:51:31,Physical Anomaly,ECG AI,Critical Signal Loss (Flatline) (Loss: 0.00),High
2026-01-07 15:51:32,Physical Anomaly,ECG AI,Critical Signal Loss (Flatline) (Loss: 0.00),High
2026-01-07 15:51:32,Physical Anomaly,ECG AI,Critical Signal Loss (Flatline) (Loss: 0.00),High
2026-01-07 15:51:32,Physical Anomaly,ECG AI,Critical Signal Loss (Flatline) (Loss: 0.00),High
2026-01-07 15:51:32,Physical Anomaly,ECG AI,Critical Signal Loss (Flatline) (Loss: 0.00),High
2026-01-07 15:51:32,Physical Anomaly,ECG AI,Critical Signal Loss (Flatline) (Loss: 0.00),High
2026-01-07 15:51:32,Physical Anomaly,ECG AI,Critical Signal Loss (Flatline) (Loss: 0.00),High
2026-01-07 15:51:32,Physical Anomaly,ECG AI,Critical Signal Loss (Flatline) (Loss: 0.00),High
2026-01-07 15:51:32,Physical Anomaly,ECG AI,Critical Signal Loss (Flatline) (Loss: 0.00),High
2026-01-07 15:51:32,Physical Anomaly,ECG AI,Critical Signal Loss (Flatline) (Loss: 0.00),High
2026-01-07 15:51:32,Physical Anomaly,ECG AI,Critical Signal Loss (Flatline) (Loss: 0.00),High
2026-01-07 15:51:32,Physical Anomaly,ECG AI,Critical Signal Loss (Flatline) (Loss: 0.00),High
2026-01-07 15:51:32,Physical Anomaly,ECG AI,Critical Signal Loss (Flatline) (Loss: 0.00),High
2026-01-07 15:51:33,Physical Anomaly,ECG AI,Critical Signal Loss (Flatline) (Loss: 0.00),High
2026-01-07 15:51:33,Physical Anomaly,ECG AI,Critical Signal Loss (Flatline) (Loss: 0.00),High
2026-01-07 15:51:33,Physical Anomaly,ECG AI,Critical Signal Loss (Flatline) (Loss: 0.00),High
2026-01-07 15:51:33,Physical Anomaly,ECG AI,Critical Signal Loss (Flatline) (Loss: 0.00),High
2026-01-07 15:51:33,Physical Anomaly,ECG AI,Critical Signal Loss (Flatline) (Loss: 0.00),High
2026-01-07 15:51:33,Physical Anomaly,ECG AI,Critical Signal Loss (Flatline) (Loss: 0.00),High
2026-01-07 15:51:33,Physical Anomaly,ECG AI,Critical Signal Loss (Flatline) (Loss: 0.00),High
2026-01-07 15:51:33,Physical Anomaly,ECG AI,Critical Signal Loss (Flatline) (Loss: 0.00),High
2026-01-07 15:51:33,Physical Anomaly,ECG AI,Critical Signal Loss (Flatline) (Loss: 0.00),High
2026-01-07 15:51:33,Physical Anomaly,ECG AI,Critical Signal Loss (Flatline) (Loss: 0.00),High
2026-01-07 15:51:33,Physical Anomaly,ECG AI,Critical Signal Loss (Flatline) (Loss: 0.00),High
2026-01-07 15:51:33,Physical Anomaly,ECG AI,Critical Signal Loss (Flatline) (Loss: 0.00),High
2026-01-07 15:51:34,Physical Anomaly,ECG AI,Critical Signal Loss (Flatline) (Loss: 0.00),High
2026-01-07 15:51:34,Physical Anomaly,ECG AI,Critical Signal Loss (Flatline) (Loss: 0.00),High
2026-01-07 15:51:34,Physical Anomaly,ECG AI,Critical Signal Loss (Flatline) (Loss: 0.00),High
2026-01-07 15:51:34,Physical Anomaly,ECG AI,Critical Signal Loss (Flatline) (Loss: 0.00),High
2026-01-07 15:51:34,Physical Anomaly,ECG AI,Critical Signal Loss (Flatline) (Loss: 0.00),High
2026-01-07 15:51:34,Physical Anomaly,ECG AI,Critical Signal Loss (Flatline) (Loss: 0.00),High
2026-01-07 15:51:34,Physical Anomaly,ECG AI,Critical Signal Loss (Flatline) (Loss: 0.00),High
2026-01-07 15:51:34,Physical Anomaly,ECG AI,Critical Signal Loss (Flatline) (Loss: 0.00),High
2026-01-07 15:51:34,Physical Anomaly,ECG AI,Critical Signal Loss (Flatline) (Loss: 0.00),High
2026-01-07 15:51:34,Physical Anomaly,ECG AI,Critical Signal Loss (Flatline) (Loss: 0.00),High
2026-01-07 15:51:34,Physical Anomaly,ECG AI,Critical Signal Loss (Flatline) (Loss: 0.00),High
2026-01-07 15:51:34,Physical Anomaly,ECG AI,Critical Signal Loss (Flatline) (Loss: 0.00),High
2026-01-07 15:51:34,Physical Anomaly,ECG AI,Critical Signal Loss (Flatline) (Loss: 0.00),High
2026-01-07 15:51:35,Physical Anomaly,ECG AI,Critical Signal Loss (Flatline) (Loss: 0.00),High
2026-01-07 15:51:35,Physical Anomaly,ECG AI,Critical Signal Loss (Flatline) (Loss: 0.00),High
2026-01-07 15:51:35,Physical Anomaly,ECG AI,Critical Signal Loss (Flatline) (Loss: 0.00),High
2026-01-07 15:51:35,Physical Anomaly,ECG AI,Critical Signal Loss (Flatline) (Loss: 0.00),High
2026-01-07 15:51:35,Physical Anomaly,ECG AI,Critical Signal Loss (Flatline) (Loss: 0.00),High
2026-01-07 15:51:35,Physical Anomaly,ECG AI,Critical Signal Loss (Flatline) (Loss: 0.00),High
2026-01-07 15:51:35,Physical Anomaly,ECG AI,Critical Signal Loss (Flatline) (Loss: 0.00),High
2026-01-07 15:51:35,Physical Anomaly,ECG AI,Critical Signal Loss (Flatline) (Loss: 0.00),High
2026-01-07 15:51:35,Physical Anomaly,ECG AI,Critical Signal Loss (Flatline) (Loss: 0.00),High
2026-01-07 15:51:35,Physical Anomaly,ECG AI,Critical Signal Loss (Flatline) (Loss: 0.00),High
2026-01-07 15:51:35,Physical Anomaly,ECG AI,Critical Signal Loss (Flatline) (Loss: 0.00),High
2026-01-07 15:51:35,Physical Anomaly,ECG AI,Critical Signal Loss (Flatline) (Loss: 0.00),High
2026-01-07 15:51:35,Physical Anomaly,ECG AI,Critical Signal Loss (Flatline) (Loss: 0.00),High
2026-01-07 15:51:36,Physical Anomaly,ECG AI,Critical Signal Loss (Flatline) (Loss: 0.00),High
2026-01-07 15:51:36,Physical Anomaly,ECG AI,Critical Signal Loss (Flatline) (Loss: 0.00),High
2026-01-07 15:51:36,Physical Anomaly,ECG AI,Critical Signal Loss (Flatline) (Loss: 0.00),High
2026-01-07 15:51:36,Physical Anomaly,ECG AI,Critical Signal Loss (Flatline) (Loss: 0.00),High
2026-01-07 15:51:36,Physical Anomaly,ECG AI,Critical Signal Loss (Flatline) (Loss: 0.00),High
2026-01-07 15:51:36,Physical Anomaly,ECG AI,Critical Signal Loss (Flatline) (Loss: 0.00),High
2026-01-07 15:51:37,Physical Anomaly,ECG AI,Critical Signal Loss (Flatline) (Loss: 0.00),High
2026-01-07 15:51:37,Physical Anomaly,ECG AI,Critical Signal Loss (Flatline) (Loss: 0.00),High
2026-01-07 15:51:37,Physical Anomaly,ECG AI,Critical Signal Loss (Flatline) (Loss: 0.00),High
2026-01-07 15:51:37,Physical Anomaly,ECG AI,Critical Signal Loss (Flatline) (Loss: 0.00),High
2026-01-07 15:51:37,Physical Anomaly,ECG AI,Critical Signal Loss (Flatline) (Loss: 0.00),High
2026-01-07 15:51:37,Physical Anomaly,ECG AI,Critical Signal Loss (Flatline) (Loss: 0.00),High
2026-01-07 15:51:37,Physical Anomaly,ECG AI,Critical Signal Loss (Flatline) (Loss: 0.00),High
2026-01-07 15:51:37,Physical Anomaly,ECG AI,Critical Signal Loss (Flatline) (Loss: 0.00),High
2026-01-07 15:51:37,Physical Anomaly,ECG AI,Critical Signal Loss (Flatline) (Loss: 0.00),High
2026-01-07 15:51:37,Physical Anomaly,ECG AI,Critical Signal Loss (Flatline) (Loss: 0.00),High
2026-01-07 15:51:37,Physical Anomaly,ECG AI,Critical Signal Loss (Flatline) (Loss: 0.00),High
2026-01-07 15:51:37,Physical Anomaly,ECG AI,Critical Signal Loss (Flatline) (Loss: 0.00),High
2026-01-07 15:51:38,Physical Anomaly,ECG AI,Critical Signal Loss (Flatline) (Loss: 0.00),High
2026-01-07 15:51:38,Physical Anomaly,ECG AI,Critical Signal Loss (Flatline) (Loss: 0.00),High
2026-01-07 15:51:38,Physical Anomaly,ECG AI,Critical Signal Loss (Flatline) (Loss: 0.00),High
2026-01-07 15:51:38,Physical Anomaly,ECG AI,Critical Signal Loss (Flatline) (Loss: 0.00),High
2026-01-07 15:51:38,Physical Anomaly,ECG AI,Critical Signal Loss (Flatline) (Loss: 0.00),High
2026-01-07 15:51:38,Physical Anomaly,ECG AI,Critical Signal Loss (Flatline) (Loss: 0.00),High
2026-01-07 15:51:38,Physical Anomaly,ECG AI,Critical Signal Loss (Flatline) (Loss: 0.00),High
2026-01-07 15:51:38,Physical Anomaly,ECG AI,Critical Signal Loss (Flatline) (Loss: 0.00),High
2026-01-07 15:51:38,Physical Anomaly,ECG AI,Critical Signal Loss (Flatline) (Loss: 0.00),High
2026-01-07 15:51:38,Physical Anomaly,ECG AI,Critical Signal Loss (Flatline) (Loss: 0.00),High
2026-01-07 15:51:38,Physical Anomaly,ECG AI,Critical Signal Loss (Flatline) (Loss: 0.00),High
2026-01-07 15:51:39,Physical Anomaly,ECG AI,Critical Signal Loss (Flatline) (Loss: 0.00),High
2026-01-07 15:51:39,Physical Anomaly,ECG AI,Critical Signal Loss (Flatline) (Loss: 0.00),High
2026-01-07 15:51:39,Physical Anomaly,ECG AI,Critical Signal Loss (Flatline) (Loss: 0.00),High
2026-01-07 15:51:39,Physical Anomaly,ECG AI,Critical Signal Loss (Flatline) (Loss: 0.00),High
2026-01-07 15:51:39,Physical Anomaly,ECG AI,Critical Signal Loss (Flatline) (Loss: 0.00),High
2026-01-07 15:51:39,Physical Anomaly,ECG AI,Critical Signal Loss (Flatline) (Loss: 0.00),High
2026-01-07 15:51:39,Physical Anomaly,ECG AI,Critical Signal Loss (Flatline) (Loss: 0.00),High
2026-01-07 15:51:39,Physical Anomaly,ECG AI,Critical Signal Loss (Flatline) (Loss: 0.00),High
2026-01-07 15:51:39,Physical Anomaly,ECG AI,Critical Signal Loss (Flatline) (Loss: 0.00),High
2026-01-07 15:51:39,Physical Anomaly,ECG AI,Critical Signal Loss (Flatline) (Loss: 0.00),High
2026-01-07 15:51:39,Physical Anomaly,ECG AI,Critical Signal Loss (Flatline) (Loss: 0.00),High
2026-01-07 15:51:39,Physical Anomaly,ECG AI,Critical Signal Loss (Flatline) (Loss: 0.00),High
2026-01-07 15:51:39,Physical Anomaly,ECG AI,Critical Signal Loss (Flatline) (Loss: 0.00),High
2026-01-07 15:51:40,Physical Anomaly,ECG AI,Critical Signal Loss (Flatline) (Loss: 0.00),High
2026-01-07 15:51:40,Physical Anomaly,ECG AI,Critical Signal Loss (Flatline) (Loss: 0.00),High
2026-01-07 15:51:40,Physical Anomaly,ECG AI,Critical Signal Loss (Flatline) (Loss: 0.00),High
2026-01-07 15:51:40,Physical Anomaly,ECG AI,Critical Signal Loss (Flatline) (Loss: 0.01),High
2026-01-07 15:51:40,Physical Anomaly,ECG AI,Critical Signal Loss (Flatline) (Loss: 0.01),High
2026-01-07 15:51:40,Cyber Attack,Network AI,Detected Smurf (40.1%),High
2026-01-07 15:51:40,Cyber Attack,Network AI,Detected Smurf (40.1%),High
2026-01-07 15:51:40,Cyber Attack,Network AI,Detected Smurf (40.1%),High
2026-01-07 15:51:40,Cyber Attack,Network AI,Detected Smurf (40.1%),High
2026-01-07 15:51:41,Cyber Attack,Network AI,Detected Smurf (40.1%),High
2026-01-07 15:51:41,Cyber Attack,Network AI,Detected Smurf (40.1%),High
2026-01-07 15:51:41,Cyber Attack,Network AI,Detected Smurf (40.1%),High
2026-01-07 15:51:41,Physical Anomaly,ECG AI,Spoofing (High Noise) (Loss: 0.30),High
2026-01-07 15:51:41,Physical Anomaly,ECG AI,Spoofing (High Noise) (Loss: 0.34),High
2026-01-07 15:51:41,Physical Anomaly,ECG AI,Spoofing (High Noise) (Loss: 0.36),High
2026-01-07 15:51:41,Cyber Attack,Network AI,Detected Smurf (40.1%),High
2026-01-07 15:51:42,Physical Anomaly,ECG AI,Spoofing (High Noise) (Loss: 0.36),High
2026-01-07 15:51:42,Physical Anomaly,ECG AI,Spoofing (High Noise) (Loss: 0.38),High
2026-01-07 15:51:42,Cyber Attack,Network AI,Detected Smurf (40.1%),High
2026-01-07 15:51:42,Physical Anomaly,ECG AI,Spoofing (High Noise) (Loss: 0.39),High
2026-01-07 15:51:42,Physical Anomaly,ECG AI,Spoofing (High Noise) (Loss: 0.37),High
2026-01-07 15:51:42,Physical Anomaly,ECG AI,Spoofing (High Noise) (Loss: 0.34),High
2026-01-07 15:51:42,Cyber Attack,Network AI,Detected Smurf (40.1%),High
2026-01-07 15:51:42,Physical Anomaly,ECG AI,Spoofing (High Noise) (Loss: 0.34),High
2026-01-07 15:51:42,Physical Anomaly,ECG AI,Spoofing (High Noise) (Loss: 0.32),High
2026-01-07 15:51:42,Cyber Attack,Network AI,Detected Smurf (40.1%),High
2026-01-07 15:51:42,Physical Anomaly,ECG AI,Spoofing (High Noise) (Loss: 0.33),High
2026-01-07 15:51:42,Physical Anomaly,ECG AI,Spoofing (High Noise) (Loss: 0.31),High
2026-01-07 15:51:42,Physical Anomaly,ECG AI,Spoofing (High Noise) (Loss: 0.31),High
2026-01-07 15:51:42,Physical Anomaly,ECG AI,Spoofing (High Noise) (Loss: 0.32),High
2026-01-07 15:51:42,Cyber Attack,Network AI,Detected Smurf (40.1%),High
2026-01-07 15:51:42,Physical Anomaly,ECG AI,Spoofing (High Noise) (Loss: 0.36),High
2026-01-07 15:51:42,Physical Anomaly,ECG AI,Spoofing (High Noise) (Loss: 0.32),High
2026-01-07 15:51:42,Cyber Attack,Network AI,Detected Smurf (40.1%),High
2026-01-07 15:51:43,Physical Anomaly,ECG AI,Spoofing (High Noise) (Loss: 0.32),High
2026-01-07 15:51:43,Physical Anomaly,ECG AI,Spoofing (High Noise) (Loss: 0.30),High
2026-01-07 15:51:43,Cyber Attack,Network AI,Detected Smurf (40.1%),High
2026-01-07 15:51:43,Physical Anomaly,ECG AI,Spoofing (High Noise) (Loss: 0.24),High
2026-01-07 15:51:43,Physical Anomaly,ECG AI,Spoofing (High Noise) (Loss: 0.22),High
2026-01-07 15:51:43,Physical Anomaly,ECG AI,Spoofing (High Noise) (Loss: 0.21),High
2026-01-07 15:51:43,Cyber Attack,Network AI,Detected Smurf (40.1%),High
2026-01-07 15:51:43,Physical Anomaly,ECG AI,Spoofing (High Noise) (Loss: 0.22),High
2026-01-07 15:51:43,Physical Anomaly,ECG AI,Spoofing (High Noise) (Loss: 0.21),High
2026-01-07 15:51:43,Cyber Attack,Network AI,Detected Smurf (40.1%),High
2026-01-07 15:51:43,Physical Anomaly,ECG AI,Spoofing (High Noise) (Loss: 0.21),High
2026-01-07 15:51:43,Physical Anomaly,ECG AI,Spoofing (High Noise) (Loss: 0.20),High
2026-01-07 15:51:43,Cyber Attack,Network AI,Detected Smurf (40.1%),High
2026-01-07 15:51:43,Physical Anomaly,ECG AI,Spoofing (High Noise) (Loss: 0.19),High
2026-01-07 15:51:43,Physical Anomaly,ECG AI,Spoofing (High Noise) (Loss: 0.20),High
2026-01-07 15:51:43,Physical Anomaly,ECG AI,Spoofing (High Noise) (Loss: 0.18),High
2026-01-07 15:51:43,Physical Anomaly,ECG AI,Spoofing (High Noise) (Loss: 0.13),High
2026-01-07 15:51:43,Cyber Attack,Network AI,Detected Smurf (40.1%),High
2026-01-07 15:51:44,Physical Anomaly,ECG AI,Spoofing (High Noise) (Loss: 0.16),High
2026-01-07 15:51:44,Cyber Attack,Network AI,Detected Smurf (40.1%),High
2026-01-07 15:51:44,Physical Anomaly,ECG AI,Spoofing (High Noise) (Loss: 0.15),High
2026-01-07 15:51:44,Physical Anomaly,ECG AI,Spoofing (High Noise) (Loss: 0.16),High
2026-01-07 15:51:44,Physical Anomaly,ECG AI,Spoofing (High Noise) (Loss: 0.18),High
2026-01-07 15:51:44,Cyber Attack,Network AI,Detected Smurf (40.1%),High
2026-01-07 15:51:44,Physical Anomaly,ECG AI,Spoofing (High Noise) (Loss: 0.20),High
2026-01-07 15:51:44,Physical Anomaly,ECG AI,Spoofing (High Noise) (Loss: 0.20),High
2026-01-07 15:51:44,Cyber Attack,Network AI,Detected Smurf (40.1%),High
2026-01-07 15:51:44,Physical Anomaly,ECG AI,Spoofing (High Noise) (Loss: 0.23),High
2026-01-07 15:51:44,Physical Anomaly,ECG AI,Spoofing (High Noise) (Loss: 0.24),High
2026-01-07 15:51:44,Cyber Attack,Network AI,Detected Smurf (40.1%),High
0.24),High
2026-01-07 15:51:44,Physical Anomaly,ECG AI,Spoofing (High Noise) (Loss: 0.25),High
2026-01-07 15:51:44,Physical Anomaly,ECG AI,Spoofing (High Noise) (Loss: 0.24),High
2026-01-07 15:51:44,Physical Anomaly,ECG AI,Spoofing (High Noise) (Loss: 0.24),High
2026-01-07 15:51:44,Cyber Attack,Network AI,Detected Smurf (40.1%),High
2026-01-07 15:51:44,Physical Anomaly,ECG AI,Spoofing (High Noise) (Loss: 0.25),High
2026-01-07 15:51:44,Cyber Attack,Network AI,Detected Smurf (40.1%),High
2026-01-07 15:51:45,Physical Anomaly,ECG AI,Spoofing (High Noise) (Loss: 0.27),High
2026-01-07 15:51:45,Physical Anomaly,ECG AI,Spoofing (High Noise) (Loss: 0.27),High
2026-01-07 15:51:45,Physical Anomaly,ECG AI,Spoofing (High Noise) (Loss: 0.30),High
2026-01-07 15:51:45,Cyber Attack,Network AI,Detected Smurf (40.1%),High
2026-01-07 15:51:45,Physical Anomaly,ECG AI,Spoofing (High Noise) (Loss: 0.31),High
2026-01-07 15:51:45,Physical Anomaly,ECG AI,Spoofing (High Noise) (Loss: 0.30),High
2026-01-07 15:51:45,Cyber Attack,Network AI,Detected Smurf (40.1%),High
2026-01-07 15:51:45,Physical Anomaly,ECG AI,Spoofing (High Noise) (Loss: 0.27),High
2026-01-07 15:51:45,Physical Anomaly,ECG AI,Spoofing (High Noise) (Loss: 0.26),High
2026-01-07 15:51:45,Physical Anomaly,ECG AI,Spoofing (High Noise) (Loss: 0.25),High
2026-01-07 15:51:45,Cyber Attack,Network AI,Detected Smurf (40.1%),High
2026-01-07 15:51:46,Physical Anomaly,ECG AI,Spoofing (High Noise) (Loss: 0.25),High
2026-01-07 15:51:46,Physical Anomaly,ECG AI,Spoofing (High Noise) (Loss: 0.26),High
2026-01-07 15:51:46,Cyber Attack,Network AI,Detected Smurf (40.1%),High
2026-01-07 15:51:46,Physical Anomaly,ECG AI,Spoofing (High Noise) (Loss: 0.28),High
2026-01-07 15:51:46,Physical Anomaly,ECG AI,Spoofing (High Noise) (Loss: 0.29),High
2026-01-07 15:51:46,Physical Anomaly,ECG AI,Spoofing (High Noise) (Loss: 0.26),High
2026-01-07 15:51:46,Cyber Attack,Network AI,Detected Smurf (40.1%),High
2026-01-07 15:51:46,Physical Anomaly,ECG AI,Spoofing (High Noise) (Loss: 0.25),High
2026-01-07 15:51:46,Physical Anomaly,ECG AI,Spoofing (High Noise) (Loss: 0.27),High
2026-01-07 15:51:46,Cyber Attack,Network AI,Detected Smurf (40.1%),High
2026-01-07 15:51:46,Physical Anomaly,ECG AI,Spoofing (High Noise) (Loss: 0.25),High
2026-01-07 15:51:46,Physical Anomaly,ECG AI,Spoofing (High Noise) (Loss: 0.24),High
2026-01-07 15:51:46,Physical Anomaly,ECG AI,Spoofing (High Noise) (Loss: 0.24),High
2026-01-07 15:51:46,Cyber Attack,Network AI,Detected Smurf (40.1%),High
2026-01-07 15:51:46,Physical Anomaly,ECG AI,Spoofing (High Noise) (Loss: 0.24),High
2026-01-07 15:51:46,Physical Anomaly,ECG AI,Spoofing (High Noise) (Loss: 0.28),High
2026-01-07 15:51:46,Cyber Attack,Network AI,Detected Smurf (40.1%),High
2026-01-07 15:51:46,Physical Anomaly,ECG AI,Spoofing (High Noise) (Loss: 0.26),High
2026-01-07 15:51:46,Physical Anomaly,ECG AI,Spoofing (High Noise) (Loss: 0.26),High
2026-01-07 15:51:46,Cyber Attack,Network AI,Detected Smurf (40.1%),High
2026-01-07 15:51:47,Physical Anomaly,ECG AI,Spoofing (High Noise) (Loss: 0.32),High
2026-01-07 15:51:47,Physical Anomaly,ECG AI,Spoofing (High Noise) (Loss: 0.26),High
2026-01-07 15:51:47,Physical Anomaly,ECG AI,Spoofing (High Noise) (Loss: 0.26),High
2026-01-07 15:51:47,Cyber Attack,Network AI,Detected Smurf (40.1%),High
2026-01-07 15:51:47,Physical Anomaly,ECG AI,Spoofing (High Noise) (Loss: 0.26),High
2026-01-07 15:51:47,Physical Anomaly,ECG AI,Spoofing (High Noise) (Loss: 0.27),High
2026-01-07 15:51:47,Cyber Attack,Network AI,Detected Smurf (40.1%),High
2026-01-07 15:51:47,Physical Anomaly,ECG AI,Spoofing (High Noise) (Loss: 0.28),High
2026-01-07 15:51:47,Physical Anomaly,ECG AI,Spoofing (High Noise) (Loss: 0.28),High
2026-01-07 15:51:47,Cyber Attack,Network AI,Detected Smurf (40.1%),High
2026-01-07 15:51:47,Physical Anomaly,ECG AI,Spoofing (High Noise) (Loss: 0.32),High
2026-01-07 15:51:47,Physical Anomaly,ECG AI,Spoofing (High Noise) (Loss: 0.30),High
2026-01-07 15:51:47,Physical Anomaly,ECG AI,Spoofing (High Noise) (Loss: 0.27),High
2026-01-07 15:51:47,Physical Anomaly,ECG AI,Spoofing (High Noise) (Loss: 0.31),High
2026-01-07 15:51:47,Cyber Attack,Network AI,Detected Smurf (40.1%),High
2026-01-07 15:51:47,Physical Anomaly,ECG AI,Spoofing (High Noise) (Loss: 0.32),High
2026-01-07 15:51:47,Physical Anomaly,ECG AI,Spoofing (High Noise) (Loss: 0.29),High
2026-01-07 15:51:47,Cyber Attack,Network AI,Detected Smurf (40.1%),High
2026-01-07 15:51:48,Physical Anomaly,ECG AI,Spoofing (High Noise) (Loss: 0.25),High
2026-01-07 15:51:48,Physical Anomaly,ECG AI,Spoofing (High Noise) (Loss: 0.26),High
2026-01-07 15:51:48,Physical Anomaly,ECG AI,Spoofing (High Noise) (Loss: 0.24),High
2026-01-07 15:51:48,Cyber Attack,Network AI,Detected Smurf (40.1%),High
2026-01-07 15:51:48,Physical Anomaly,ECG AI,Spoofing (High Noise) (Loss: 0.25),High
2026-01-07 15:51:48,Cyber Attack,Network AI,Detected Smurf (40.1%),High
2026-01-07 15:51:48,Physical Anomaly,ECG AI,Spoofing (High Noise) (Loss: 0.25),High
2026-01-07 15:51:48,Physical Anomaly,ECG AI,Spoofing (High Noise) (Loss: 0.23),High
2026-01-07 15:51:48,Physical Anomaly,ECG AI,Spoofing (High Noise) (Loss: 0.23),High
2026-01-07 15:51:48,Cyber Attack,Network AI,Detected Smurf (40.1%),High
2026-01-07 15:51:49,Physical Anomaly,ECG AI,Spoofing (High Noise) (Loss: 0.24),High
2026-01-07 15:51:49,Physical Anomaly,ECG AI,Spoofing (High Noise) (Loss: 0.24),High
2026-01-07 15:51:49,Cyber Attack,Network AI,Detected Smurf (40.1%),High
2026-01-07 15:51:49,Physical Anomaly,ECG AI,Rate Tampering (Tachycardia) (Loss: 0.22),High
2026-01-07 15:51:49,Physical Anomaly,ECG AI,Rate Tampering (Tachycardia) (Loss: 0.23),High
2026-01-07 15:51:49,Physical Anomaly,ECG AI,Rate Tampering (Tachycardia) (Loss: 0.19),High
2026-01-07 15:51:49,Physical Anomaly,ECG AI,Rate Tampering (Tachycardia) (Loss: 0.18),High
2026-01-07 15:51:49,Cyber Attack,Network AI,Detected Smurf (40.1%),High
2026-01-07 15:51:49,Cyber Attack,Network AI,Detected Smurf (40.1%),High
2026-01-07 15:51:49,Physical Anomaly,ECG AI,Spoofing (High Noise) (Loss: 0.18),High
2026-01-07 15:51:49,Physical Anomaly,ECG AI,Spoofing (High Noise) (Loss: 0.20),High
2026-01-07 15:51:49,Physical Anomaly,ECG AI,Spoofing (High Noise) (Loss: 0.19),High
2026-01-07 15:51:49,Physical Anomaly,ECG AI,Spoofing (High Noise) (Loss: 0.20),High
2026-01-07 15:51:49,Cyber Attack,Network AI,Detected Smurf (40.1%),High
2026-01-07 15:51:49,Physical Anomaly,ECG AI,Spoofing (High Noise) (Loss: 0.21),High
2026-01-07 15:51:49,Physical Anomaly,ECG AI,Spoofing (High Noise) (Loss: 0.25),High
2026-01-07 15:51:49,Cyber Attack,Network AI,Detected Smurf (40.1%),High
2026-01-07 15:51:49,Physical Anomaly,ECG AI,Spoofing (High Noise) (Loss: 0.23),High
2026-01-07 15:51:49,Cyber Attack,Network AI,Detected Smurf (40.1%),High
2026-01-07 15:51:49,Physical Anomaly,ECG AI,Spoofing (High Noise) (Loss: 0.23),High
2026-01-07 15:51:50,Physical Anomaly,ECG AI,Spoofing (High Noise) (Loss: 0.22),High
2026-01-07 15:51:50,Physical Anomaly,ECG AI,Spoofing (High Noise) (Loss: 0.22),High
2026-01-07 15:51:50,Cyber Attack,Network AI,Detected Smurf (40.1%),High
2026-01-07 15:51:50,Physical Anomaly,ECG AI,Spoofing (High Noise) (Loss: 0.23),High
2026-01-07 15:51:50,Physical Anomaly,ECG AI,Spoofing (High Noise) (Loss: 0.24),High
2026-01-07 15:51:50,Cyber Attack,Network AI,Detected Smurf (40.1%),High
2026-01-07 15:51:50,Physical Anomaly,ECG AI,Spoofing (High Noise) (Loss: 0.26),High
2026-01-07 15:51:50,Physical Anomaly,ECG AI,Spoofing (High Noise) (Loss: 0.27),High
2026-01-07 15:51:50,Physical Anomaly,ECG AI,Spoofing (High Noise) (Loss: 0.30),High
2026-01-07 15:51:50,Cyber Attack,Network AI,Detected Smurf (40.1%),High
2026-01-07 15:51:50,Physical Anomaly,ECG AI,Spoofing (High Noise) (Loss: 0.31),High
2026-01-07 15:51:50,Physical Anomaly,ECG AI,Spoofing (High Noise) (Loss: 0.33),High
2026-01-07 15:51:50,Physical Anomaly,ECG AI,Spoofing (High Noise) (Loss: 0.30),High
2026-01-07 15:51:50,Physical Anomaly,ECG AI,Spoofing (High Noise) (Loss: 0.27),High
2026-01-07 15:51:50,Cyber Attack,Network AI,Detected Smurf (40.1%),High
2026-01-07 15:51:50,Physical Anomaly,ECG AI,Spoofing (High Noise) (Loss: 0.25),High
2026-01-07 15:51:50,Cyber Attack,Network AI,Detected Smurf (40.1%),High
2026-01-07 15:51:50,Physical Anomaly,ECG AI,Spoofing (High Noise) (Loss: 0.27),High
2026-01-07 15:51:51,Physical Anomaly,ECG AI,Spoofing (High Noise) (Loss: 0.27),High
2026-01-07 15:51:51,Cyber Attack,Network AI,Detected Smurf (40.1%),High
2026-01-07 15:51:51,Physical Anomaly,ECG AI,Spoofing (High Noise) (Loss: 0.27),High
2026-01-07 15:51:51,Physical Anomaly,ECG AI,Spoofing (High Noise) (Loss: 0.28),High
2026-01-07 15:51:51,Physical Anomaly,ECG AI,Spoofing (High Noise) (Loss: 0.28),High
2026-01-07 15:51:51,Physical Anomaly,ECG AI,Spoofing (High Noise) (Loss: 0.26),High
2026-01-07 15:51:51,Physical Anomaly,ECG AI,Spoofing (High Noise) (Loss: 0.25),High
2026-01-07 15:51:51,Cyber Attack,Network AI,Detected Smurf (40.1%),High
2026-01-07 15:51:51,Physical Anomaly,ECG AI,Spoofing (High Noise) (Loss: 0.23),High
2026-01-07 15:51:51,Cyber Attack,Network AI,Detected Smurf (40.1%),High
2026-01-07 15:51:51,Physical Anomaly,ECG AI,Spoofing (High Noise) (Loss: 0.23),High
2026-01-07 15:51:52,Physical Anomaly,ECG AI,Spoofing (High Noise) (Loss: 0.22),High
2026-01-07 15:51:52,Physical Anomaly,ECG AI,Spoofing (High Noise) (Loss: 0.22),High
2026-01-07 15:51:52,Cyber Attack,Network AI,Detected Smurf (40.1%),High
2026-01-07 15:51:52,Physical Anomaly,ECG AI,Spoofing (High Noise) (Loss: 0.22),High
2026-01-07 15:51:52,Physical Anomaly,ECG AI,Spoofing (High Noise) (Loss: 0.23),High
2026-01-07 15:51:52,Cyber Attack,Network AI,Detected Smurf (40.1%),High
2026-01-07 15:51:52,Physical Anomaly,ECG AI,Spoofing (High Noise) (Loss: 0.25),High
2026-01-07 15:51:52,Physical Anomaly,ECG AI,Spoofing (High Noise) (Loss: 0.22),High
2026-01-07 15:51:52,Cyber Attack,Network AI,Detected Smurf (40.1%),High
2026-01-07 15:51:52,Physical Anomaly,ECG AI,Spoofing (High Noise) (Loss: 0.25),High
2026-01-07 15:51:52,Physical Anomaly,ECG AI,Spoofing (High Noise) (Loss: 0.27),High
2026-01-07 15:51:52,Cyber Attack,Network AI,Detected Smurf (40.1%),High
2026-01-07 15:51:52,Physical Anomaly,ECG AI,Spoofing (High Noise) (Loss: 0.26),High
2026-01-07 15:51:52,Physical Anomaly,ECG AI,Spoofing (High Noise) (Loss: 0.25),High
2026-01-07 15:51:52,Physical Anomaly,ECG AI,Spoofing (High Noise) (Loss: 0.24),High
2026-01-07 15:51:52,Cyber Attack,Network AI,Detected Smurf (40.1%),High
2026-01-07 15:51:52,Physical Anomaly,ECG AI,Spoofing (High Noise) (Loss: 0.23),High
2026-01-07 15:51:52,Physical Anomaly,ECG AI,Spoofing (High Noise) (Loss: 0.25),High
2026-01-07 15:51:52,Physical Anomaly,ECG AI,Spoofing (High Noise) (Loss: 0.27),High
2026-01-07 15:51:52,Physical Anomaly,ECG AI,Spoofing (High Noise) (Loss: 0.27),High
2026-01-07 15:51:52,Cyber Attack,Network AI,Detected Smurf (40.1%),High
2026-01-07 15:51:53,Physical Anomaly,ECG AI,Spoofing (High Noise) (Loss: 0.28),High
2026-01-07 15:51:53,Cyber Attack,Network AI,Detected Smurf (40.1%),High
2026-01-07 15:51:53,Physical Anomaly,ECG AI,Spoofing (High Noise) (Loss: 0.29),High
2026-01-07 15:51:53,Physical Anomaly,ECG AI,Spoofing (High Noise) (Loss: 0.28),High
2026-01-07 15:51:53,Physical Anomaly,ECG AI,Spoofing (High Noise) (Loss: 0.26),High
2026-01-07 15:51:53,Cyber Attack,Network AI,Detected Smurf (40.1%),High
2026-01-07 15:51:53,Physical Anomaly,ECG AI,Spoofing (High Noise) (Loss: 0.28),High
2026-01-07 15:51:53,Physical Anomaly,ECG AI,Spoofing (High Noise) (Loss: 0.25),High
2026-01-07 15:51:53,Cyber Attack,Network AI,Detected Smurf (40.1%),High
2026-01-07 15:51:53,Physical Anomaly,ECG AI,Spoofing (High Noise) (Loss: 0.26),High
2026-01-07 15:51:53,Physical Anomaly,ECG AI,Spoofing (High Noise) (Loss: 0.34),High
2026-01-07 15:51:53,Cyber Attack,Network AI,Detected Smurf (40.1%),High
2026-01-07 15:51:53,Physical Anomaly,ECG AI,Spoofing (High Noise) (Loss: 0.36),High
2026-01-07 15:51:53,Physical Anomaly,ECG AI,Spoofing (High Noise) (Loss: 0.39),High
2026-01-07 15:51:53,Physical Anomaly,ECG AI,Spoofing (High Noise) (Loss: 0.40),High
2026-01-07 15:51:53,Cyber Attack,Network AI,Detected Smurf (40.1%),High
2026-01-07 15:51:53,Physical Anomaly,ECG AI,Spoofing (High Noise) (Loss: 0.39),High
2026-01-07 15:51:53,Physical Anomaly,ECG AI,Spoofing (High Noise) (Loss: 0.36),High
2026-01-07 15:51:53,Cyber Attack,Network AI,Detected Smurf (40.1%),High
2026-01-07 15:51:53,Physical Anomaly,ECG AI,Spoofing (High Noise) (Loss: 0.37),High
2026-01-07 15:51:53,Physical Anomaly,ECG AI,Spoofing (High Noise) (Loss: 0.36),High
2026-01-07 15:51:54,Cyber Attack,Network AI,Detected Smurf (40.1%),High
2026-01-07 15:51:54,Physical Anomaly,ECG AI,Spoofing (High Noise) (Loss: 0.36),High
2026-01-07 15:51:54,Physical Anomaly,ECG AI,Spoofing (High Noise) (Loss: 0.35),High
2026-01-07 15:51:54,Physical Anomaly,ECG AI,Spoofing (High Noise) (Loss: 0.37),High
2026-01-07 15:51:54,Cyber Attack,Network AI,Detected Smurf (40.1%),High
2026-01-07 15:51:54,Physical Anomaly,ECG AI,Spoofing (High Noise) (Loss: 0.34),High
2026-01-07 15:51:54,Physical Anomaly,ECG AI,Spoofing (High Noise) (Loss: 0.37),High
2026-01-07 15:51:54,Physical Anomaly,ECG AI,Spoofing (High Noise) (Loss: 0.35),High
2026-01-07 15:51:54,Cyber Attack,Network AI,Detected Smurf (40.1%),High
2026-01-07 15:51:54,Physical Anomaly,ECG AI,Spoofing (High Noise) (Loss: 0.36),High
2026-01-07 15:51:54,Physical Anomaly,ECG AI,Spoofing (High Noise) (Loss: 0.35),High
2026-01-07 15:51:54,Cyber Attack,Network AI,Detected Smurf (40.1%),High
2026-01-07 15:51:55,Physical Anomaly,ECG AI,Spoofing (High Noise) (Loss: 0.30),High
2026-01-07 15:51:55,Physical Anomaly,ECG AI,Spoofing (High Noise) (Loss: 0.28),High
2026-01-07 15:51:55,Physical Anomaly,ECG AI,Spoofing (High Noise) (Loss: 0.27),High
2026-01-07 15:51:55,Cyber Attack,Network AI,Detected Smurf (40.1%),High
2026-01-07 15:51:55,Physical Anomaly,ECG AI,Spoofing (High Noise) (Loss: 0.29),High
2026-01-07 15:51:55,Physical Anomaly,ECG AI,Spoofing (High Noise) (Loss: 0.29),High
2026-01-07 15:51:55,Cyber Attack,Network AI,Detected Smurf (40.1%),High
2026-01-07 15:51:55,Physical Anomaly,ECG AI,Spoofing (High Noise) (Loss: 0.29),High
2026-01-07 15:51:55,Physical Anomaly,ECG AI,Spoofing (High Noise) (Loss: 0.30),High
2026-01-07 15:51:55,Cyber Attack,Network AI,Detected Smurf (40.1%),High
2026-01-07 15:51:55,Physical Anomaly,ECG AI,Spoofing (High Noise) (Loss: 0.29),High
2026-01-07 15:51:55,Physical Anomaly,ECG AI,Spoofing (High Noise) (Loss: 0.31),High
2026-01-07 15:51:55,Physical Anomaly,ECG AI,Spoofing (High Noise) (Loss: 0.31),High
2026-01-07 15:51:55,Physical Anomaly,ECG AI,Spoofing (High Noise) (Loss: 0.25),High
2026-01-07 15:51:55,Cyber Attack,Network AI,Detected Smurf (40.1%),High
2026-01-07 15:51:55,Physical Anomaly,ECG AI,Spoofing (High Noise) (Loss: 0.24),High
2026-01-07 15:51:55,Cyber Attack,Network AI,Detected Smurf (40.1%),High
2026-01-07 15:51:55,Physical Anomaly,ECG AI,Spoofing (High Noise) (Loss: 0.21),High
2026-01-07 15:51:55,Physical Anomaly,ECG AI,Spoofing (High Noise) (Loss: 0.22),High
2026-01-07 15:51:55,Physical Anomaly,ECG AI,Spoofing (High Noise) (Loss: 0.27),High
2026-01-07 15:51:55,Cyber Attack,Network AI,Detected Smurf (40.1%),High
2026-01-07 15:51:56,Physical Anomaly,ECG AI,Spoofing (High Noise) (Loss: 0.26),High
2026-01-07 15:51:56,Physical Anomaly,ECG AI,Spoofing (High Noise) (Loss: 0.29),High
2026-01-07 15:51:56,Cyber Attack,Network AI,Detected Smurf (40.1%),High
2026-01-07 15:51:56,Physical Anomaly,ECG AI,Spoofing (High Noise) (Loss: 0.29),High
2026-01-07 15:51:56,Physical Anomaly,ECG AI,Spoofing (High Noise) (Loss: 0.32),High
2026-01-07 15:51:56,Physical Anomaly,ECG AI,Spoofing (High Noise) (Loss: 0.30),High
2026-01-07 15:51:56,Cyber Attack,Network AI,Detected Smurf (40.1%),High
2026-01-07 15:51:56,Physical Anomaly,ECG AI,Spoofing (High Noise) (Loss: 0.29),High
2026-01-07 15:51:56,Physical Anomaly,ECG AI,Spoofing (High Noise) (Loss: 0.29),High
2026-01-07 15:51:56,Cyber Attack,Network AI,Detected Smurf (40.1%),High
2026-01-07 15:51:57,Physical Anomaly,ECG AI,Spoofing (High Noise) (Loss: 0.29),High
2026-01-07 15:51:57,Physical Anomaly,ECG AI,Spoofing (High Noise) (Loss: 0.30),High
2026-01-07 15:51:57,Physical Anomaly,ECG AI,Spoofing (High Noise) (Loss: 0.33),High
2026-01-07 15:51:57,Physical Anomaly,ECG AI,Spoofing (High Noise) (Loss: 0.34),High
2026-01-07 15:51:57,Cyber Attack,Network AI,Detected Smurf (40.1%),High
2026-01-07 15:51:57,Physical Anomaly,ECG AI,Rate Tampering (Tachycardia) (Loss: 0.36),High
2026-01-07 15:51:57,Cyber Attack,Network AI,Detected Smurf (40.1%),High
2026-01-07 15:51:57,Physical Anomaly,ECG AI,Rate Tampering (Tachycardia) (Loss: 0.34),High
2026-01-07 15:51:57,Physical Anomaly,ECG AI,Rate Tampering (Tachycardia) (Loss: 0.33),High
2026-01-07 15:51:57,Cyber Attack,Network AI,Detected Smurf (40.1%),High
2026-01-07 15:51:57,Physical Anomaly,ECG AI,Rate Tampering (Tachycardia) (Loss: 0.33),High
2026-01-07 15:51:57,Physical Anomaly,ECG AI,Rate Tampering (Tachycardia) (Loss: 0.31),High
2026-01-07 15:51:57,Physical Anomaly,ECG AI,Rate Tampering (Tachycardia) (Loss: 0.31),High
2026-01-07 15:51:57,Cyber Attack,Network AI,Detected Smurf (40.1%),High
2026-01-07 15:51:57,Physical Anomaly,ECG AI,Rate Tampering (Tachycardia) (Loss: 0.28),High
2026-01-07 15:51:57,Physical Anomaly,ECG AI,Rate Tampering (Tachycardia) (Loss: 0.29),High
2026-01-07 15:51:57,Cyber Attack,Network AI,Detected Smurf (40.1%),High
2026-01-07 15:51:57,Physical Anomaly,ECG AI,Spoofing (High Noise) (Loss: 0.29),High
2026-01-07 15:51:57,Physical Anomaly,ECG AI,Spoofing (High Noise) (Loss: 0.29),High
2026-01-07 15:51:57,Cyber Attack,Network AI,Detected Smurf (40.1%),High
2026-01-07 15:51:57,Physical Anomaly,ECG AI,Spoofing (High Noise) (Loss: 0.34),High
2026-01-07 15:51:58,Physical Anomaly,ECG AI,Spoofing (High Noise) (Loss: 0.33),High
2026-01-07 15:51:58,Cyber Attack,Network AI,Detected Smurf (40.1%),High
2026-01-07 15:51:58,Physical Anomaly,ECG AI,Spoofing (High Noise) (Loss: 0.32),High
2026-01-07 15:51:58,Physical Anomaly,ECG AI,Spoofing (High Noise) (Loss: 0.31),High
2026-01-07 15:51:58,Physical Anomaly,ECG AI,Spoofing (High Noise) (Loss: 0.29),High
2026-01-07 15:51:58,Cyber Attack,Network AI,Detected DoS (38.6%),High
2026-01-07 15:51:58,Physical Anomaly,ECG AI,Spoofing (High Noise) (Loss: 0.31),High
2026-01-07 15:51:58,Physical Anomaly,ECG AI,Spoofing (High Noise) (Loss: 0.30),High
2026-01-07 15:51:58,Cyber Attack,Network AI,Detected DoS (39.5%),High
2026-01-07 15:51:58,Physical Anomaly,ECG AI,Spoofing (High Noise) (Loss: 0.26),High
2026-01-07 15:51:58,Physical Anomaly,ECG AI,Spoofing (High Noise) (Loss: 0.29),High
2026-01-07 15:51:58,Physical Anomaly,ECG AI,Spoofing (High Noise) (Loss: 0.24),High
2026-01-07 15:51:58,Cyber Attack,Network AI,Detected DoS (38.6%),High
2026-01-07 15:51:58,Physical Anomaly,ECG AI,Spoofing (High Noise) (Loss: 0.28),High
2026-01-07 15:51:58,Physical Anomaly,ECG AI,Spoofing (High Noise) (Loss: 0.26),High
2026-01-07 15:51:58,Cyber Attack,Network AI,Detected DoS (39.2%),High
2026-01-07 15:51:58,Physical Anomaly,ECG AI,Spoofing (High Noise) (Loss: 0.24),High
2026-01-07 15:51:58,Physical Anomaly,ECG AI,Spoofing (High Noise) (Loss: 0.21),High
2026-01-07 15:51:59,Physical Anomaly,ECG AI,Spoofing (High Noise) (Loss: 0.12),High
2026-01-07 15:51:59,Cyber Attack,Network AI,Detected DoS (39.5%),High
2026-01-07 15:51:59,Physical Anomaly,ECG AI,Spoofing (High Noise) (Loss: 0.10),High
2026-01-07 15:51:59,Physical Anomaly,ECG AI,Spoofing (High Noise) (Loss: 0.08),High
2026-01-07 15:51:59,Cyber Attack,Network AI,Detected DoS (39.5%),High
2026-01-07 15:51:59,Cyber Attack,Network AI,Detected DoS (38.6%),High
2026-01-07 15:51:59,Cyber Attack,Network AI,Detected DoS (39.2%),High
2026-01-07 15:51:59,Cyber Attack,Network AI,Detected DoS (39.2%),High
2026-01-07 15:52:00,Cyber Attack,Network AI,Detected DoS (38.7%),High
2026-01-07 15:52:00,Cyber Attack,Network AI,Detected DoS (39.2%),High
2026-01-07 15:52:00,Cyber Attack,Network AI,Detected DoS (39.3%),High
2026-01-07 15:52:01,Cyber Attack,Network AI,Detected DoS (38.7%),High
2026-01-07 15:52:01,Cyber Attack,Network AI,Detected DoS (39.5%),High
2026-01-07 15:52:01,Cyber Attack,Network AI,Detected DoS (39.5%),High
2026-01-07 15:52:01,Cyber Attack,Network AI,Detected DoS (38.7%),High
2026-01-07 15:52:01,Cyber Attack,Network AI,Detected DoS (39.2%),High
2026-01-07 15:52:01,Cyber Attack,Network AI,Detected DoS (38.6%),High
2026-01-07 15:52:02,Cyber Attack,Network AI,Detected DoS (39.3%),High
2026-01-07 15:52:02,Cyber Attack,Network AI,Detected DoS (39.5%),High
2026-01-07 15:52:02,Cyber Attack,Network AI,Detected DoS (38.0%),High
2026-01-07 15:52:02,Cyber Attack,Network AI,Detected DoS (39.5%),High
2026-01-07 15:52:02,Cyber Attack,Network AI,Detected DoS (39.5%),High
2026-01-07 15:52:03,Cyber Attack,Network AI,Detected DoS (38.7%),High
2026-01-07 15:52:03,Physical Anomaly,ECG AI,Rate Tampering (Tachycardia) (Loss: 0.04),High
2026-01-07 15:52:03,Physical Anomaly,ECG AI,Rate Tampering (Tachycardia) (Loss: 0.04),High
2026-01-07 15:52:03,Physical Anomaly,ECG AI,Rate Tampering (Tachycardia) (Loss: 0.04),High
2026-01-07 15:52:03,Cyber Attack,Network AI,Detected DoS (39.3%),High
2026-01-07 15:52:03,Physical Anomaly,ECG AI,Rate Tampering (Tachycardia) (Loss: 0.04),High
2026-01-07 15:52:03,Physical Anomaly,ECG AI,Rate Tampering (Tachycardia) (Loss: 0.04),High
2026-01-07 15:52:03,Physical Anomaly,ECG AI,Rate Tampering (Tachycardia) (Loss: 0.04),High
2026-01-07 15:52:03,Cyber Attack,Network AI,Detected DoS (39.2%),High
2026-01-07 15:52:03,Physical Anomaly,ECG AI,Rate Tampering (Tachycardia) (Loss: 0.04),High
2026-01-07 15:52:03,Physical Anomaly,ECG AI,Rate Tampering (Tachycardia) (Loss: 0.05),High
2026-01-07 15:52:03,Cyber Attack,Network AI,Detected DoS (39.5%),High
2026-01-07 15:52:03,Physical Anomaly,ECG AI,Rate Tampering (Tachycardia) (Loss: 0.06),High
2026-01-07 15:52:03,Physical Anomaly,ECG AI,Rate Tampering (Tachycardia) (Loss: 0.03),High
2026-01-07 15:52:03,Cyber Attack,Network AI,Detected DoS (39.3%),High
2026-01-07 15:52:03,Physical Anomaly,ECG AI,Rate Tampering (Tachycardia) (Loss: 0.05),High
2026-01-07 15:52:03,Physical Anomaly,ECG AI,Rate Tampering (Tachycardia) (Loss: 0.05),High
2026-01-07 15:52:03,Cyber Attack,Network AI,Detected DoS (39.2%),High
2026-01-07 15:52:03,Physical Anomaly,ECG AI,Rate Tampering (Tachycardia) (Loss: 0.05),High
2026-01-07 15:52:04,Physical Anomaly,ECG AI,Rate Tampering (Tachycardia) (Loss: 0.05),High
2026-01-07 15:52:04,Cyber Attack,Network AI,Detected DoS (38.7%),High
2026-01-07 15:52:04,Physical Anomaly,ECG AI,Rate Tampering (Tachycardia) (Loss: 0.04),High
2026-01-07 15:52:04,Cyber Attack,Network AI,Detected DoS (38.0%),High
2026-01-07 15:52:04,Cyber Attack,Network AI,Detected DoS (39.2%),High
2026-01-07 15:52:05,Cyber Attack,Network AI,Detected DoS (38.6%),High
2026-01-07 15:52:05,Cyber Attack,Network AI,Detected DoS (38.7%),High
2026-01-07 15:52:05,Cyber Attack,Network AI,Detected DoS (38.7%),High
2026-01-07 15:52:05,Cyber Attack,Network AI,Detected DoS (38.0%),High
2026-01-07 15:52:05,Physical Anomaly,ECG AI,Rate Tampering (Tachycardia) (Loss: 0.04),High
2026-01-07 15:52:05,Cyber Attack,Network AI,Detected DoS (39.5%),High
2026-01-07 15:52:05,Physical Anomaly,ECG AI,Rate Tampering (Tachycardia) (Loss: 0.04),High
2026-01-07 15:52:05,Physical Anomaly,ECG AI,Rate Tampering (Tachycardia) (Loss: 0.04),High
2026-01-07 15:52:05,Cyber Attack,Network AI,Detected DoS (38.0%),High
2026-01-07 15:52:06,Physical Anomaly,ECG AI,Rate Tampering (Tachycardia) (Loss: 0.04),High
2026-01-07 15:52:06,Physical Anomaly,ECG AI,Rate Tampering (Tachycardia) (Loss: 0.05),High
2026-01-07 15:52:06,Physical Anomaly,ECG AI,Rate Tampering (Tachycardia) (Loss: 0.05),High
2026-01-07 15:52:06,Cyber Attack,Network AI,Detected DoS (39.2%),High
2026-01-07 15:52:06,Physical Anomaly,ECG AI,Critical Signal Loss (Flatline) (Loss: 0.04),High
2026-01-07 15:52:06,Physical Anomaly,ECG AI,Critical Signal Loss (Flatline) (Loss: 0.04),High
2026-01-07 15:52:06,Cyber Attack,Network AI,Detected DoS (38.7%),High
2026-01-07 15:52:06,Physical Anomaly,ECG AI,Critical Signal Loss (Flatline) (Loss: 0.02),High
2026-01-07 15:52:06,Physical Anomaly,ECG AI,Critical Signal Loss (Flatline) (Loss: 0.01),High
2026-01-07 15:52:06,Physical Anomaly,ECG AI,Critical Signal Loss (Flatline) (Loss: 0.00),High
2026-01-07 15:52:06,Cyber Attack,Network AI,Detected DoS (39.3%),High
2026-01-07 15:52:07,Physical Anomaly,ECG AI,Critical Signal Loss (Flatline) (Loss: 0.03),High
2026-01-07 15:52:07,Cyber Attack,Network AI,Detected DoS (39.2%),High
2026-01-07 15:52:07,Cyber Attack,Network AI,Detected DoS (38.0%),High
2026-01-07 15:52:07,Cyber Attack,Network AI,Detected DoS (39.5%),High
2026-01-07 15:52:07,Cyber Attack,Network AI,Detected DoS (39.5%),High
2026-01-07 15:52:07,Cyber Attack,Network AI,Detected DoS (38.7%),High
2026-01-07 15:52:07,Cyber Attack,Network AI,Detected DoS (39.5%),High
2026-01-07 15:52:08,Cyber Attack,Network AI,Detected DoS (38.7%),High
2026-01-07 15:52:08,Physical Anomaly,ECG AI,Rate Tampering (Tachycardia) (Loss: 0.05),High
2026-01-07 15:52:08,Physical Anomaly,ECG AI,Rate Tampering (Tachycardia) (Loss: 0.05),High
2026-01-07 15:52:08,Cyber Attack,Network AI,Detected DoS (38.6%),High
2026-01-07 15:52:08,Physical Anomaly,ECG AI,Rate Tampering (Tachycardia) (Loss: 0.05),High
2026-01-07 15:52:08,Physical Anomaly,ECG AI,Rate Tampering (Tachycardia) (Loss: 0.05),High
2026-01-07 15:52:08,Physical Anomaly,ECG AI,Rate Tampering (Tachycardia) (Loss: 0.05),High
2026-01-07 15:52:08,Cyber Attack,Network AI,Detected DoS (39.5%),High
2026-01-07 15:52:08,Physical Anomaly,ECG AI,Rate Tampering (Tachycardia) (Loss: 0.05),High
2026-01-07 15:52:08,Physical Anomaly,ECG AI,Rate Tampering (Tachycardia) (Loss: 0.05),High
2026-01-07 15:52:08,Physical Anomaly,ECG AI,Rate Tampering (Tachycardia) (Loss: 0.03),High
2026-01-07 15:52:08,Cyber Attack,Network AI,Detected DoS (39.5%),High
2026-01-07 15:52:08,Cyber Attack,Network AI,Detected DoS (38.0%),High
2026-01-07 15:52:08,Cyber Attack,Network AI,Detected DoS (39.3%),High
2026-01-07 15:52:08,Physical Anomaly,ECG AI,Critical Signal Loss (Flatline) (Loss: 0.03),High
2026-01-07 15:52:09,Physical Anomaly,ECG AI,Critical Signal Loss (Flatline) (Loss: 0.05),High
2026-01-07 15:52:09,Physical Anomaly,ECG AI,Critical Signal Loss (Flatline) (Loss: 0.08),High
2026-01-07 15:52:09,Cyber Attack,Network AI,Detected DoS (38.6%),High
2026-01-07 15:52:09,Cyber Attack,Network AI,Detected DoS (38.6%),High
2026-01-07 15:52:10,Cyber Attack,Network AI,Detected DoS (39.2%),High
2026-01-07 15:52:10,Cyber Attack,Network AI,Detected DoS (39.2%),High
2026-01-07 15:52:10,Cyber Attack,Network AI,Detected DoS (38.7%),High
2026-01-07 15:52:10,Cyber Attack,Network AI,Detected DoS (38.6%),High
2026-01-07 15:52:10,Cyber Attack,Network AI,Detected DoS (38.7%),High
2026-01-07 15:52:10,Physical Anomaly,ECG AI,Critical Signal Loss (Flatline) (Loss: 0.02),High
2026-01-07 15:52:10,Cyber Attack,Network AI,Detected DoS (39.3%),High
2026-01-07 15:52:11,Cyber Attack,Network AI,Detected DoS (38.6%),High
2026-01-07 15:52:11,Physical Anomaly,ECG AI,Critical Signal Loss (Flatline) (Loss: 0.02),High
2026-01-07 15:52:11,Physical Anomaly,ECG AI,Critical Signal Loss (Flatline) (Loss: 0.00),High
2026-01-07 15:52:11,Physical Anomaly,ECG AI,Critical Signal Loss (Flatline) (Loss: 0.01),High
2026-01-07 15:52:11,Physical Anomaly,ECG AI,Critical Signal Loss (Flatline) (Loss: 0.04),High
2026-01-07 15:52:11,Cyber Attack,Network AI,Detected DoS (38.7%),High
2026-01-07 15:52:11,Cyber Attack,Network AI,Detected DoS (38.0%),High
2026-01-07 15:52:11,Cyber Attack,Network AI,Detected DoS (39.3%),High
2026-01-07 15:52:11,Cyber Attack,Network AI,Detected DoS (39.3%),High
2026-01-07 15:52:11,Cyber Attack,Network AI,Detected DoS (38.6%),High
2026-01-07 15:52:12,Cyber Attack,Network AI,Detected DoS (38.6%),High
2026-01-07 15:52:12,Physical Anomaly,ECG AI,Critical Signal Loss (Flatline) (Loss: 0.01),High
2026-01-07 15:52:12,Cyber Attack,Network AI,Detected DoS (39.5%),High
2026-01-07 15:52:12,Physical Anomaly,ECG AI,Critical Signal Loss (Flatline) (Loss: 0.02),High
2026-01-07 15:52:12,Cyber Attack,Network AI,Detected DoS (39.2%),High
2026-01-07 15:52:12,Physical Anomaly,ECG AI,Critical Signal Loss (Flatline) (Loss: 0.02),High
2026-01-07 15:52:13,Physical Anomaly,ECG AI,Critical Signal Loss (Flatline) (Loss: 0.02),High
2026-01-07 15:52:13,Physical Anomaly,ECG AI,Critical Signal Loss (Flatline) (Loss: 0.02),High
2026-01-07 15:52:13,Cyber Attack,Network AI,Detected DoS (38.6%),High
2026-01-07 15:52:13,Physical Anomaly,ECG AI,Critical Signal Loss (Flatline) (Loss: 0.02),High
2026-01-07 15:52:13,Physical Anomaly,ECG AI,Critical Signal Loss (Flatline) (Loss: 0.02),High
2026-01-07 15:52:13,Physical Anomaly,ECG AI,Critical Signal Loss (Flatline) (Loss: 0.02),High
2026-01-07 15:52:13,Cyber Attack,Network AI,Detected DoS (38.0%),High
2026-01-07 15:52:13,Physical Anomaly,ECG AI,Critical Signal Loss (Flatline) (Loss: 0.02),High
2026-01-07 15:52:13,Cyber Attack,Network AI,Detected DoS (39.5%),High
2026-01-07 15:52:13,Physical Anomaly,ECG AI,Critical Signal Loss (Flatline) (Loss: 0.02),High
2026-01-07 15:52:13,Physical Anomaly,ECG AI,Critical Signal Loss (Flatline) (Loss: 0.03),High
2026-01-07 15:52:13,Physical Anomaly,ECG AI,Critical Signal Loss (Flatline) (Loss: 0.03),High
2026-01-07 15:52:13,Physical Anomaly,ECG AI,Critical Signal Loss (Flatline) (Loss: 0.03),High
2026-01-07 15:52:13,Cyber Attack,Network AI,Detected DoS (38.6%),High
2026-01-07 15:52:13,Physical Anomaly,ECG AI,Critical Signal Loss (Flatline) (Loss: 0.09),High
2026-01-07 15:52:13,Physical Anomaly,ECG AI,Critical Signal Loss (Flatline) (Loss: 0.09),High
2026-01-07 15:52:13,Cyber Attack,Network AI,Detected DoS (39.5%),High
2026-01-07 15:52:14,Cyber Attack,Network AI,Detected DoS (39.2%),High
2026-01-07 15:52:14,Cyber Attack,Network AI,Detected DoS (38.0%),High
2026-01-07 15:52:14,Cyber Attack,Network AI,Detected DoS (38.7%),High
2026-01-07 15:52:14,Cyber Attack,Network AI,Detected DoS (39.2%),High
2026-01-07 15:52:14,Cyber Attack,Network AI,Detected DoS (38.6%),High
2026-01-07 15:52:14,Cyber Attack,Network AI,Detected DoS (38.6%),High
2026-01-07 15:52:15,Cyber Attack,Network AI,Detected DoS (39.5%),High
2026-01-07 15:52:15,Cyber Attack,Network AI,Detected DoS (39.3%),High
2026-01-07 15:52:15,Cyber Attack,Network AI,Detected DoS (38.7%),High
2026-01-07 15:52:16,Cyber Attack,Network AI,Detected DoS (38.6%),High
2026-01-07 15:52:16,Physical Anomaly,ECG AI,Critical Signal Loss (Flatline) (Loss: 0.05),High
2026-01-07 15:52:16,Cyber Attack,Network AI,Detected DoS (39.5%),High
2026-01-07 15:52:16,Physical Anomaly,ECG AI,Critical Signal Loss (Flatline) (Loss: 0.05),High
2026-01-07 15:52:16,Physical Anomaly,ECG AI,Critical Signal Loss (Flatline) (Loss: 0.05),High
2026-01-07 15:52:16,Physical Anomaly,ECG AI,Critical Signal Loss (Flatline) (Loss: 0.07),High
2026-01-07 15:52:16,Cyber Attack,Network AI,Detected DoS (39.2%),High
