Timestamp,True_Label,AI_Prediction,Confidence
2026-01-07 13:16:08,Normal,Normal,0.4078
2026-01-07 13:16:08,Normal,Normal,0.4075
2026-01-07 13:16:08,Normal,Normal,0.3978
2026-01-07 13:16:08,Normal,Normal,0.4038
2026-01-07 13:16:08,Normal,Normal,0.4045
2026-01-07 13:16:08,Normal,Normal,0.3958
2026-01-07 13:16:13,Normal,Normal,0.3961
2026-01-07 13:16:13,Normal,Normal,0.3942
2026-01-07 13:16:13,Normal,Normal,0.4074
2026-01-07 13:16:13,Normal,Normal,0.3938
2026-01-07 13:16:13,Normal,Normal,0.3958
2026-01-07 13:16:13,Normal,Normal,0.4068
2026-01-07 13:16:13,Normal,Normal,0.3924
2026-01-07 13:16:13,Normal,Normal,0.4066
2026-01-07 13:16:13,Normal,Normal,0.4041
2026-01-07 13:16:13,Normal,Normal,0.4066
2026-01-07 13:16:13,Normal,Normal,0.3957
2026-01-07 13:16:13,Normal,Normal,0.4045
2026-01-07 13:16:14,Normal,Normal,0.3908
2026-01-07 13:16:14,Normal,Normal,0.4066
2026-01-07 13:16:14,Normal,Normal,0.3977
2026-01-07 13:16:14,Normal,Normal,0.3961
2026-01-07 13:16:14,Normal,Normal,0.3938
2026-01-07 13:16:14,Normal,Normal,0.4071
2026-01-07 13:16:14,Normal,Normal,0.4066
2026-01-07 13:16:14,Normal,Normal,0.3977
2026-01-07 13:16:14,Normal,Normal,0.4020
2026-01-07 13:16:14,Normal,Normal,0.3981
2026-01-07 13:16:14,Normal,Normal,0.3949
2026-01-07 13:16:14,Normal,Normal,0.3971
2026-01-07 13:16:14,Normal,Normal,0.3958
2026-01-07 13:16:14,Normal,Normal,0.3942
2026-01-07 13:16:14,Normal,Normal,0.4020
2026-01-07 13:16:14,Normal,Normal,0.3958
2026-01-07 13:16:15,Normal,Normal,0.4020
2026-01-07 13:16:15,Normal,Normal,0.3928
2026-01-07 13:16:15,Normal,Normal,0.4074
2026-01-07 13:16:15,Normal,Normal,0.4074
2026-01-07 13:16:15,Normal,Normal,0.4066
2026-01-07 13:16:16,Normal,Normal,0.4038
2026-01-07 13:16:16,Normal,Normal,0.4074
2026-01-07 13:16:16,Normal,Normal,0.4085
2026-01-07 13:16:16,Normal,Normal,0.4045
2026-01-07 13:16:16,Normal,Normal,0.4060
2026-01-07 13:16:17,Normal,Normal,0.4079
2026-01-07 13:16:17,Normal,Normal,0.4068
2026-01-07 13:16:17,Normal,Normal,0.3981
2026-01-07 13:16:17,Normal,Normal,0.4066
2026-01-07 13:16:17,Normal,Normal,0.4078
2026-01-07 13:16:18,Normal,Normal,0.3901
2026-01-07 13:16:18,Normal,Normal,0.4078
2026-01-07 13:16:18,Normal,Normal,0.4072
2026-01-07 13:16:18,Normal,Normal,0.4074
2026-01-07 13:16:19,Normal,Normal,0.4020
2026-01-07 13:16:19,Normal,Normal,0.4038
2026-01-07 13:16:19,Normal,Normal,0.4066
2026-01-07 13:16:19,Normal,Normal,0.3958
2026-01-07 13:16:19,Normal,Normal,0.4066
2026-01-07 13:16:20,Normal,Normal,0.4066
2026-01-07 13:16:20,Normal,Normal,0.3989
2026-01-07 13:16:20,Normal,Normal,0.3901
2026-01-07 13:16:20,Normal,Normal,0.3942
2026-01-07 13:16:20,Normal,Normal,0.3958
2026-01-07 13:16:21,Normal,Normal,0.4063
2026-01-07 13:16:21,Normal,Normal,0.4063
2026-01-07 13:16:21,Normal,Normal,0.4079
2026-01-07 13:16:21,Normal,Normal,0.3889
2026-01-07 13:16:21,Normal,Normal,0.4020
2026-01-07 13:16:22,Normal,Normal,0.3958
2026-01-07 13:16:22,Normal,Normal,0.4078
2026-01-07 13:16:22,Normal,Normal,0.4079
2026-01-07 13:16:22,Normal,Normal,0.3958
2026-01-07 13:16:22,Normal,Normal,0.3958
2026-01-07 13:16:23,Normal,Normal,0.4020
2026-01-07 13:16:23,Normal,Normal,0.3958
2026-01-07 13:16:23,Normal,Normal,0.3939
2026-01-07 13:16:23,Normal,Normal,0.3942
2026-01-07 13:16:23,Normal,Normal,0.4066
2026-01-07 13:16:24,Normal,Normal,0.4075
2026-01-07 13:16:24,Normal,Normal,0.3958
2026-01-07 13:16:24,Normal,Normal,0.3853
2026-01-07 13:16:24,Normal,Normal,0.3958
2026-01-07 13:16:24,Normal,Normal,0.4020
2026-01-07 13:16:25,Normal,Normal,0.4057
2026-01-07 13:16:25,Normal,Normal,0.4079
2026-01-07 13:16:25,Normal,Normal,0.4068
2026-01-07 13:16:25,Normal,Normal,0.4074
2026-01-07 13:16:25,Normal,Normal,0.4066
2026-01-07 13:16:26,Normal,Normal,0.4078
2026-01-07 13:16:26,Normal,Normal,0.4020
2026-01-07 13:16:26,Normal,Normal,0.3958
2026-01-07 13:16:26,Normal,Normal,0.4079
2026-01-07 13:16:26,Normal,Normal,0.4066
2026-01-07 13:16:27,Normal,Normal,0.3966
2026-01-07 13:16:27,Normal,Normal,0.4079
2026-01-07 13:16:27,Normal,Normal,0.4066
2026-01-07 13:16:27,Normal,Normal,0.3957
2026-01-07 13:16:27,Normal,Normal,0.4073
2026-01-07 13:16:28,Normal,Normal,0.4074
2026-01-07 13:16:28,Normal,Normal,0.3908
2026-01-07 13:16:28,Normal,Normal,0.3958
2026-01-07 13:16:28,Normal,Normal,0.3958
2026-01-07 13:16:29,Normal,Normal,0.3958
2026-01-07 13:16:29,Normal,Normal,0.4020
2026-01-07 13:16:29,Normal,Normal,0.3954
2026-01-07 13:16:29,Normal,Normal,0.3979
2026-01-07 13:16:30,Normal,Normal,0.3985
2026-01-07 13:16:30,Normal,Normal,0.4075
2026-01-07 13:16:30,Normal,Normal,0.4077
2026-01-07 13:16:30,Normal,Normal,0.4040
2026-01-07 13:16:30,Normal,Normal,0.3958
2026-01-07 13:16:31,Normal,Normal,0.4040
2026-01-07 13:16:31,Normal,Normal,0.4072
2026-01-07 13:16:31,Normal,Normal,0.4074
2026-01-07 13:16:31,Normal,Normal,0.3942
2026-01-07 13:16:31,Normal,Normal,0.4067
2026-01-07 13:16:32,Normal,Normal,0.3981
2026-01-07 13:16:32,Normal,Normal,0.3958
2026-01-07 13:16:32,Normal,Normal,0.4078
2026-01-07 13:16:32,Normal,Normal,0.4066
2026-01-07 13:16:32,Normal,Normal,0.4068
2026-01-07 13:16:33,Normal,Normal,0.4072
2026-01-07 13:16:33,Normal,Normal,0.4045
2026-01-07 13:16:33,Normal,Normal,0.3939
2026-01-07 13:16:33,Normal,Normal,0.4066
2026-01-07 13:16:33,Normal,Normal,0.3971
2026-01-07 13:16:34,Normal,Normal,0.4079
2026-01-07 13:16:34,Normal,Normal,0.4071
2026-01-07 13:16:34,Normal,Normal,0.4075
2026-01-07 13:16:34,Normal,Normal,0.3958
2026-01-07 13:16:34,Normal,Normal,0.3958
2026-01-07 13:16:35,Normal,Normal,0.3970
2026-01-07 13:16:35,Normal,Normal,0.4079
2026-01-07 13:16:35,Normal,Normal,0.3977
2026-01-07 13:16:35,Normal,Normal,0.3958
2026-01-07 13:16:35,Normal,Normal,0.3958
2026-01-07 13:16:36,Normal,Normal,0.3780
2026-01-07 13:16:36,Normal,Normal,0.4077
2026-01-07 13:16:36,Normal,Normal,0.4045
2026-01-07 13:16:36,Normal,Normal,0.3977
2026-01-07 13:16:37,Normal,Normal,0.3900
2026-01-07 13:16:37,Normal,Normal,0.4065
2026-01-07 13:16:37,Normal,Normal,0.3961
2026-01-07 13:16:37,Normal,Normal,0.4068
2026-01-07 13:16:37,Normal,Normal,0.3908
2026-01-07 13:16:38,Normal,Normal,0.3989
2026-01-07 13:16:38,Normal,Normal,0.3957
2026-01-07 13:16:38,Normal,Normal,0.4075
2026-01-07 13:16:38,Normal,Normal,0.4065
2026-01-07 13:16:38,Normal,Normal,0.3902
2026-01-07 13:16:39,Normal,Normal,0.3901
2026-01-07 13:16:39,Normal,Normal,0.4078
2026-01-07 13:16:39,Normal,Normal,0.3928
2026-01-07 13:16:39,Normal,Normal,0.4078
2026-01-07 13:16:39,Normal,Normal,0.3958
2026-01-07 13:16:40,Normal,Normal,0.4071
2026-01-07 13:16:40,Normal,Normal,0.3884
2026-01-07 13:16:40,Normal,Normal,0.3958
2026-01-07 13:16:40,Normal,Normal,0.3985
2026-01-07 13:16:40,Normal,Normal,0.4066
2026-01-07 13:16:41,Normal,Normal,0.4068
2026-01-07 13:16:41,Normal,Normal,0.4066
2026-01-07 13:16:41,Normal,Normal,0.4020
2026-01-07 13:16:41,Normal,Normal,0.4020
2026-01-07 13:16:41,Normal,Normal,0.4072
2026-01-07 13:16:42,Normal,Normal,0.4066
2026-01-07 13:16:42,Normal,Normal,0.3958
2026-01-07 13:16:42,Normal,Normal,0.3971
2026-01-07 13:16:42,Normal,Normal,0.4072
2026-01-07 13:16:42,Normal,Normal,0.3966
2026-01-07 13:16:43,Normal,Normal,0.4079
2026-01-07 13:16:43,Normal,Normal,0.3989
2026-01-07 13:16:43,Normal,Normal,0.4066
2026-01-07 13:16:43,Normal,Normal,0.4077
2026-01-07 13:16:43,Normal,Normal,0.3876
2026-01-07 13:16:44,Normal,Normal,0.4078
2026-01-07 13:16:44,Normal,Normal,0.4066
2026-01-07 13:16:44,Normal,Normal,0.4077
2026-01-07 13:16:44,Normal,Normal,0.3958
2026-01-07 13:16:44,Normal,Normal,0.4078
2026-01-07 13:16:45,Normal,Normal,0.3971
2026-01-07 13:16:45,Normal,Normal,0.4074
2026-01-07 13:16:45,Normal,Normal,0.4045
2026-01-07 13:16:46,Normal,Normal,0.3958
2026-01-07 13:16:46,Normal,Normal,0.3958
2026-01-07 13:16:46,Normal,Normal,0.4079
2026-01-07 13:16:46,Normal,Normal,0.3966
2026-01-07 13:16:46,Normal,Normal,0.4066
2026-01-07 13:16:46,Normal,Normal,0.4054
2026-01-07 13:16:47,Normal,Normal,0.3952
2026-01-07 13:16:47,Normal,Normal,0.3966
2026-01-07 13:16:47,Normal,Normal,0.4042
2026-01-07 13:16:47,Normal,Normal,0.3900
2026-01-07 13:16:47,Normal,Normal,0.4066
2026-01-07 13:16:48,Normal,Normal,0.3981
2026-01-07 13:16:48,Normal,Normal,0.4075
2026-01-07 13:16:48,Normal,Normal,0.4078
2026-01-07 13:16:48,Normal,Normal,0.3958
2026-01-07 13:16:48,Normal,Normal,0.4075
2026-01-07 13:16:49,Normal,Normal,0.3901
2026-01-07 13:16:49,Normal,Normal,0.3989
2026-01-07 13:16:49,Normal,Normal,0.3966
2026-01-07 13:16:49,Normal,Normal,0.4066
2026-01-07 13:16:50,Normal,Normal,0.3958
2026-01-07 13:16:50,Normal,Normal,0.3958
2026-01-07 13:16:50,Normal,Normal,0.3928
2026-01-07 13:16:50,Normal,Normal,0.4020
2026-01-07 13:16:50,Normal,Normal,0.4078
2026-01-07 13:16:51,Normal,Normal,0.3958
2026-01-07 13:16:51,Normal,Normal,0.3971
2026-01-07 13:16:51,Normal,Normal,0.3780
2026-01-07 13:16:51,Normal,Normal,0.4077
2026-01-07 13:16:52,Normal,Normal,0.3933
2026-01-07 13:16:52,Normal,Normal,0.4020
2026-01-07 13:16:52,Normal,Normal,0.4066
2026-01-07 13:16:52,Normal,Normal,0.3928
2026-01-07 13:16:53,Normal,Normal,0.3977
2026-01-07 13:16:53,Normal,Normal,0.3966
2026-01-07 13:16:53,Normal,Normal,0.4039
2026-01-07 13:16:53,Normal,Normal,0.4074
2026-01-07 13:16:53,Normal,Normal,0.3971
2026-01-07 13:16:53,Normal,Normal,0.3957
2026-01-07 13:16:54,Normal,Normal,0.4046
2026-01-07 13:16:54,Normal,Normal,0.4075
2026-01-07 13:16:54,Normal,Normal,0.4039
2026-01-07 13:16:54,Normal,Normal,0.4066
2026-01-07 13:16:55,Normal,Normal,0.4072
2026-01-07 13:16:55,Normal,Normal,0.3908
2026-01-07 13:16:55,Normal,Normal,0.4078
2026-01-07 13:16:55,Normal,Normal,0.3977
2026-01-07 13:16:55,Normal,Normal,0.4020
2026-01-07 13:16:56,Normal,Normal,0.3902
2026-01-07 13:16:56,Normal,Normal,0.4066
2026-01-07 13:16:56,Normal,Normal,0.3928
2026-01-07 13:16:56,Normal,Normal,0.3958
2026-01-07 13:16:56,Normal,Normal,0.3971
2026-01-07 13:16:57,Normal,Normal,0.4079
2026-01-07 13:16:57,Normal,Normal,0.3902
2026-01-07 13:16:57,Normal,Normal,0.4078
2026-01-07 13:16:57,Normal,Normal,0.4075
2026-01-07 13:16:57,Normal,Normal,0.4079
2026-01-07 13:16:57,Normal,Normal,0.3908
2026-01-07 13:16:57,Normal,Normal,0.3928
2026-01-07 13:16:58,Normal,Normal,0.3908
2026-01-07 13:16:58,Normal,Normal,0.4075
2026-01-07 13:16:58,Normal,Normal,0.4078
2026-01-07 13:16:58,Normal,Normal,0.4074
2026-01-07 13:16:59,Normal,Normal,0.3961
2026-01-07 13:16:59,Normal,Normal,0.4066
2026-01-07 13:16:59,Normal,Normal,0.4077
2026-01-07 13:16:59,Normal,Normal,0.4075
2026-01-07 13:17:00,Normal,Normal,0.3958
2026-01-07 13:17:00,Normal,Normal,0.4039
2026-01-07 13:17:00,Normal,Normal,0.4071
2026-01-07 13:17:00,Normal,Normal,0.4066
2026-01-07 13:17:00,Normal,Normal,0.3958
2026-01-07 13:17:01,Normal,Normal,0.3958
2026-01-07 13:17:01,Normal,Normal,0.3935
2026-01-07 13:17:01,Normal,Normal,0.3961
2026-01-07 13:17:01,Normal,Normal,0.3971
2026-01-07 13:17:02,Normal,Normal,0.4072
2026-01-07 13:17:02,Normal,Normal,0.4066
2026-01-07 13:17:02,Normal,Normal,0.3908
2026-01-07 13:17:02,Normal,Normal,0.4079
2026-01-07 13:17:02,Normal,Normal,0.4072
2026-01-07 13:17:02,Normal,Normal,0.4078
2026-01-07 13:17:03,Normal,Normal,0.3958
2026-01-07 13:17:03,Normal,Normal,0.4079
2026-01-07 13:17:03,Normal,Normal,0.4040
2026-01-07 13:17:03,Normal,Normal,0.4066
2026-01-07 13:17:03,Normal,Normal,0.3942
2026-01-07 13:17:04,Normal,Normal,0.3971
2026-01-07 13:17:04,Normal,Normal,0.3872
2026-01-07 13:17:04,Normal,Normal,0.4050
2026-01-07 13:17:04,Normal,Normal,0.3941
2026-01-07 13:17:05,Normal,Normal,0.4068
2026-01-07 13:17:05,Normal,Normal,0.3941
2026-01-07 13:17:05,Normal,Normal,0.3958
2026-01-07 13:17:05,Normal,Normal,0.4075
2026-01-07 13:17:06,Normal,Normal,0.4050
2026-01-07 13:17:06,Normal,Normal,0.4078
2026-01-07 13:17:06,Normal,Normal,0.4068
2026-01-07 13:17:06,Normal,Normal,0.4066
2026-01-07 13:17:06,Normal,Normal,0.4074
2026-01-07 13:17:06,Normal,Normal,0.4068
2026-01-07 13:17:06,Normal,Normal,0.4066
2026-01-07 13:17:07,Normal,Normal,0.4078
2026-01-07 13:17:07,Normal,Normal,0.3933
2026-01-07 13:17:07,Normal,Normal,0.4072
2026-01-07 13:17:08,Normal,Normal,0.3966
2026-01-07 13:17:08,Normal,Normal,0.3961
2026-01-07 13:17:08,Normal,Normal,0.4067
2026-01-07 13:17:08,Normal,Normal,0.4079
2026-01-07 13:17:08,Normal,Normal,0.3908
2026-01-07 13:17:09,Normal,Normal,0.4045
2026-01-07 13:17:09,Normal,Normal,0.3942
2026-01-07 13:17:09,Normal,Normal,0.4074
2026-01-07 13:17:09,Normal,Normal,0.3908
2026-01-07 13:17:09,Normal,Normal,0.4079
2026-01-07 13:17:10,Normal,Normal,0.3941
2026-01-07 13:17:10,Normal,Normal,0.4078
2026-01-07 13:17:10,Normal,Normal,0.3958
2026-01-07 13:17:10,Normal,Normal,0.3958
2026-01-07 13:17:11,Normal,Normal,0.3966
2026-01-07 13:17:11,Normal,Normal,0.4056
2026-01-07 13:17:11,Normal,Normal,0.3979
2026-01-07 13:17:11,Normal,Normal,0.4074
2026-01-07 13:17:11,Normal,Normal,0.3961
2026-01-07 13:17:12,Normal,Normal,0.4078
2026-01-07 13:17:12,Normal,Normal,0.4075
2026-01-07 13:17:12,Normal,Normal,0.4066
2026-01-07 13:17:12,Normal,Normal,0.4020
2026-01-07 13:17:12,Normal,Normal,0.4074
2026-01-07 13:17:13,Normal,Normal,0.4020
2026-01-07 13:17:13,Normal,Normal,0.3977
2026-01-07 13:17:13,Normal,Normal,0.3942
2026-01-07 13:17:13,Normal,Normal,0.4071
2026-01-07 13:17:13,Normal,Normal,0.3958
2026-01-07 13:17:14,Normal,Normal,0.3954
2026-01-07 13:17:14,Normal,Normal,0.4066
2026-01-07 13:17:14,Normal,Normal,0.4073
2026-01-07 13:17:14,Normal,Normal,0.3958
2026-01-07 13:17:14,Normal,Normal,0.4072
2026-01-07 13:17:15,Normal,Normal,0.3958
2026-01-07 13:17:15,Normal,Normal,0.4078
2026-01-07 13:17:15,Normal,Normal,0.3978
2026-01-07 13:17:15,Normal,Normal,0.3853
2026-01-07 13:17:15,Normal,Normal,0.3971
2026-01-07 13:17:16,Normal,Normal,0.4077
2026-01-07 13:17:16,Normal,Normal,0.4078
2026-01-07 13:17:16,Normal,Normal,0.4079
2026-01-07 13:17:16,Normal,Normal,0.3958
2026-01-07 13:17:16,Normal,Normal,0.4078
2026-01-07 13:17:17,Normal,Normal,0.3971
2026-01-07 13:17:17,Normal,Normal,0.3941
2026-01-07 13:17:17,Normal,Normal,0.4066
2026-01-07 13:17:17,Normal,Normal,0.3958
2026-01-07 13:17:18,Normal,Normal,0.4079
2026-01-07 13:17:18,Normal,Normal,0.4074
2026-01-07 13:17:18,Normal,Normal,0.4074
2026-01-07 13:17:18,Normal,Normal,0.4071
2026-01-07 13:17:18,Normal,Normal,0.4074
2026-01-07 13:17:19,Normal,Normal,0.4068
2026-01-07 13:17:19,Normal,Normal,0.4060
2026-01-07 13:17:19,Normal,Normal,0.4072
2026-01-07 13:17:19,Normal,Normal,0.3958
2026-01-07 13:17:19,Normal,Normal,0.3935
2026-01-07 13:17:20,Normal,Normal,0.4066
2026-01-07 13:17:20,Normal,Normal,0.4077
2026-01-07 13:17:20,Normal,Normal,0.3958
2026-01-07 13:17:20,Normal,Normal,0.3942
2026-01-07 13:17:20,Normal,Normal,0.4075
2026-01-07 13:17:21,Normal,Normal,0.4079
2026-01-07 13:17:21,Normal,Normal,0.4020
2026-01-07 13:17:21,Normal,Normal,0.3966
2026-01-07 13:17:21,Normal,Normal,0.4066
2026-01-07 13:17:21,Normal,Normal,0.4020
2026-01-07 13:17:22,Normal,Normal,0.4072
2026-01-07 13:17:22,Normal,Normal,0.4079
2026-01-07 13:17:22,Normal,Normal,0.4079
2026-01-07 13:17:22,Normal,Normal,0.3938
2026-01-07 13:17:22,Normal,Normal,0.4079
2026-01-07 13:17:23,Normal,Normal,0.4079
2026-01-07 13:17:23,Normal,Normal,0.4066
2026-01-07 13:17:23,Normal,Normal,0.3957
2026-01-07 13:17:23,Normal,Normal,0.4057
2026-01-07 13:17:24,Normal,Normal,0.3966
2026-01-07 13:17:24,Normal,Normal,0.4066
2026-01-07 13:17:24,Normal,Normal,0.4020
2026-01-07 13:17:24,Normal,Normal,0.3958
2026-01-07 13:17:24,Normal,Normal,0.3924
2026-01-07 13:17:25,Normal,Normal,0.4066
2026-01-07 13:17:25,Normal,Normal,0.4073
2026-01-07 13:17:25,Normal,Normal,0.3928
2026-01-07 13:17:25,Normal,Normal,0.4039
2026-01-07 13:17:25,Normal,Normal,0.3977
2026-01-07 13:17:26,Normal,Normal,0.4067
2026-01-07 13:17:26,Normal,Normal,0.4066
2026-01-07 13:17:26,Normal,Normal,0.3958
2026-01-07 13:17:26,Normal,Normal,0.3952
2026-01-07 13:17:26,Normal,Normal,0.3958
2026-01-07 13:17:27,Smurf,Normal,0.4058
2026-01-07 13:17:27,Smurf,Normal,0.3961
2026-01-07 13:17:27,Smurf,Smurf,0.4012
2026-01-07 13:17:27,Smurf,Smurf,0.4012
2026-01-07 13:17:27,Smurf,Smurf,0.4012
2026-01-07 13:17:28,Smurf,Smurf,0.4012
2026-01-07 13:17:28,Smurf,Smurf,0.4012
2026-01-07 13:17:28,Smurf,Smurf,0.4012
2026-01-07 13:17:28,Smurf,Smurf,0.4012
2026-01-07 13:17:28,Smurf,Smurf,0.4012
2026-01-07 13:17:29,Smurf,Smurf,0.4012
2026-01-07 13:17:29,Smurf,Smurf,0.4012
2026-01-07 13:17:29,Smurf,Smurf,0.4012
2026-01-07 13:17:29,Smurf,Smurf,0.4012
2026-01-07 13:17:29,Smurf,Smurf,0.4012
2026-01-07 13:17:29,Smurf,Smurf,0.4012
2026-01-07 13:17:30,Smurf,Smurf,0.4012
2026-01-07 13:17:30,Smurf,Smurf,0.4012
2026-01-07 13:17:30,Smurf,Smurf,0.4012
2026-01-07 13:17:31,Smurf,Smurf,0.4012
2026-01-07 13:17:31,Smurf,Smurf,0.4012
2026-01-07 13:17:31,Smurf,Smurf,0.4012
2026-01-07 13:17:31,Smurf,Smurf,0.4012
2026-01-07 13:17:31,Smurf,Smurf,0.4012
2026-01-07 13:17:32,Smurf,Smurf,0.4012
2026-01-07 13:17:32,Smurf,Smurf,0.4012
2026-01-07 13:17:32,Smurf,Smurf,0.4012
2026-01-07 13:17:32,Smurf,Smurf,0.4012
2026-01-07 13:17:32,Smurf,Smurf,0.4012
2026-01-07 13:17:33,Smurf,Smurf,0.4012
2026-01-07 13:17:33,Smurf,Smurf,0.4012
2026-01-07 13:17:33,Smurf,Smurf,0.4012
2026-01-07 13:17:33,Smurf,Smurf,0.4012
2026-01-07 13:17:33,Smurf,Smurf,0.4012
2026-01-07 13:17:34,Smurf,Smurf,0.4012
2026-01-07 13:17:34,Smurf,Smurf,0.4012
2026-01-07 13:17:34,Smurf,Smurf,0.4012
2026-01-07 13:17:34,Smurf,Smurf,0.4012
2026-01-07 13:17:34,Smurf,Smurf,0.4012
2026-01-07 13:17:34,Smurf,Smurf,0.4012
2026-01-07 13:17:35,Smurf,Smurf,0.4012
2026-01-07 13:17:35,Smurf,Smurf,0.4012
2026-01-07 13:17:35,Smurf,Smurf,0.4012
2026-01-07 13:17:36,Smurf,Smurf,0.4012
2026-01-07 13:17:36,Smurf,Smurf,0.4012
2026-01-07 13:17:36,Smurf,Smurf,0.4012
2026-01-07 13:17:36,Smurf,Smurf,0.4012
2026-01-07 13:17:36,Smurf,Smurf,0.4012
2026-01-07 13:17:37,Smurf,Smurf,0.4012
2026-01-07 13:17:37,Smurf,Smurf,0.4012
2026-01-07 13:17:37,Smurf,Smurf,0.4012
2026-01-07 13:17:37,Smurf,Smurf,0.4012
2026-01-07 13:17:37,Smurf,Smurf,0.4012
2026-01-07 13:17:38,Smurf,Smurf,0.4012
2026-01-07 13:17:38,Smurf,Smurf,0.4012
2026-01-07 13:17:38,Smurf,Smurf,0.4012
2026-01-07 13:17:38,Smurf,Smurf,0.4012
2026-01-07 13:17:39,Smurf,Smurf,0.4012
2026-01-07 13:17:39,Smurf,Smurf,0.4012
2026-01-07 13:17:39,Smurf,Smurf,0.4012
2026-01-07 13:17:39,Smurf,Smurf,0.4012
2026-01-07 13:17:39,Smurf,Smurf,0.4012
2026-01-07 13:17:39,Smurf,Smurf,0.4012
2026-01-07 13:17:40,Smurf,Smurf,0.4012
2026-01-07 13:17:40,Smurf,Smurf,0.4012
2026-01-07 13:17:40,Smurf,Smurf,0.4012
2026-01-07 13:17:40,Smurf,Smurf,0.4012
2026-01-07 13:17:40,Smurf,Smurf,0.4012
2026-01-07 13:17:41,Smurf,Smurf,0.4012
2026-01-07 13:17:41,Smurf,Smurf,0.4012
2026-01-07 13:17:41,Smurf,Smurf,0.4012
2026-01-07 13:17:41,Smurf,Smurf,0.4012
2026-01-07 13:17:41,Smurf,Smurf,0.4012
2026-01-07 13:17:42,Smurf,Smurf,0.4012
2026-01-07 13:17:42,Smurf,Smurf,0.4012
2026-01-07 13:17:42,Smurf,Smurf,0.4012
2026-01-07 13:17:42,Smurf,Smurf,0.4012
2026-01-07 13:17:43,Smurf,Smurf,0.4012
2026-01-07 13:17:43,Smurf,Smurf,0.4012
2026-01-07 13:17:43,Smurf,Smurf,0.4012
2026-01-07 13:17:43,Smurf,Smurf,0.4012
2026-01-07 13:17:44,Smurf,Smurf,0.4012
2026-01-07 13:17:44,Smurf,Smurf,0.4012
2026-01-07 13:17:44,Smurf,Smurf,0.4012
2026-01-07 13:17:44,Smurf,Smurf,0.4012
2026-01-07 13:17:44,Smurf,Smurf,0.4012
2026-01-07 13:17:45,Smurf,Smurf,0.4012
2026-01-07 13:17:45,Smurf,Smurf,0.4012
2026-01-07 13:17:45,Smurf,Smurf,0.4012
2026-01-07 13:17:45,Smurf,Smurf,0.4012
2026-01-07 13:17:45,Smurf,Smurf,0.4012
2026-01-07 13:17:46,Smurf,Smurf,0.4012
2026-01-07 13:17:46,Smurf,Smurf,0.4012
2026-01-07 13:17:46,Smurf,Smurf,0.4012
2026-01-07 13:17:46,Smurf,Smurf,0.4012
2026-01-07 13:17:46,Smurf,Smurf,0.4012
2026-01-07 13:17:46,Smurf,Smurf,0.4012
2026-01-07 13:17:46,Smurf,Smurf,0.4012
2026-01-07 13:17:47,Smurf,Smurf,0.4012
2026-01-07 13:17:47,Smurf,Smurf,0.4012
2026-01-07 13:17:47,Smurf,Smurf,0.4012
2026-01-07 13:17:48,Smurf,Smurf,0.4012
2026-01-07 13:17:48,Smurf,Smurf,0.4012
2026-01-07 13:17:48,Smurf,Smurf,0.4012
2026-01-07 13:17:48,Smurf,Smurf,0.4012
2026-01-07 13:17:48,Smurf,Smurf,0.4012
2026-01-07 13:17:48,Smurf,Smurf,0.4012
2026-01-07 13:17:49,Smurf,Smurf,0.4012
2026-01-07 13:17:49,Smurf,Smurf,0.4012
2026-01-07 13:17:49,Smurf,Smurf,0.4012
2026-01-07 13:17:49,Smurf,Smurf,0.4012
2026-01-07 13:17:49,Smurf,Smurf,0.4012
2026-01-07 13:17:50,Smurf,Smurf,0.4012
2026-01-07 13:17:50,Smurf,Smurf,0.4012
2026-01-07 13:17:50,Smurf,Smurf,0.4012
2026-01-07 13:17:50,Smurf,Smurf,0.4012
2026-01-07 13:17:51,Smurf,Smurf,0.4012
2026-01-07 13:17:51,Smurf,Smurf,0.4012
2026-01-07 13:17:51,Smurf,Smurf,0.4012
2026-01-07 13:17:51,Smurf,Smurf,0.4012
2026-01-07 13:17:52,Smurf,Smurf,0.4012
2026-01-07 13:17:52,Smurf,Smurf,0.4012
2026-01-07 13:17:52,Smurf,Smurf,0.4012
2026-01-07 13:17:52,Smurf,Smurf,0.4012
2026-01-07 13:17:52,Smurf,Smurf,0.4012
2026-01-07 13:17:52,Smurf,Smurf,0.4012
2026-01-07 13:17:52,Smurf,Smurf,0.4012
2026-01-07 13:17:53,Smurf,Smurf,0.4012
2026-01-07 13:17:53,Smurf,Smurf,0.4012
2026-01-07 13:17:53,Smurf,Smurf,0.4012
2026-01-07 13:17:53,Smurf,Smurf,0.4012
2026-01-07 13:17:54,Smurf,Smurf,0.4012
2026-01-07 13:17:54,Smurf,Smurf,0.4012
2026-01-07 13:17:54,Smurf,Smurf,0.4012
2026-01-07 13:17:54,Smurf,Smurf,0.4012
2026-01-07 13:17:55,Smurf,Smurf,0.4012
2026-01-07 13:17:55,Smurf,Smurf,0.4012
2026-01-07 13:17:55,Smurf,Smurf,0.4012
2026-01-07 13:17:55,Smurf,Smurf,0.4012
2026-01-07 13:17:55,Smurf,Smurf,0.4012
2026-01-07 13:17:55,Smurf,Smurf,0.4012
2026-01-07 13:17:56,Smurf,Smurf,0.4012
2026-01-07 13:17:56,Smurf,Smurf,0.4012
2026-01-07 13:17:56,Smurf,Smurf,0.4012
2026-01-07 13:17:56,Smurf,Smurf,0.4012
2026-01-07 13:17:56,Smurf,Smurf,0.4012
2026-01-07 13:17:57,Smurf,Smurf,0.4012
2026-01-07 13:17:57,Smurf,Smurf,0.4012
2026-01-07 13:17:57,Smurf,Smurf,0.4012
2026-01-07 13:17:58,Smurf,Smurf,0.4012
2026-01-07 13:17:58,Smurf,Smurf,0.4012
2026-01-07 13:17:58,Smurf,Smurf,0.4012
2026-01-07 13:17:58,Smurf,Smurf,0.4012
2026-01-07 13:17:59,Smurf,Smurf,0.4012
2026-01-07 13:17:59,Smurf,Smurf,0.4012
2026-01-07 13:17:59,Smurf,Smurf,0.4012
2026-01-07 13:17:59,Smurf,Smurf,0.4012
2026-01-07 13:17:59,Smurf,Smurf,0.4012
2026-01-07 13:17:59,Smurf,Smurf,0.4012
2026-01-07 13:17:59,Smurf,Smurf,0.4012
2026-01-07 13:18:00,Smurf,Smurf,0.4012
2026-01-07 13:18:00,Smurf,Smurf,0.4012
2026-01-07 13:18:00,Smurf,Smurf,0.4012
2026-01-07 13:18:00,Smurf,Smurf,0.4012
2026-01-07 13:18:00,Smurf,Smurf,0.4012
2026-01-07 13:18:01,Smurf,Smurf,0.4012
2026-01-07 13:18:01,Smurf,Smurf,0.4012
2026-01-07 13:18:01,Smurf,Smurf,0.4012
2026-01-07 13:18:01,Smurf,Smurf,0.4012
2026-01-07 13:18:02,Smurf,Smurf,0.4012
2026-01-07 13:18:02,Smurf,Smurf,0.4012
2026-01-07 13:18:02,Smurf,Smurf,0.4012
2026-01-07 13:18:02,Smurf,Smurf,0.4012
2026-01-07 13:18:03,Smurf,Smurf,0.4012
2026-01-07 13:18:03,Smurf,Smurf,0.4012
2026-01-07 13:18:03,Smurf,Smurf,0.4012
2026-01-07 13:18:03,Smurf,Smurf,0.4012
2026-01-07 13:18:03,Smurf,Smurf,0.4012
2026-01-07 13:18:03,Smurf,Smurf,0.4012
2026-01-07 13:18:03,Smurf,Smurf,0.4012
2026-01-07 13:18:04,Smurf,Smurf,0.4012
2026-01-07 13:18:04,Smurf,Smurf,0.4012
2026-01-07 13:18:04,Smurf,Smurf,0.4012
2026-01-07 13:18:05,Smurf,Smurf,0.4012
2026-01-07 13:18:05,Smurf,Smurf,0.4012
2026-01-07 13:18:05,Smurf,Smurf,0.4012
2026-01-07 13:18:05,Smurf,Smurf,0.4012
2026-01-07 13:18:05,Smurf,Smurf,0.4012
2026-01-07 13:18:05,Smurf,Smurf,0.4012
2026-01-07 13:18:06,Smurf,Smurf,0.4012
2026-01-07 13:18:06,Smurf,Smurf,0.4012
2026-01-07 13:18:06,Smurf,Smurf,0.4012
2026-01-07 13:18:06,Smurf,Smurf,0.4012
2026-01-07 13:18:07,Smurf,Smurf,0.4012
2026-01-07 13:18:07,Smurf,Smurf,0.4012
2026-01-07 13:18:07,Smurf,Smurf,0.4012
2026-01-07 13:18:07,Smurf,Smurf,0.4012
2026-01-07 13:18:07,Smurf,Smurf,0.4012
2026-01-07 13:18:07,Smurf,Smurf,0.4012
2026-01-07 13:18:08,Smurf,Smurf,0.4012
2026-01-07 13:18:08,Smurf,Smurf,0.4012
2026-01-07 13:18:08,Smurf,Smurf,0.4012
2026-01-07 13:18:08,Smurf,Smurf,0.4012
2026-01-07 13:18:09,Smurf,Smurf,0.4012
2026-01-07 13:18:09,Smurf,Smurf,0.4012
2026-01-07 13:18:09,Smurf,Smurf,0.4012
2026-01-07 13:18:09,Smurf,Smurf,0.4012
2026-01-07 13:18:09,Smurf,Smurf,0.4012
2026-01-07 13:18:10,Smurf,Smurf,0.4012
2026-01-07 13:18:10,Smurf,Smurf,0.4012
2026-01-07 13:18:10,Smurf,Smurf,0.4012
2026-01-07 13:18:10,Smurf,Smurf,0.4012
2026-01-07 13:18:10,Smurf,Smurf,0.4012
2026-01-07 13:18:11,Smurf,Smurf,0.4012
2026-01-07 13:18:11,Smurf,Smurf,0.4012
2026-01-07 13:18:11,Smurf,Smurf,0.4012
2026-01-07 13:18:11,Smurf,Smurf,0.4012
2026-01-07 13:18:11,Smurf,Smurf,0.4012
2026-01-07 13:18:11,Smurf,Smurf,0.4012
2026-01-07 13:18:12,Smurf,Smurf,0.4012
2026-01-07 13:18:12,Smurf,Smurf,0.4012
2026-01-07 13:18:12,Smurf,Smurf,0.4012
2026-01-07 13:18:13,Smurf,Smurf,0.4012
2026-01-07 13:18:13,Smurf,Smurf,0.4012
2026-01-07 13:18:13,Smurf,Smurf,0.4012
2026-01-07 13:18:13,Smurf,Smurf,0.4012
2026-01-07 13:18:13,Smurf,Smurf,0.4012
2026-01-07 13:18:14,Smurf,Smurf,0.4012
2026-01-07 13:18:14,Smurf,Smurf,0.4012
2026-01-07 13:18:14,Smurf,Smurf,0.4012
2026-01-07 13:18:14,Smurf,Smurf,0.4012
2026-01-07 13:18:14,Smurf,Smurf,0.4012
2026-01-07 13:18:14,Smurf,Smurf,0.4012
2026-01-07 13:18:15,Smurf,Smurf,0.4012
2026-01-07 13:18:15,Smurf,Smurf,0.4012
2026-01-07 13:18:15,Smurf,Smurf,0.4012
2026-01-07 13:18:16,Smurf,Smurf,0.4012
2026-01-07 13:18:16,Smurf,Smurf,0.4012
2026-01-07 13:18:16,Smurf,Smurf,0.4012
2026-01-07 13:18:16,Smurf,Smurf,0.4012
2026-01-07 13:18:16,Smurf,Smurf,0.4012
2026-01-07 13:18:16,Smurf,Smurf,0.4012
2026-01-07 13:18:16,Smurf,Smurf,0.4012
2026-01-07 13:18:17,Smurf,Smurf,0.4012
2026-01-07 13:18:17,Smurf,Smurf,0.4012
2026-01-07 13:18:17,Smurf,Smurf,0.4012
2026-01-07 13:18:18,Smurf,Smurf,0.4012
2026-01-07 13:18:18,Smurf,Smurf,0.4012
2026-01-07 13:18:18,Smurf,Smurf,0.4012
2026-01-07 13:18:18,Smurf,Smurf,0.4012
2026-01-07 13:18:19,Smurf,Smurf,0.4012
2026-01-07 13:18:19,Smurf,Smurf,0.4012
2026-01-07 13:18:19,Smurf,Smurf,0.4012
2026-01-07 13:18:19,Smurf,Smurf,0.4012
2026-01-07 13:18:19,Smurf,Smurf,0.4012
2026-01-07 13:18:19,Smurf,Smurf,0.4012
2026-01-07 13:18:19,Smurf,Smurf,0.4012
2026-01-07 13:18:20,Smurf,Smurf,0.4012
2026-01-07 13:18:20,Smurf,Smurf,0.4012
2026-01-07 13:18:20,Smurf,Smurf,0.4012
2026-01-07 13:18:20,Smurf,Smurf,0.4012
2026-01-07 13:18:21,Smurf,Smurf,0.4012
2026-01-07 13:18:21,Smurf,Smurf,0.4012
2026-01-07 13:18:21,Smurf,Smurf,0.4012
2026-01-07 13:18:21,Smurf,Smurf,0.4012
2026-01-07 13:18:21,Smurf,Smurf,0.4012
2026-01-07 13:18:22,Smurf,Smurf,0.4012
2026-01-07 13:18:22,Smurf,Smurf,0.4012
2026-01-07 13:18:22,Smurf,Smurf,0.4012
2026-01-07 13:18:22,Smurf,Smurf,0.4012
2026-01-07 13:18:22,Smurf,Smurf,0.4012
2026-01-07 13:18:23,Smurf,Smurf,0.4012
2026-01-07 13:18:23,Smurf,Smurf,0.4012
2026-01-07 13:18:23,Smurf,Smurf,0.4012
2026-01-07 13:18:23,Smurf,Smurf,0.4012
2026-01-07 13:18:24,Smurf,Smurf,0.4012
2026-01-07 13:18:24,Smurf,Smurf,0.4012
2026-01-07 13:18:24,Smurf,Smurf,0.4012
2026-01-07 13:18:24,Smurf,Smurf,0.4012
2026-01-07 13:18:24,Smurf,Smurf,0.4012
2026-01-07 13:18:25,Smurf,Smurf,0.4012
2026-01-07 13:18:25,Smurf,Smurf,0.4012
2026-01-07 13:18:25,Smurf,Smurf,0.4012
2026-01-07 13:18:25,Smurf,Smurf,0.4012
2026-01-07 13:18:25,Smurf,Smurf,0.4012
2026-01-07 13:18:26,Smurf,Smurf,0.4012
2026-01-07 13:18:26,Smurf,Smurf,0.4012
2026-01-07 13:18:26,Smurf,Smurf,0.4012
2026-01-07 13:18:26,Smurf,Smurf,0.4012
2026-01-07 13:18:26,Smurf,Smurf,0.4012
2026-01-07 13:18:26,Smurf,Smurf,0.4012
2026-01-07 13:18:27,Smurf,Smurf,0.4012
2026-01-07 13:18:27,Smurf,Smurf,0.4012
2026-01-07 13:18:27,Smurf,Smurf,0.4012
2026-01-07 13:18:28,Smurf,Smurf,0.4012
2026-01-07 13:18:28,Smurf,Smurf,0.4012
2026-01-07 13:18:28,Smurf,Smurf,0.4012
2026-01-07 13:18:28,Smurf,Smurf,0.4012
2026-01-07 13:18:28,Smurf,Smurf,0.4012
2026-01-07 13:18:28,Smurf,Smurf,0.4012
2026-01-07 13:18:29,Smurf,Smurf,0.4012
2026-01-07 13:18:29,Smurf,Smurf,0.4012
2026-01-07 13:18:29,Smurf,Smurf,0.4012
2026-01-07 13:18:29,Smurf,Smurf,0.4012
2026-01-07 13:18:29,Smurf,Smurf,0.4012
2026-01-07 13:18:30,Smurf,Smurf,0.4012
2026-01-07 13:18:30,Smurf,Smurf,0.4012
2026-01-07 13:18:30,Smurf,Smurf,0.4012
2026-01-07 13:18:30,Smurf,Smurf,0.4012
2026-01-07 13:18:31,Smurf,Smurf,0.4012
2026-01-07 13:18:31,Smurf,Smurf,0.4012
2026-01-07 13:18:31,Smurf,Smurf,0.4012
2026-01-07 13:18:31,Smurf,Smurf,0.4012
2026-01-07 13:18:31,Smurf,Smurf,0.4012
2026-01-07 13:18:32,Smurf,Smurf,0.4012
2026-01-07 13:18:32,Smurf,Smurf,0.4012
2026-01-07 13:18:32,Smurf,Smurf,0.4012
2026-01-07 13:18:32,Smurf,Smurf,0.4012
2026-01-07 13:18:32,Smurf,Smurf,0.4012
2026-01-07 13:18:32,Smurf,Smurf,0.4012
2026-01-07 13:18:33,Smurf,Smurf,0.4012
2026-01-07 13:18:33,Smurf,Smurf,0.4012
2026-01-07 13:18:33,Smurf,Smurf,0.4012
2026-01-07 13:18:34,Smurf,Smurf,0.4012
2026-01-07 13:18:34,Smurf,Smurf,0.4012
2026-01-07 13:18:34,Smurf,Smurf,0.4012
2026-01-07 13:18:34,Smurf,Smurf,0.4012
2026-01-07 13:18:34,Smurf,Smurf,0.4012
2026-01-07 13:18:35,Smurf,Smurf,0.4012
2026-01-07 13:18:35,Smurf,Smurf,0.4012
2026-01-07 13:18:35,Smurf,Smurf,0.4012
2026-01-07 13:18:35,Smurf,Smurf,0.4012
2026-01-07 13:18:36,Injection,Smurf,0.4012
2026-01-07 13:18:36,Injection,Smurf,0.4012
2026-01-07 13:18:36,Injection,Normal,0.4068
2026-01-07 13:18:36,Injection,Normal,0.4039
2026-01-07 13:18:36,Injection,Normal,0.3908
2026-01-07 13:18:36,Injection,Normal,0.4065
2026-01-07 13:18:36,Injection,Normal,0.3981
2026-01-07 13:18:37,Injection,Normal,0.3958
2026-01-07 13:18:37,Injection,Normal,0.3928
2026-01-07 13:18:37,Injection,Normal,0.3957
2026-01-07 13:18:37,Injection,Normal,0.4066
2026-01-07 13:18:38,Injection,Normal,0.3941
2026-01-07 13:18:38,Injection,Normal,0.4020
2026-01-07 13:18:38,Injection,Normal,0.4072
2026-01-07 13:18:38,Injection,Normal,0.4020
2026-01-07 13:18:38,Injection,Normal,0.4074
2026-01-07 13:18:39,Injection,Normal,0.3958
2026-01-07 13:18:39,Injection,Normal,0.4040
2026-01-07 13:18:39,Injection,Normal,0.4039
2026-01-07 13:18:39,Injection,Normal,0.4071
2026-01-07 13:18:39,Injection,Normal,0.4079
2026-01-07 13:18:39,Injection,Normal,0.4075
2026-01-07 13:18:40,Injection,Normal,0.3981
2026-01-07 13:18:40,Injection,Normal,0.4068
2026-01-07 13:18:40,Injection,Normal,0.4039
2026-01-07 13:18:41,Injection,Normal,0.3870
2026-01-07 13:18:41,Injection,Normal,0.3928
2026-01-07 13:18:41,Injection,Normal,0.4020
2026-01-07 13:18:41,Injection,Normal,0.4066
2026-01-07 13:18:41,Injection,Normal,0.3958
2026-01-07 13:18:41,Injection,Normal,0.3942
2026-01-07 13:18:42,Injection,Normal,0.4075
2026-01-07 13:18:42,Injection,Normal,0.4074
2026-01-07 13:18:42,Injection,Normal,0.4068
2026-01-07 13:18:42,Injection,Normal,0.4079
2026-01-07 13:18:43,Injection,Normal,0.3958
2026-01-07 13:18:43,Injection,Normal,0.4020
2026-01-07 13:18:43,Injection,Normal,0.4086
2026-01-07 13:18:43,Injection,Normal,0.4066
2026-01-07 13:18:43,Injection,Normal,0.3928
2026-01-07 13:18:43,Injection,Normal,0.4046
2026-01-07 13:18:44,Injection,Normal,0.3978
2026-01-07 13:18:44,Injection,Normal,0.3958
2026-01-07 13:18:44,Injection,Normal,0.3780
2026-01-07 13:18:44,Injection,Normal,0.3966
2026-01-07 13:18:44,Injection,Normal,0.4060
2026-01-07 13:18:45,Injection,Normal,0.4068
2026-01-07 13:18:45,Injection,Normal,0.4074
2026-01-07 13:18:45,Injection,Normal,0.4086
2026-01-07 13:18:45,Injection,Normal,0.4068
2026-01-07 13:18:46,Injection,Normal,0.3958
2026-01-07 13:18:46,Injection,Normal,0.3953
2026-01-07 13:18:46,Injection,Normal,0.4040
2026-01-07 13:18:46,Injection,Normal,0.4078
2026-01-07 13:18:46,Injection,Normal,0.4078
2026-01-07 13:18:47,Injection,Normal,0.4020
2026-01-07 13:18:47,Injection,Normal,0.3939
2026-01-07 13:18:47,Injection,Normal,0.3928
2026-01-07 13:18:47,Injection,Normal,0.4074
2026-01-07 13:18:48,Injection,Normal,0.4020
2026-01-07 13:18:48,Injection,Normal,0.4040
2026-01-07 13:18:48,Injection,Normal,0.3958
2026-01-07 13:18:48,Injection,Normal,0.4075
2026-01-07 13:18:49,Injection,Normal,0.4079
2026-01-07 13:18:49,Injection,Normal,0.4020
2026-01-07 13:18:49,Injection,Normal,0.3985
2026-01-07 13:18:49,Injection,Normal,0.4042
2026-01-07 13:18:49,Injection,Normal,0.4066
2026-01-07 13:18:50,Injection,Normal,0.4020
2026-01-07 13:18:50,Injection,Normal,0.3924
2026-01-07 13:18:50,Injection,Normal,0.4078
2026-01-07 13:18:50,Injection,Normal,0.3961
2026-01-07 13:18:50,Injection,Normal,0.4077
2026-01-07 13:18:51,Injection,Normal,0.4075
2026-01-07 13:18:51,Injection,Normal,0.3957
2026-01-07 13:18:51,Injection,Normal,0.3908
2026-01-07 13:18:51,Injection,Normal,0.4072
2026-01-07 13:18:51,Injection,Normal,0.4071
2026-01-07 13:18:52,Injection,Normal,0.4075
2026-01-07 13:18:52,Injection,Normal,0.4068
2026-01-07 13:18:52,Injection,Normal,0.4079
2026-01-07 13:18:52,Injection,Normal,0.3966
2026-01-07 13:18:52,Injection,Normal,0.3908
2026-01-07 13:18:53,Injection,Normal,0.4072
2026-01-07 13:18:53,Injection,Normal,0.4054
2026-01-07 13:18:53,Injection,Normal,0.3958
2026-01-07 13:18:53,Injection,Normal,0.4079
2026-01-07 13:18:53,Injection,Normal,0.3961
2026-01-07 13:18:53,Injection,Normal,0.4078
2026-01-07 13:18:54,Injection,Normal,0.4066
2026-01-07 13:18:54,Injection,Normal,0.4078
2026-01-07 13:18:54,Injection,Normal,0.3989
2026-01-07 13:18:54,Injection,Normal,0.3958
2026-01-07 13:18:55,Injection,Normal,0.4079
2026-01-07 13:18:55,Injection,Normal,0.4079
2026-01-07 13:18:55,Injection,Normal,0.4072
2026-01-07 13:18:55,Injection,Normal,0.3875
2026-01-07 13:18:55,Injection,Normal,0.4072
2026-01-07 13:18:56,Injection,Normal,0.4078
2026-01-07 13:18:56,Injection,Normal,0.3983
2026-01-07 13:18:56,Injection,Normal,0.3875
2026-01-07 13:18:56,Injection,Normal,0.3958
2026-01-07 13:18:56,Injection,Normal,0.4074
2026-01-07 13:18:57,Injection,Normal,0.4020
2026-01-07 13:18:57,Injection,Normal,0.3891
2026-01-07 13:18:57,Injection,Normal,0.4066
2026-01-07 13:18:57,Injection,Normal,0.3957
2026-01-07 13:18:57,Injection,Normal,0.4077
2026-01-07 13:18:58,Injection,Normal,0.3925
2026-01-07 13:18:58,Injection,Normal,0.4078
2026-01-07 13:18:58,Injection,Normal,0.4020
2026-01-07 13:18:58,Injection,Normal,0.4079
2026-01-07 13:18:59,Injection,Normal,0.4020
2026-01-07 13:18:59,Injection,Normal,0.4074
2026-01-07 13:18:59,Injection,Normal,0.3985
2026-01-07 13:18:59,Injection,Normal,0.4072
2026-01-07 13:18:59,Injection,Normal,0.4075
2026-01-07 13:18:59,Injection,Normal,0.3958
2026-01-07 13:19:00,Injection,Normal,0.3958
2026-01-07 13:19:00,Injection,Normal,0.4074
2026-01-07 13:19:00,Injection,Normal,0.4074
2026-01-07 13:19:01,Injection,Normal,0.3780
2026-01-07 13:19:01,Injection,Normal,0.3953
2026-01-07 13:19:01,Injection,Normal,0.4038
2026-01-07 13:19:01,Injection,Normal,0.3958
2026-01-07 13:19:01,Injection,Normal,0.4020
2026-01-07 13:19:01,Injection,Normal,0.4066
2026-01-07 13:19:02,Injection,Normal,0.4020
2026-01-07 13:19:02,Injection,Normal,0.4072
2026-01-07 13:19:02,Injection,Normal,0.4086
2026-01-07 13:19:02,Injection,Normal,0.4020
2026-01-07 13:19:02,Injection,Normal,0.3958
2026-01-07 13:19:03,Injection,Normal,0.4066
2026-01-07 13:19:03,Injection,Normal,0.4063
2026-01-07 13:19:03,Injection,Normal,0.3884
2026-01-07 13:19:03,Injection,Normal,0.3928
2026-01-07 13:19:04,Injection,Normal,0.4060
2026-01-07 13:19:04,Injection,Normal,0.3966
2026-01-07 13:19:04,Injection,Normal,0.3942
2026-01-07 13:19:04,Injection,Normal,0.3958
2026-01-07 13:19:04,Injection,Normal,0.3870
2026-01-07 13:19:04,Injection,Normal,0.4071
2026-01-07 13:19:05,Injection,Normal,0.3958
2026-01-07 13:19:05,Injection,Normal,0.4075
2026-01-07 13:19:05,Injection,Normal,0.4060
2026-01-07 13:19:05,Injection,Normal,0.4056
2026-01-07 13:19:06,Injection,Normal,0.3958
2026-01-07 13:19:06,Injection,Normal,0.4057
2026-01-07 13:19:06,Injection,Normal,0.4066
2026-01-07 13:19:06,Injection,Normal,0.4072
2026-01-07 13:19:06,Injection,Normal,0.4066
2026-01-07 13:19:06,Injection,Normal,0.4066
2026-01-07 13:19:07,Injection,Normal,0.3891
2026-01-07 13:19:07,Injection,Normal,0.4046
2026-01-07 13:19:07,Injection,Normal,0.4020
2026-01-07 13:19:07,Injection,Normal,0.3958
2026-01-07 13:19:08,Injection,Normal,0.4020
2026-01-07 13:19:08,Injection,Normal,0.3938
2026-01-07 13:19:08,Injection,Normal,0.4075
2026-01-07 13:19:08,Injection,Normal,0.3928
2026-01-07 13:19:08,Injection,Normal,0.4041
2026-01-07 13:19:09,Injection,Normal,0.3938
2026-01-07 13:19:09,Injection,Normal,0.3928
2026-01-07 13:19:09,Injection,Normal,0.4067
2026-01-07 13:19:10,ARP,Normal,0.3981
2026-01-07 13:19:10,ARP,Normal,0.3966
2026-01-07 13:19:10,ARP,ARP Spoofing,0.4021
2026-01-07 13:19:10,ARP,ARP Spoofing,0.3849
2026-01-07 13:19:10,ARP,ARP Spoofing,0.4021
2026-01-07 13:19:10,ARP,ARP Spoofing,0.3879
2026-01-07 13:19:11,ARP,ARP Spoofing,0.4021
2026-01-07 13:19:11,ARP,ARP Spoofing,0.3849
2026-01-07 13:19:11,ARP,ARP Spoofing,0.3879
2026-01-07 13:19:11,ARP,ARP Spoofing,0.3879
2026-01-07 13:19:11,ARP,ARP Spoofing,0.3888
2026-01-07 13:19:11,ARP,ARP Spoofing,0.3888
2026-01-07 13:19:12,ARP,ARP Spoofing,0.3879
2026-01-07 13:19:12,ARP,ARP Spoofing,0.4021
2026-01-07 13:19:12,ARP,ARP Spoofing,0.3849
2026-01-07 13:19:12,ARP,ARP Spoofing,0.3663
2026-01-07 13:19:13,ARP,ARP Spoofing,0.4021
2026-01-07 13:19:13,ARP,ARP Spoofing,0.3849
2026-01-07 13:19:13,ARP,ARP Spoofing,0.3879
2026-01-07 13:19:13,ARP,ARP Spoofing,0.3879
2026-01-07 13:19:13,ARP,ARP Spoofing,0.4021
2026-01-07 13:19:14,ARP,ARP Spoofing,0.3663
2026-01-07 13:19:14,ARP,ARP Spoofing,0.3879
2026-01-07 13:19:14,ARP,ARP Spoofing,0.3663
2026-01-07 13:19:14,ARP,ARP Spoofing,0.3888
2026-01-07 13:19:14,ARP,ARP Spoofing,0.3879
2026-01-07 13:19:15,ARP,ARP Spoofing,0.4021
2026-01-07 13:19:15,ARP,ARP Spoofing,0.3879
2026-01-07 13:19:15,ARP,ARP Spoofing,0.4021
2026-01-07 13:19:15,ARP,ARP Spoofing,0.3879
2026-01-07 13:19:15,ARP,ARP Spoofing,0.4021
2026-01-07 13:19:16,ARP,ARP Spoofing,0.3888
2026-01-07 13:19:16,ARP,ARP Spoofing,0.4021
2026-01-07 13:19:16,ARP,ARP Spoofing,0.3879
2026-01-07 13:19:16,ARP,ARP Spoofing,0.3663
2026-01-07 13:19:17,ARP,ARP Spoofing,0.4021
2026-01-07 13:19:17,ARP,ARP Spoofing,0.3879
2026-01-07 13:19:17,ARP,ARP Spoofing,0.3879
2026-01-07 13:19:17,ARP,ARP Spoofing,0.3888
2026-01-07 13:19:17,ARP,ARP Spoofing,0.3888
2026-01-07 13:19:18,ARP,ARP Spoofing,0.3879
2026-01-07 13:19:18,ARP,ARP Spoofing,0.3879
2026-01-07 13:19:18,ARP,ARP Spoofing,0.3879
2026-01-07 13:19:18,ARP,ARP Spoofing,0.4021
2026-01-07 13:19:18,ARP,ARP Spoofing,0.3879
2026-01-07 13:19:18,ARP,ARP Spoofing,0.4021
2026-01-07 13:19:19,ARP,ARP Spoofing,0.3879
2026-01-07 13:19:19,ARP,ARP Spoofing,0.4021
2026-01-07 13:19:19,ARP,ARP Spoofing,0.3879
2026-01-07 13:19:20,ARP,ARP Spoofing,0.4021
2026-01-07 13:19:20,ARP,ARP Spoofing,0.4021
2026-01-07 13:19:20,ARP,ARP Spoofing,0.3879
2026-01-07 13:19:20,ARP,ARP Spoofing,0.3888
2026-01-07 13:19:20,ARP,ARP Spoofing,0.3879
2026-01-07 13:19:20,ARP,ARP Spoofing,0.3879
2026-01-07 13:19:21,ARP,ARP Spoofing,0.3879
2026-01-07 13:19:21,ARP,ARP Spoofing,0.4021
2026-01-07 13:19:21,ARP,ARP Spoofing,0.4021
2026-01-07 13:19:21,ARP,ARP Spoofing,0.4021
2026-01-07 13:19:22,ARP,ARP Spoofing,0.3849
2026-01-07 13:19:22,ARP,ARP Spoofing,0.4021
2026-01-07 13:19:22,ARP,ARP Spoofing,0.3849
2026-01-07 13:19:22,ARP,ARP Spoofing,0.4021
2026-01-07 13:19:22,ARP,ARP Spoofing,0.4021
2026-01-07 13:19:23,ARP,ARP Spoofing,0.4021
2026-01-07 13:19:23,ARP,ARP Spoofing,0.4021
2026-01-07 13:19:23,ARP,ARP Spoofing,0.4021
2026-01-07 13:19:23,ARP,ARP Spoofing,0.3849
2026-01-07 13:19:24,ARP,ARP Spoofing,0.3879
2026-01-07 13:19:24,ARP,ARP Spoofing,0.3879
2026-01-07 13:19:24,ARP,ARP Spoofing,0.4021
2026-01-07 13:19:24,ARP,ARP Spoofing,0.4021
2026-01-07 13:19:24,ARP,ARP Spoofing,0.3879
2026-01-07 13:19:24,ARP,ARP Spoofing,0.3879
2026-01-07 13:19:24,ARP,ARP Spoofing,0.4021
2026-01-07 13:19:25,ARP,ARP Spoofing,0.3888
2026-01-07 13:19:25,ARP,ARP Spoofing,0.3888
2026-01-07 13:19:25,ARP,ARP Spoofing,0.3879
2026-01-07 13:19:25,ARP,ARP Spoofing,0.3849
2026-01-07 13:19:26,ARP,ARP Spoofing,0.3879
2026-01-07 13:19:26,ARP,ARP Spoofing,0.4021
2026-01-07 13:19:26,ARP,ARP Spoofing,0.3849
2026-01-07 13:19:26,ARP,ARP Spoofing,0.3879
2026-01-07 13:19:26,ARP,ARP Spoofing,0.3879
2026-01-07 13:19:27,ARP,ARP Spoofing,0.4021
2026-01-07 13:19:27,ARP,ARP Spoofing,0.4021
2026-01-07 13:19:27,ARP,ARP Spoofing,0.4021
2026-01-07 13:19:27,ARP,ARP Spoofing,0.3849
2026-01-07 13:19:28,ARP,ARP Spoofing,0.3879
2026-01-07 13:19:28,ARP,ARP Spoofing,0.3879
2026-01-07 13:19:28,ARP,ARP Spoofing,0.4021
2026-01-07 13:19:28,ARP,ARP Spoofing,0.3663
2026-01-07 13:19:28,ARP,ARP Spoofing,0.3879
2026-01-07 13:19:28,ARP,ARP Spoofing,0.3663
2026-01-07 13:19:29,ARP,ARP Spoofing,0.3879
2026-01-07 13:19:29,ARP,ARP Spoofing,0.3888
2026-01-07 13:19:29,ARP,ARP Spoofing,0.3879
2026-01-07 13:19:29,ARP,ARP Spoofing,0.3879
2026-01-07 13:19:30,ARP,ARP Spoofing,0.3879
2026-01-07 13:19:30,ARP,ARP Spoofing,0.3879
2026-01-07 13:19:30,ARP,ARP Spoofing,0.3879
2026-01-07 13:19:30,ARP,ARP Spoofing,0.3879
2026-01-07 13:19:31,ARP,ARP Spoofing,0.3888
2026-01-07 13:19:31,ARP,ARP Spoofing,0.4021
2026-01-07 13:19:31,ARP,ARP Spoofing,0.3879
2026-01-07 13:19:31,ARP,ARP Spoofing,0.3879
2026-01-07 13:19:31,ARP,ARP Spoofing,0.3888
2026-01-07 13:19:31,ARP,ARP Spoofing,0.4021
2026-01-07 13:19:32,ARP,ARP Spoofing,0.3849
2026-01-07 13:19:32,ARP,ARP Spoofing,0.3849
2026-01-07 13:19:32,ARP,ARP Spoofing,0.4021
2026-01-07 13:19:32,ARP,ARP Spoofing,0.3879
2026-01-07 13:19:33,ARP,ARP Spoofing,0.3879
2026-01-07 13:19:33,ARP,ARP Spoofing,0.3879
2026-01-07 13:19:33,ARP,ARP Spoofing,0.3879
2026-01-07 13:19:33,ARP,ARP Spoofing,0.3888
2026-01-07 13:19:33,ARP,ARP Spoofing,0.3849
2026-01-07 13:19:33,ARP,ARP Spoofing,0.3888
2026-01-07 13:19:34,ARP,ARP Spoofing,0.3879
2026-01-07 13:19:34,ARP,ARP Spoofing,0.3888
2026-01-07 13:19:34,ARP,ARP Spoofing,0.4021
2026-01-07 13:19:34,ARP,ARP Spoofing,0.3879
2026-01-07 13:19:35,ARP,ARP Spoofing,0.3663
2026-01-07 13:19:35,ARP,ARP Spoofing,0.4021
2026-01-07 13:19:35,ARP,ARP Spoofing,0.4021
2026-01-07 13:19:35,ARP,ARP Spoofing,0.3663
2026-01-07 13:19:35,ARP,ARP Spoofing,0.3888
2026-01-07 13:19:35,ARP,ARP Spoofing,0.3888
2026-01-07 13:19:36,ARP,ARP Spoofing,0.3888
2026-01-07 13:19:36,ARP,ARP Spoofing,0.3879
2026-01-07 13:19:36,ARP,ARP Spoofing,0.3849
2026-01-07 13:19:36,ARP,ARP Spoofing,0.4021
2026-01-07 13:19:37,ARP,ARP Spoofing,0.3879
2026-01-07 13:19:37,ARP,ARP Spoofing,0.3849
2026-01-07 13:19:37,ARP,ARP Spoofing,0.3879
2026-01-07 13:19:37,ARP,ARP Spoofing,0.4021
2026-01-07 13:19:38,ARP,ARP Spoofing,0.3879
2026-01-07 13:19:38,ARP,ARP Spoofing,0.3879
2026-01-07 13:19:38,ARP,ARP Spoofing,0.3879
2026-01-07 13:19:38,ARP,ARP Spoofing,0.3879
2026-01-07 13:19:38,ARP,ARP Spoofing,0.4021
2026-01-07 13:19:39,ARP,ARP Spoofing,0.3879
2026-01-07 13:19:39,ARP,ARP Spoofing,0.4021
2026-01-07 13:19:39,ARP,ARP Spoofing,0.3888
2026-01-07 13:19:39,ARP,ARP Spoofing,0.3879
2026-01-07 13:19:39,ARP,ARP Spoofing,0.4021
2026-01-07 13:19:39,ARP,ARP Spoofing,0.3879
2026-01-07 13:19:40,ARP,ARP Spoofing,0.3879
2026-01-07 13:19:40,ARP,ARP Spoofing,0.3849
2026-01-07 13:19:40,ARP,ARP Spoofing,0.3879
2026-01-07 13:19:40,ARP,ARP Spoofing,0.3879
2026-01-07 13:19:40,ARP,ARP Spoofing,0.3879
2026-01-07 13:19:41,ARP,ARP Spoofing,0.3879
2026-01-07 13:19:41,ARP,ARP Spoofing,0.3663
2026-01-07 13:19:41,ARP,ARP Spoofing,0.3879
2026-01-07 13:19:41,ARP,ARP Spoofing,0.3879
2026-01-07 13:19:42,ARP,ARP Spoofing,0.3879
2026-01-07 13:19:42,ARP,ARP Spoofing,0.3849
2026-01-07 13:19:42,ARP,ARP Spoofing,0.3879
2026-01-07 13:19:42,ARP,ARP Spoofing,0.3663
2026-01-07 13:19:43,ARP,ARP Spoofing,0.4021
2026-01-07 13:19:43,ARP,ARP Spoofing,0.3663
2026-01-07 13:19:43,ARP,ARP Spoofing,0.3879
2026-01-07 13:19:43,ARP,ARP Spoofing,0.3849
2026-01-07 13:19:43,ARP,ARP Spoofing,0.3879
2026-01-07 13:19:43,ARP,ARP Spoofing,0.3879
2026-01-07 13:19:44,ARP,ARP Spoofing,0.4021
2026-01-07 13:19:44,ARP,ARP Spoofing,0.3879
2026-01-07 13:19:44,ARP,ARP Spoofing,0.4021
2026-01-07 13:19:44,ARP,ARP Spoofing,0.3879
2026-01-07 13:19:45,ARP,ARP Spoofing,0.4021
2026-01-07 13:19:45,ARP,ARP Spoofing,0.3663
2026-01-07 13:19:45,ARP,ARP Spoofing,0.3879
2026-01-07 13:19:45,ARP,ARP Spoofing,0.3888
2026-01-07 13:19:45,ARP,ARP Spoofing,0.4021
2026-01-07 13:19:46,ARP,ARP Spoofing,0.3888
2026-01-07 13:19:46,ARP,ARP Spoofing,0.3888
2026-01-07 13:19:46,ARP,ARP Spoofing,0.3849
2026-01-07 13:19:46,ARP,ARP Spoofing,0.3879
2026-01-07 13:19:46,ARP,ARP Spoofing,0.3879
2026-01-07 13:19:46,ARP,ARP Spoofing,0.4021
2026-01-07 13:19:47,ARP,ARP Spoofing,0.3663
2026-01-07 13:19:47,ARP,ARP Spoofing,0.3879
2026-01-07 13:19:47,ARP,ARP Spoofing,0.3663
2026-01-07 13:19:47,ARP,ARP Spoofing,0.3879
2026-01-07 13:19:48,ARP,ARP Spoofing,0.3879
2026-01-07 13:19:48,ARP,ARP Spoofing,0.3663
2026-01-07 13:19:48,ARP,ARP Spoofing,0.3849
2026-01-07 13:19:48,ARP,ARP Spoofing,0.3879
2026-01-07 13:19:48,ARP,ARP Spoofing,0.4021
2026-01-07 13:19:49,ARP,ARP Spoofing,0.3879
2026-01-07 13:19:49,ARP,ARP Spoofing,0.3879
2026-01-07 13:19:49,ARP,ARP Spoofing,0.4021
2026-01-07 13:19:49,ARP,ARP Spoofing,0.4021
2026-01-07 13:19:49,ARP,ARP Spoofing,0.3663
2026-01-07 13:19:49,ARP,ARP Spoofing,0.3879
2026-01-07 13:19:50,ARP,ARP Spoofing,0.3663
2026-01-07 13:19:50,ARP,ARP Spoofing,0.3849
2026-01-07 13:19:50,ARP,ARP Spoofing,0.4021
2026-01-07 13:19:51,ARP,ARP Spoofing,0.3879
2026-01-07 13:19:51,ARP,ARP Spoofing,0.4021
2026-01-07 13:19:51,ARP,ARP Spoofing,0.3879
2026-01-07 13:19:51,ARP,ARP Spoofing,0.3879
2026-01-07 13:19:51,ARP,ARP Spoofing,0.4021
2026-01-07 13:19:52,ARP,ARP Spoofing,0.4021
2026-01-07 13:19:52,ARP,ARP Spoofing,0.3879
2026-01-07 13:19:52,ARP,ARP Spoofing,0.3879
2026-01-07 13:19:52,ARP,ARP Spoofing,0.3879
2026-01-07 13:19:52,ARP,ARP Spoofing,0.4021
2026-01-07 13:19:52,ARP,ARP Spoofing,0.3879
2026-01-07 13:19:53,ARP,ARP Spoofing,0.3888
2026-01-07 13:19:53,ARP,ARP Spoofing,0.3879
2026-01-07 13:19:53,ARP,ARP Spoofing,0.4021
2026-01-07 13:19:53,ARP,ARP Spoofing,0.4021
2026-01-07 13:19:54,ARP,ARP Spoofing,0.3879
2026-01-07 13:19:54,ARP,ARP Spoofing,0.3879
2026-01-07 13:19:54,ARP,ARP Spoofing,0.3879
2026-01-07 13:19:54,ARP,ARP Spoofing,0.3879
2026-01-07 13:19:54,ARP,ARP Spoofing,0.3879
2026-01-07 13:19:54,ARP,ARP Spoofing,0.4021
2026-01-07 13:19:55,ARP,ARP Spoofing,0.4021
2026-01-07 13:19:55,ARP,ARP Spoofing,0.3849
2026-01-07 13:19:55,ARP,ARP Spoofing,0.4021
2026-01-07 13:19:56,ARP,ARP Spoofing,0.3663
2026-01-07 13:19:56,ARP,ARP Spoofing,0.3879
2026-01-07 13:19:56,ARP,ARP Spoofing,0.3879
2026-01-07 13:19:56,ARP,ARP Spoofing,0.4021
2026-01-07 13:19:56,ARP,ARP Spoofing,0.3879
2026-01-07 13:19:56,ARP,ARP Spoofing,0.3879
2026-01-07 13:19:57,ARP,ARP Spoofing,0.4021
2026-01-07 13:19:57,ARP,ARP Spoofing,0.3879
2026-01-07 13:19:57,ARP,ARP Spoofing,0.4021
2026-01-07 13:19:57,ARP,ARP Spoofing,0.3879
2026-01-07 13:19:58,ARP,ARP Spoofing,0.4021
2026-01-07 13:19:58,ARP,ARP Spoofing,0.3879
2026-01-07 13:19:58,ARP,ARP Spoofing,0.3849
2026-01-07 13:19:58,ARP,ARP Spoofing,0.3849
2026-01-07 13:19:58,ARP,ARP Spoofing,0.4021
2026-01-07 13:19:58,ARP,ARP Spoofing,0.3879
2026-01-07 13:19:59,ARP,ARP Spoofing,0.3663
2026-01-07 13:19:59,ARP,ARP Spoofing,0.3879
2026-01-07 13:19:59,ARP,ARP Spoofing,0.3879
2026-01-07 13:19:59,ARP,ARP Spoofing,0.3879
2026-01-07 13:20:00,ARP,ARP Spoofing,0.4021
2026-01-07 13:20:00,ARP,ARP Spoofing,0.3879
2026-01-07 13:20:00,ARP,ARP Spoofing,0.3879
2026-01-07 13:20:00,ARP,ARP Spoofing,0.3879
2026-01-07 13:20:01,ARP,ARP Spoofing,0.4021
2026-01-07 13:20:01,ARP,ARP Spoofing,0.3849
2026-01-07 13:20:01,ARP,ARP Spoofing,0.4021
2026-01-07 13:20:01,ARP,ARP Spoofing,0.3879
2026-01-07 13:20:01,ARP,ARP Spoofing,0.3879
2026-01-07 13:20:01,ARP,ARP Spoofing,0.3879
2026-01-07 13:20:02,ARP,ARP Spoofing,0.4021
2026-01-07 13:20:02,ARP,ARP Spoofing,0.3879
2026-01-07 13:20:02,ARP,ARP Spoofing,0.3879
2026-01-07 13:20:02,ARP,ARP Spoofing,0.3879
2026-01-07 13:20:02,ARP,ARP Spoofing,0.3879
2026-01-07 13:20:03,ARP,ARP Spoofing,0.4021
2026-01-07 13:20:03,ARP,ARP Spoofing,0.4021
2026-01-07 13:20:03,ARP,ARP Spoofing,0.4021
2026-01-07 13:20:03,ARP,ARP Spoofing,0.3879
2026-01-07 13:20:04,ARP,ARP Spoofing,0.3879
2026-01-07 13:20:04,ARP,ARP Spoofing,0.3879
2026-01-07 13:20:04,ARP,ARP Spoofing,0.3663
2026-01-07 13:20:04,ARP,ARP Spoofing,0.3879
2026-01-07 13:20:05,ARP,ARP Spoofing,0.3663
2026-01-07 13:20:05,ARP,ARP Spoofing,0.3879
2026-01-07 13:20:05,ARP,ARP Spoofing,0.3879
2026-01-07 13:20:05,ARP,ARP Spoofing,0.3663
2026-01-07 13:20:05,ARP,ARP Spoofing,0.4021
2026-01-07 13:20:05,ARP,ARP Spoofing,0.3879
2026-01-07 13:20:05,ARP,ARP Spoofing,0.3879
2026-01-07 13:20:06,ARP,ARP Spoofing,0.3879
2026-01-07 13:20:06,ARP,ARP Spoofing,0.4021
2026-01-07 13:20:06,ARP,ARP Spoofing,0.3849
2026-01-07 13:20:06,ARP,ARP Spoofing,0.3879
2026-01-07 13:20:07,ARP,ARP Spoofing,0.4021
2026-01-07 13:20:07,ARP,ARP Spoofing,0.3879
2026-01-07 13:20:07,ARP,ARP Spoofing,0.3663
2026-01-07 13:20:07,ARP,ARP Spoofing,0.3879
2026-01-07 13:20:08,ARP,ARP Spoofing,0.4021
2026-01-07 13:20:08,ARP,ARP Spoofing,0.3879
2026-01-07 13:20:08,ARP,ARP Spoofing,0.3663
2026-01-07 13:20:08,ARP,ARP Spoofing,0.3888
2026-01-07 13:20:08,ARP,ARP Spoofing,0.4021
2026-01-07 13:20:08,ARP,ARP Spoofing,0.3888
2026-01-07 13:20:09,ARP,ARP Spoofing,0.3879
2026-01-07 13:20:09,ARP,ARP Spoofing,0.3879
2026-01-07 13:20:09,ARP,ARP Spoofing,0.3879
2026-01-07 13:20:09,ARP,ARP Spoofing,0.4021
2026-01-07 13:20:10,ARP,ARP Spoofing,0.3879
2026-01-07 13:20:10,ARP,ARP Spoofing,0.4021
2026-01-07 13:20:10,ARP,ARP Spoofing,0.3888
2026-01-07 13:20:10,ARP,ARP Spoofing,0.3879
2026-01-07 13:20:11,ARP,ARP Spoofing,0.4021
2026-01-07 13:20:11,ARP,ARP Spoofing,0.3879
2026-01-07 13:20:11,ARP,ARP Spoofing,0.4021
2026-01-07 13:20:11,ARP,ARP Spoofing,0.4021
2026-01-07 13:20:11,ARP,ARP Spoofing,0.3879
2026-01-07 13:20:11,ARP,ARP Spoofing,0.4021
2026-01-07 13:20:12,ARP,ARP Spoofing,0.3879
2026-01-07 13:20:12,ARP,ARP Spoofing,0.4021
2026-01-07 13:20:12,ARP,ARP Spoofing,0.3879
2026-01-07 13:20:12,ARP,ARP Spoofing,0.3888
2026-01-07 13:20:12,ARP,ARP Spoofing,0.3888
2026-01-07 13:20:13,ARP,ARP Spoofing,0.3879
2026-01-07 13:20:13,ARP,ARP Spoofing,0.3879
2026-01-07 13:20:13,ARP,ARP Spoofing,0.3888
2026-01-07 13:20:13,ARP,ARP Spoofing,0.4021
2026-01-07 13:20:14,ARP,ARP Spoofing,0.3888
2026-01-07 13:20:14,ARP,ARP Spoofing,0.3879
2026-01-07 13:20:14,ARP,ARP Spoofing,0.3879
2026-01-07 13:20:14,ARP,ARP Spoofing,0.3849
2026-01-07 13:20:15,ARP,ARP Spoofing,0.3888
2026-01-07 13:20:15,ARP,ARP Spoofing,0.3849
2026-01-07 13:20:15,ARP,ARP Spoofing,0.4021
2026-01-07 13:20:15,ARP,ARP Spoofing,0.3879
2026-01-07 13:20:15,ARP,ARP Spoofing,0.3879
2026-01-07 13:20:16,ARP,ARP Spoofing,0.3849
2026-01-07 13:20:16,ARP,ARP Spoofing,0.3663
2026-01-07 13:20:16,ARP,ARP Spoofing,0.3879
2026-01-07 13:20:16,ARP,ARP Spoofing,0.3879
2026-01-07 13:20:16,ARP,ARP Spoofing,0.3879
2026-01-07 13:20:16,ARP,ARP Spoofing,0.3663
2026-01-07 13:20:17,ARP,ARP Spoofing,0.4021
2026-01-07 13:20:17,ARP,ARP Spoofing,0.3879
2026-01-07 13:20:17,ARP,ARP Spoofing,0.3879
2026-01-07 13:20:17,ARP,ARP Spoofing,0.3879
2026-01-07 13:20:18,ARP,ARP Spoofing,0.3879
2026-01-07 13:20:18,ARP,ARP Spoofing,0.4021
2026-01-07 13:20:18,ARP,ARP Spoofing,0.3879
2026-01-07 13:20:18,ARP,ARP Spoofing,0.4021
2026-01-07 13:20:18,ARP,ARP Spoofing,0.4021
2026-01-07 13:20:19,ARP,ARP Spoofing,0.3879
2026-01-07 13:20:19,ARP,ARP Spoofing,0.4021
2026-01-07 13:20:19,ARP,ARP Spoofing,0.3663
2026-01-07 13:20:19,ARP,ARP Spoofing,0.3888
2026-01-07 13:20:19,ARP,ARP Spoofing,0.3888
2026-01-07 13:20:19,ARP,ARP Spoofing,0.4021
2026-01-07 13:20:20,ARP,ARP Spoofing,0.4021
2026-01-07 13:20:20,ARP,ARP Spoofing,0.3879
2026-01-07 13:20:20,ARP,ARP Spoofing,0.4021
2026-01-07 13:20:20,ARP,ARP Spoofing,0.3879
2026-01-07 13:20:21,ARP,ARP Spoofing,0.3879
2026-01-07 13:20:21,ARP,ARP Spoofing,0.3888
2026-01-07 13:20:21,ARP,ARP Spoofing,0.4021
2026-01-07 13:20:21,ARP,ARP Spoofing,0.3879
2026-01-07 13:20:21,ARP,ARP Spoofing,0.3879
2026-01-07 13:20:22,ARP,ARP Spoofing,0.3879
2026-01-07 13:20:22,ARP,ARP Spoofing,0.4021
2026-01-07 13:20:22,ARP,ARP Spoofing,0.4021
2026-01-07 13:20:22,ARP,ARP Spoofing,0.3879
2026-01-07 13:20:22,ARP,ARP Spoofing,0.3849
2026-01-07 13:20:23,ARP,ARP Spoofing,0.3879
2026-01-07 13:20:23,ARP,ARP Spoofing,0.3879
2026-01-07 13:20:23,ARP,ARP Spoofing,0.3888
2026-01-07 13:20:23,ARP,ARP Spoofing,0.3879
2026-01-07 13:20:24,ARP,ARP Spoofing,0.3849
2026-01-07 13:20:24,ARP,ARP Spoofing,0.3879
2026-01-07 13:20:24,ARP,ARP Spoofing,0.3849
2026-01-07 13:20:24,ARP,ARP Spoofing,0.3888
2026-01-07 13:20:24,ARP,ARP Spoofing,0.3879
2026-01-07 13:20:24,ARP,ARP Spoofing,0.3888
2026-01-07 13:20:25,ARP,ARP Spoofing,0.3879
2026-01-07 13:20:25,ARP,ARP Spoofing,0.3879
2026-01-07 13:20:25,ARP,ARP Spoofing,0.3663
2026-01-07 13:20:25,ARP,ARP Spoofing,0.3879
2026-01-07 13:20:25,ARP,ARP Spoofing,0.3879
2026-01-07 13:20:26,ARP,ARP Spoofing,0.4021
2026-01-07 13:20:26,ARP,ARP Spoofing,0.3879
2026-01-07 13:20:26,ARP,ARP Spoofing,0.4021
2026-01-07 13:20:26,ARP,ARP Spoofing,0.3849
2026-01-07 13:20:27,ARP,ARP Spoofing,0.3879
2026-01-07 13:20:27,ARP,ARP Spoofing,0.3879
2026-01-07 13:20:27,ARP,ARP Spoofing,0.4021
2026-01-07 13:20:28,ARP,ARP Spoofing,0.3849
2026-01-07 13:20:28,ARP,ARP Spoofing,0.3879
2026-01-07 13:20:28,ARP,ARP Spoofing,0.3879
2026-01-07 13:20:28,Normal,Normal,0.4078
2026-01-07 13:20:28,Normal,Normal,0.4068
2026-01-07 13:20:28,Normal,Normal,0.4078
2026-01-07 13:20:28,Normal,Normal,0.4066
2026-01-07 13:20:29,Normal,Normal,0.4075
2026-01-07 13:20:29,Normal,Normal,0.3958
2026-01-07 13:20:29,Normal,Normal,0.4078
2026-01-07 13:20:29,Normal,Normal,0.3775
2026-01-07 13:20:29,Normal,Normal,0.4077
2026-01-07 13:20:30,Normal,Normal,0.3775
2026-01-07 13:20:30,Normal,Normal,0.4078
2026-01-07 13:20:30,Normal,Normal,0.3881
2026-01-07 13:20:30,Normal,Normal,0.4020
2026-01-07 13:20:30,Normal,Normal,0.3981
2026-01-07 13:20:30,Normal,Normal,0.4066
2026-01-07 13:20:31,Normal,Normal,0.4068
2026-01-07 13:20:32,Normal,Normal,0.4079
2026-01-07 13:20:32,Normal,Normal,0.3989
2026-01-07 13:20:32,Normal,Normal,0.4079
2026-01-07 13:20:32,Normal,Normal,0.4078
2026-01-07 13:20:32,Normal,Normal,0.3958
2026-01-07 13:20:32,Normal,Normal,0.3908
2026-01-07 13:20:32,Normal,Normal,0.4077
2026-01-07 13:20:32,Normal,Normal,0.3775
2026-01-07 13:20:33,Normal,Normal,0.4074
2026-01-07 13:20:33,Normal,Normal,0.4071
2026-01-07 13:20:33,Normal,Normal,0.3879
2026-01-07 13:20:34,Normal,Normal,0.4060
2026-01-07 13:20:34,Normal,Normal,0.3958
2026-01-07 13:20:34,Normal,Normal,0.3942
2026-01-07 13:20:34,Normal,Normal,0.4045
2026-01-07 13:20:34,Normal,Normal,0.3961
2026-01-07 13:20:34,Normal,Normal,0.4079
2026-01-07 13:20:35,Normal,Normal,0.3957
2026-01-07 13:20:35,Normal,Normal,0.4046
2026-01-07 13:20:35,Normal,Normal,0.4060
2026-01-07 13:20:35,Normal,Normal,0.3884
2026-01-07 13:20:35,Normal,Normal,0.3961
2026-01-07 13:20:36,Normal,Normal,0.3958
2026-01-07 13:20:36,Normal,Normal,0.4074
2026-01-07 13:20:36,Normal,Normal,0.3928
2026-01-07 13:20:36,Normal,Normal,0.3884
2026-01-07 13:20:37,Normal,Normal,0.4020
2026-01-07 13:20:37,Normal,Normal,0.3958
2026-01-07 13:20:37,Normal,Normal,0.3958
2026-01-07 13:20:37,Normal,Normal,0.4020
2026-01-07 13:20:37,Normal,Normal,0.4066
2026-01-07 13:20:38,Normal,Normal,0.4078
2026-01-07 13:20:38,Normal,Normal,0.4079
2026-01-07 13:20:38,Normal,Normal,0.4058
2026-01-07 13:20:38,Normal,Normal,0.4075
2026-01-07 13:20:38,Normal,Normal,0.4068
2026-01-07 13:20:38,Normal,Normal,0.4075
2026-01-07 13:20:39,Normal,Normal,0.4066
2026-01-07 13:20:39,Normal,Normal,0.4075
2026-01-07 13:20:39,Normal,Normal,0.3989
2026-01-07 13:20:39,Normal,Normal,0.4063
2026-01-07 13:20:39,Normal,Normal,0.4079
2026-01-07 13:20:40,Normal,Normal,0.4078
2026-01-07 13:20:40,Normal,Normal,0.3971
2026-01-07 13:20:40,Normal,Normal,0.3891
2026-01-07 13:20:40,Normal,Normal,0.4079
2026-01-07 13:20:41,Normal,Normal,0.3977
2026-01-07 13:20:41,Normal,Normal,0.4058
2026-01-07 13:20:41,Normal,Normal,0.4066
2026-01-07 13:20:41,Normal,Normal,0.4020
2026-01-07 13:20:41,Normal,Normal,0.4063
2026-01-07 13:20:42,Normal,Normal,0.3775
2026-01-07 13:20:42,Normal,Normal,0.3966
2026-01-07 13:20:42,Normal,Normal,0.3985
2026-01-07 13:20:42,Normal,Normal,0.4068
2026-01-07 13:20:42,Normal,Normal,0.4068
2026-01-07 13:20:42,Normal,Normal,0.4079
2026-01-07 13:20:43,Normal,Normal,0.4074
2026-01-07 13:20:43,Normal,Normal,0.4066
2026-01-07 13:20:43,Normal,Normal,0.3957
2026-01-07 13:20:44,Normal,Normal,0.3908
2026-01-07 13:20:44,Normal,Normal,0.3942
2026-01-07 13:20:44,Normal,Normal,0.4039
2026-01-07 13:20:44,Normal,Normal,0.4074
2026-01-07 13:20:44,Normal,Normal,0.4078
2026-01-07 13:20:44,Normal,Normal,0.3924
2026-01-07 13:20:45,Normal,Normal,0.3891
2026-01-07 13:20:45,Normal,Normal,0.3933
2026-01-07 13:20:45,Normal,Normal,0.4068
2026-01-07 13:20:45,Normal,Normal,0.3957
2026-01-07 13:20:45,Normal,Normal,0.3881
2026-01-07 13:20:46,Normal,Normal,0.4039
2026-01-07 13:20:46,Normal,Normal,0.3958
2026-01-07 13:20:46,Normal,Normal,0.4039
2026-01-07 13:20:46,Normal,Normal,0.3902
2026-01-07 13:20:46,Normal,Normal,0.4066
2026-01-07 13:20:47,Normal,Normal,0.4045
2026-01-07 13:20:47,Normal,Normal,0.3957
2026-01-07 13:20:48,RateTamper,Normal,0.4050
2026-01-07 13:20:48,RateTamper,Normal,0.4072
2026-01-07 13:20:48,RateTamper,Normal,0.3901
2026-01-07 13:20:48,RateTamper,Normal,0.4086
2026-01-07 13:20:48,RateTamper,Normal,0.4039
2026-01-07 13:20:48,RateTamper,Normal,0.4075
2026-01-07 13:20:48,RateTamper,Normal,0.3961
2026-01-07 13:20:49,RateTamper,Normal,0.4063
2026-01-07 13:20:49,RateTamper,Normal,0.3973
2026-01-07 13:20:49,RateTamper,Normal,0.3908
2026-01-07 13:20:49,RateTamper,Normal,0.4079
2026-01-07 13:20:49,RateTamper,Normal,0.3942
2026-01-07 13:20:50,RateTamper,Normal,0.4066
2026-01-07 13:20:50,RateTamper,Normal,0.3971
2026-01-07 13:20:50,RateTamper,Normal,0.4066
2026-01-07 13:20:50,RateTamper,Normal,0.3958
2026-01-07 13:20:50,RateTamper,Normal,0.4066
2026-01-07 13:20:51,RateTamper,Normal,0.4077
2026-01-07 13:20:51,RateTamper,Normal,0.3958
2026-01-07 13:20:51,RateTamper,Normal,0.3958
2026-01-07 13:20:51,RateTamper,Normal,0.3928
2026-01-07 13:20:52,RateTamper,Normal,0.4040
2026-01-07 13:20:52,RateTamper,Normal,0.3966
2026-01-07 13:20:52,RateTamper,Normal,0.4079
2026-01-07 13:20:52,RateTamper,Normal,0.4066
2026-01-07 13:20:52,RateTamper,Normal,0.3958
2026-01-07 13:20:53,RateTamper,Normal,0.3954
2026-01-07 13:20:53,RateTamper,Normal,0.4079
2026-01-07 13:20:53,RateTamper,Normal,0.4075
2026-01-07 13:20:53,RateTamper,Normal,0.4020
2026-01-07 13:20:53,RateTamper,Normal,0.3958
2026-01-07 13:20:54,RateTamper,Normal,0.4079
2026-01-07 13:20:54,RateTamper,Normal,0.4075
2026-01-07 13:20:54,RateTamper,Normal,0.4066
2026-01-07 13:20:54,RateTamper,Normal,0.4079
2026-01-07 13:20:54,RateTamper,Normal,0.4079
2026-01-07 13:20:54,RateTamper,Normal,0.4020
2026-01-07 13:20:55,RateTamper,Normal,0.3953
2026-01-07 13:20:55,RateTamper,Normal,0.3971
2026-01-07 13:20:55,RateTamper,Normal,0.4066
2026-01-07 13:20:56,RateTamper,Normal,0.4074
2026-01-07 13:20:56,RateTamper,Normal,0.3966
2026-01-07 13:20:56,RateTamper,Normal,0.3958
2026-01-07 13:20:56,RateTamper,Normal,0.4074
2026-01-07 13:20:56,RateTamper,Normal,0.4041
2026-01-07 13:20:56,RateTamper,Normal,0.4020
2026-01-07 13:20:57,RateTamper,Normal,0.3958
2026-01-07 13:20:57,RateTamper,Normal,0.4057
2026-01-07 13:20:57,RateTamper,Normal,0.3985
2026-01-07 13:20:57,RateTamper,Normal,0.4038
2026-01-07 13:20:57,RateTamper,Normal,0.3966
2026-01-07 13:20:58,RateTamper,Normal,0.3928
2026-01-07 13:20:58,RateTamper,Normal,0.4066
2026-01-07 13:20:58,RateTamper,Normal,0.3928
2026-01-07 13:20:58,RateTamper,Normal,0.3989
2026-01-07 13:20:59,RateTamper,Normal,0.3928
2026-01-07 13:20:59,RateTamper,Normal,0.4074
2026-01-07 13:20:59,RateTamper,Normal,0.4079
2026-01-07 13:20:59,RateTamper,Normal,0.4077
2026-01-07 13:20:59,RateTamper,Normal,0.3928
2026-01-07 13:21:00,RateTamper,Normal,0.3957
2026-01-07 13:21:00,RateTamper,Normal,0.4041
2026-01-07 13:21:00,RateTamper,Normal,0.3953
2026-01-07 13:21:00,RateTamper,Normal,0.4020
2026-01-07 13:21:00,RateTamper,Normal,0.4020
2026-01-07 13:21:01,RateTamper,Normal,0.4079
2026-01-07 13:21:01,RateTamper,Normal,0.4074
2026-01-07 13:21:01,RateTamper,Normal,0.3885
2026-01-07 13:21:01,RateTamper,Normal,0.3971
2026-01-07 13:21:01,RateTamper,Normal,0.4020
2026-01-07 13:21:02,RateTamper,Normal,0.3958
2026-01-07 13:21:02,RateTamper,Normal,0.3942
2026-01-07 13:21:02,RateTamper,Normal,0.4038
2026-01-07 13:21:02,RateTamper,Normal,0.4077
2026-01-07 13:21:02,RateTamper,Normal,0.3958
2026-01-07 13:21:03,RateTamper,Normal,0.3973
2026-01-07 13:21:03,RateTamper,Normal,0.4020
2026-01-07 13:21:03,RateTamper,Normal,0.3872
2026-01-07 13:21:03,RateTamper,Normal,0.4040
2026-01-07 13:21:04,RateTamper,Normal,0.3958
2026-01-07 13:21:04,RateTamper,Normal,0.4063
2026-01-07 13:21:04,RateTamper,Normal,0.3978
2026-01-07 13:21:04,RateTamper,Normal,0.4071
2026-01-07 13:21:04,RateTamper,Normal,0.4079
2026-01-07 13:21:04,RateTamper,Normal,0.3971
2026-01-07 13:21:05,RateTamper,Normal,0.4077
2026-01-07 13:21:05,RateTamper,Normal,0.3958
2026-01-07 13:21:05,RateTamper,Normal,0.4040
2026-01-07 13:21:05,RateTamper,Normal,0.3933
2026-01-07 13:21:06,RateTamper,Normal,0.4075
2026-01-07 13:21:06,RateTamper,Normal,0.4046
2026-01-07 13:21:06,RateTamper,Normal,0.3958
2026-01-07 13:21:06,RateTamper,Normal,0.3958
2026-01-07 13:21:06,RateTamper,Normal,0.3875
2026-01-07 13:21:07,RateTamper,Normal,0.4074
2026-01-07 13:21:07,RateTamper,Normal,0.4075
2026-01-07 13:21:07,RateTamper,Normal,0.4077
2026-01-07 13:21:07,RateTamper,Normal,0.3971
2026-01-07 13:21:07,RateTamper,Normal,0.4066
2026-01-07 13:21:08,RateTamper,Normal,0.3942
2026-01-07 13:21:08,RateTamper,Normal,0.4068
2026-01-07 13:21:08,RateTamper,Normal,0.4040
2026-01-07 13:21:08,RateTamper,Normal,0.4060
2026-01-07 13:21:09,RateTamper,Normal,0.4086
2026-01-07 13:21:09,RateTamper,Normal,0.4072
2026-01-07 13:21:09,RateTamper,Normal,0.4020
2026-01-07 13:21:09,RateTamper,Normal,0.4074
2026-01-07 13:21:09,RateTamper,Normal,0.4074
2026-01-07 13:21:09,RateTamper,Normal,0.3989
2026-01-07 13:21:10,RateTamper,Normal,0.4071
2026-01-07 13:21:10,RateTamper,Normal,0.4086
2026-01-07 13:21:10,RateTamper,Normal,0.4071
2026-01-07 13:21:10,RateTamper,Normal,0.4068
2026-01-07 13:21:11,RateTamper,Normal,0.3961
2026-01-07 13:21:11,RateTamper,Normal,0.4066
2026-01-07 13:21:11,RateTamper,Normal,0.4045
2026-01-07 13:21:11,RateTamper,Normal,0.3958
2026-01-07 13:21:11,RateTamper,Normal,0.3870
2026-01-07 13:21:12,RateTamper,Normal,0.4072
2026-01-07 13:21:12,RateTamper,Normal,0.3775
2026-01-07 13:21:12,RateTamper,Normal,0.4079
2026-01-07 13:21:12,RateTamper,Normal,0.3941
2026-01-07 13:21:13,RateTamper,Normal,0.3928
2026-01-07 13:21:13,RateTamper,Normal,0.4078
2026-01-07 13:21:13,RateTamper,Normal,0.3966
2026-01-07 13:21:13,RateTamper,Normal,0.4020
2026-01-07 13:21:13,RateTamper,Normal,0.3989
2026-01-07 13:21:13,RateTamper,Normal,0.4074
2026-01-07 13:21:13,RateTamper,Normal,0.3780
2026-01-07 13:21:14,RateTamper,Normal,0.4050
2026-01-07 13:21:14,RateTamper,Normal,0.3958
2026-01-07 13:21:14,RateTamper,Normal,0.4020
2026-01-07 13:21:14,RateTamper,Normal,0.4020
2026-01-07 13:21:15,RateTamper,Normal,0.4066
2026-01-07 13:21:15,RateTamper,Normal,0.4077
2026-01-07 13:21:15,RateTamper,Normal,0.4075
2026-01-07 13:21:15,RateTamper,Normal,0.3952
2026-01-07 13:21:16,RateTamper,Normal,0.3978
2026-01-07 13:21:16,RateTamper,Normal,0.3941
2026-01-07 13:21:16,RateTamper,Normal,0.3939
2026-01-07 13:21:16,RateTamper,Normal,0.4039
2026-01-07 13:21:17,RateTamper,Normal,0.4079
2026-01-07 13:21:17,RateTamper,Normal,0.3958
2026-01-07 13:21:17,RateTamper,Normal,0.4072
2026-01-07 13:21:17,RateTamper,Normal,0.3941
2026-01-07 13:21:17,RateTamper,Normal,0.3985
2026-01-07 13:21:17,RateTamper,Normal,0.4056
2026-01-07 13:21:17,RateTamper,Normal,0.4075
2026-01-07 13:21:18,RateTamper,Normal,0.4066
2026-01-07 13:21:18,RateTamper,Normal,0.3958
2026-01-07 13:21:18,RateTamper,Normal,0.3935
2026-01-07 13:21:18,RateTamper,Normal,0.4045
2026-01-07 13:21:19,RateTamper,Normal,0.3954
2026-01-07 13:21:19,RateTamper,Normal,0.3954
2026-01-07 13:21:19,RateTamper,Normal,0.4063
2026-01-07 13:21:19,RateTamper,Normal,0.4071
2026-01-07 13:21:19,RateTamper,Normal,0.4072
2026-01-07 13:21:20,RateTamper,Normal,0.3989
2026-01-07 13:21:20,RateTamper,Normal,0.4020
2026-01-07 13:21:20,RateTamper,Normal,0.4079
2026-01-07 13:21:20,RateTamper,Normal,0.4042
2026-01-07 13:21:21,RateTamper,Normal,0.4066
2026-01-07 13:21:21,RateTamper,Normal,0.4078
2026-01-07 13:21:21,RateTamper,Normal,0.3884
2026-01-07 13:21:21,RateTamper,Normal,0.4085
2026-01-07 13:21:21,RateTamper,Normal,0.3958
2026-01-07 13:21:21,RateTamper,Normal,0.4074
2026-01-07 13:21:22,RateTamper,Normal,0.3942
2026-01-07 13:21:22,RateTamper,Normal,0.3958
2026-01-07 13:21:22,RateTamper,Normal,0.3954
2026-01-07 13:21:22,RateTamper,Normal,0.3958
2026-01-07 13:21:23,RateTamper,Normal,0.3966
2026-01-07 13:21:23,RateTamper,Normal,0.3983
2026-01-07 13:21:23,RateTamper,Normal,0.4040
2026-01-07 13:21:23,RateTamper,Normal,0.4020
2026-01-07 13:21:23,RateTamper,Normal,0.3958
2026-01-07 13:21:23,RateTamper,Normal,0.4071
2026-01-07 13:21:24,RateTamper,Normal,0.3928
2026-01-07 13:21:24,RateTamper,Normal,0.3958
2026-01-07 13:21:24,RateTamper,Normal,0.3958
2026-01-07 13:21:24,RateTamper,Normal,0.3958
2026-01-07 13:21:25,RateTamper,Normal,0.3958
2026-01-07 13:21:25,RateTamper,Normal,0.3902
2026-01-07 13:21:25,RateTamper,Normal,0.3928
2026-01-07 13:21:25,RateTamper,Normal,0.3971
2026-01-07 13:21:26,RateTamper,Normal,0.3942
2026-01-07 13:21:26,RateTamper,Normal,0.4074
2026-01-07 13:21:26,RateTamper,Normal,0.3942
2026-01-07 13:21:26,RateTamper,Normal,0.4075
2026-01-07 13:21:26,RateTamper,Normal,0.4071
2026-01-07 13:21:26,RateTamper,Normal,0.4074
2026-01-07 13:21:27,RateTamper,Normal,0.4079
2026-01-07 13:21:27,RateTamper,Normal,0.4066
2026-01-07 13:21:27,RateTamper,Normal,0.4054
2026-01-07 13:21:27,RateTamper,Normal,0.3957
2026-01-07 13:21:28,RateTamper,Normal,0.3958
2026-01-07 13:21:28,RateTamper,Normal,0.3961
2026-01-07 13:21:28,RateTamper,Normal,0.3889
2026-01-07 13:21:28,RateTamper,Normal,0.3958
2026-01-07 13:21:28,RateTamper,Normal,0.3958
2026-01-07 13:21:28,RateTamper,Normal,0.4066
2026-01-07 13:21:29,RateTamper,Normal,0.3966
2026-01-07 13:21:29,RateTamper,Normal,0.3981
2026-01-07 13:21:29,RateTamper,Normal,0.4066
2026-01-07 13:21:29,RateTamper,Normal,0.4039
2026-01-07 13:21:30,RateTamper,Normal,0.4040
2026-01-07 13:21:30,RateTamper,Normal,0.4066
2026-01-07 13:21:30,RateTamper,Normal,0.4057
2026-01-07 13:21:30,RateTamper,Normal,0.4066
2026-01-07 13:21:30,RateTamper,Normal,0.3879
2026-01-07 13:21:30,RateTamper,Normal,0.4077
2026-01-07 13:21:31,RateTamper,Normal,0.3928
2026-01-07 13:21:31,RateTamper,Normal,0.3958
2026-01-07 13:21:31,RateTamper,Normal,0.3928
2026-01-07 13:21:31,RateTamper,Normal,0.3954
2026-01-07 13:21:32,RateTamper,Normal,0.4086
2026-01-07 13:21:32,RateTamper,Normal,0.3901
2026-01-07 13:21:32,RateTamper,Normal,0.4078
2026-01-07 13:21:32,RateTamper,Normal,0.4057
2026-01-07 13:21:32,RateTamper,Normal,0.3958
2026-01-07 13:21:32,RateTamper,Normal,0.4066
2026-01-07 13:21:33,RateTamper,Normal,0.4074
2026-01-07 13:21:33,RateTamper,Normal,0.3876
2026-01-07 13:21:33,RateTamper,Normal,0.4050
2026-01-07 13:21:33,RateTamper,Normal,0.4020
2026-01-07 13:21:34,RateTamper,Normal,0.4074
2026-01-07 13:21:34,RateTamper,Normal,0.3958
2026-01-07 13:21:34,RateTamper,Normal,0.4077
2026-01-07 13:21:34,RateTamper,Normal,0.3958
2026-01-07 13:21:35,RateTamper,Normal,0.3901
2026-01-07 13:21:35,RateTamper,Normal,0.3973
2026-01-07 13:21:35,RateTamper,Normal,0.3901
2026-01-07 13:21:35,RateTamper,Normal,0.4045
2026-01-07 13:21:35,RateTamper,Normal,0.3958
2026-01-07 13:21:35,RateTamper,Normal,0.3902
2026-01-07 13:21:36,RateTamper,Normal,0.3957
2026-01-07 13:21:36,RateTamper,Normal,0.3885
2026-01-07 13:21:36,RateTamper,Normal,0.4066
2026-01-07 13:21:36,RateTamper,Normal,0.4079
2026-01-07 13:21:37,RateTamper,Normal,0.3958
2026-01-07 13:21:37,RateTamper,Normal,0.4066
2026-01-07 13:21:37,RateTamper,Normal,0.4078
2026-01-07 13:21:37,RateTamper,Normal,0.4077
2026-01-07 13:21:37,RateTamper,Normal,0.4078
2026-01-07 13:21:38,RateTamper,Normal,0.4066
2026-01-07 13:21:38,RateTamper,Normal,0.3865
2026-01-07 13:21:38,RateTamper,Normal,0.4079
2026-01-07 13:21:38,RateTamper,Normal,0.4042
2026-01-07 13:21:39,RateTamper,Normal,0.3958
2026-01-07 13:21:39,RateTamper,Normal,0.3961
2026-01-07 13:21:39,RateTamper,Normal,0.3780
2026-01-07 13:21:39,RateTamper,Normal,0.4040
2026-01-07 13:21:39,RateTamper,Normal,0.4075
2026-01-07 13:21:39,RateTamper,Normal,0.4086
2026-01-07 15:24:23,Normal,Normal,0.3989
2026-01-07 15:24:23,Normal,Normal,0.4085
2026-01-07 15:24:23,Normal,Normal,0.4068
2026-01-07 15:24:23,Normal,Normal,0.4066
2026-01-07 15:24:23,Normal,Normal,0.4020
2026-01-07 15:24:26,Normal,Normal,0.3958
2026-01-07 15:24:26,Normal,Normal,0.3958
2026-01-07 15:24:26,Normal,Normal,0.3775
2026-01-07 15:24:26,Normal,Normal,0.3958
2026-01-07 15:24:26,Normal,Normal,0.3935
2026-01-07 15:24:26,Normal,Normal,0.3942
2026-01-07 15:24:26,Normal,Normal,0.4078
2026-01-07 15:24:26,Normal,Normal,0.3775
2026-01-07 15:24:26,Normal,Normal,0.4058
2026-01-07 15:24:26,Normal,Normal,0.3885
2026-01-07 15:24:26,Normal,Normal,0.4072
2026-01-07 15:24:26,Normal,Normal,0.4078
2026-01-07 15:24:26,Normal,Normal,0.4079
2026-01-07 15:24:26,Normal,Normal,0.4072
2026-01-07 15:24:26,Normal,Normal,0.4066
2026-01-07 15:24:26,Normal,Normal,0.3935
2026-01-07 15:24:26,Normal,Normal,0.3958
2026-01-07 15:24:27,Normal,Normal,0.4045
2026-01-07 15:24:27,Normal,Normal,0.4020
2026-01-07 15:24:27,Normal,Normal,0.4020
2026-01-07 15:24:27,Normal,Normal,0.4086
2026-01-07 15:24:27,Normal,Normal,0.4020
2026-01-07 15:24:27,Normal,Normal,0.4074
2026-01-07 15:24:28,Normal,Normal,0.4071
2026-01-07 15:24:28,Normal,Normal,0.4075
2026-01-07 15:24:28,Normal,Normal,0.3971
2026-01-07 15:24:29,Normal,Normal,0.3958
2026-01-07 15:24:29,Normal,Normal,0.3957
2026-01-07 15:24:29,Normal,Normal,0.3958
2026-01-07 15:24:29,Normal,Normal,0.3958
2026-01-07 15:24:29,Normal,Normal,0.4074
2026-01-07 15:24:29,Normal,Normal,0.3780
2026-01-07 15:24:30,Normal,Normal,0.3961
2026-01-07 15:24:30,Normal,Normal,0.4066
2026-01-07 15:24:30,Normal,Normal,0.4079
2026-01-07 15:24:30,Normal,Normal,0.4066
2026-01-07 15:24:30,Normal,Normal,0.4068
2026-01-07 15:24:31,Normal,Normal,0.3853
2026-01-07 15:24:31,Normal,Normal,0.3958
2026-01-07 15:24:31,Normal,Normal,0.3889
2026-01-07 15:24:31,Normal,Normal,0.4072
2026-01-07 15:24:32,Normal,Normal,0.3971
2026-01-07 15:24:32,Normal,Normal,0.3935
2026-01-07 15:24:32,Normal,Normal,0.3885
2026-01-07 15:24:32,Normal,Normal,0.3958
2026-01-07 15:24:32,Normal,Normal,0.3961
2026-01-07 15:24:32,Normal,Normal,0.3958
2026-01-07 15:24:33,Normal,Normal,0.3966
2026-01-07 15:24:33,Normal,Normal,0.3939
2026-01-07 15:24:33,Normal,Normal,0.4079
2026-01-07 15:24:33,Normal,Normal,0.4039
2026-01-07 15:24:33,Normal,Normal,0.3958
2026-01-07 15:24:34,Normal,Normal,0.3958
2026-01-07 15:24:34,Normal,Normal,0.4045
2026-01-07 15:24:34,Normal,Normal,0.4068
2026-01-07 15:24:34,Normal,Normal,0.3977
2026-01-07 15:24:35,Normal,Normal,0.4079
2026-01-07 15:24:35,Normal,Normal,0.3958
2026-01-07 15:24:35,Normal,Normal,0.4066
2026-01-07 15:24:35,Normal,Normal,0.3989
2026-01-07 15:24:35,Normal,Normal,0.4020
2026-01-07 15:24:36,Normal,Normal,0.4086
2026-01-07 15:24:36,Normal,Normal,0.3971
2026-01-07 15:24:36,Normal,Normal,0.3925
2026-01-07 15:24:36,Normal,Normal,0.4066
2026-01-07 15:24:36,Normal,Normal,0.3979
2026-01-07 15:24:38,DoS,Normal,0.3942
2026-01-07 15:24:38,DoS,Normal,0.4066
2026-01-07 15:24:38,DoS,DoS,0.3863
2026-01-07 15:24:38,DoS,DoS,0.3863
2026-01-07 15:24:38,DoS,DoS,0.3952
2026-01-07 15:24:38,DoS,DoS,0.3922
2026-01-07 15:24:38,DoS,DoS,0.3929
2026-01-07 15:24:38,DoS,DoS,0.3922
2026-01-07 15:24:38,DoS,DoS,0.3922
2026-01-07 15:24:38,DoS,DoS,0.3796
2026-01-07 15:24:39,DoS,DoS,0.3863
2026-01-07 15:24:39,DoS,DoS,0.3922
2026-01-07 15:24:39,DoS,DoS,0.3952
2026-01-07 15:24:40,DoS,DoS,0.3863
2026-01-07 15:24:40,DoS,DoS,0.3952
2026-01-07 15:24:40,DoS,DoS,0.3870
2026-01-07 15:24:40,DoS,DoS,0.3863
2026-01-07 15:24:40,DoS,DoS,0.3922
2026-01-07 15:24:40,DoS,DoS,0.3922
2026-01-07 15:24:41,DoS,DoS,0.3863
2026-01-07 15:24:41,DoS,DoS,0.3922
2026-01-07 15:24:41,DoS,DoS,0.3863
2026-01-07 15:24:41,DoS,DoS,0.3922
2026-01-07 15:24:41,DoS,DoS,0.3796
2026-01-07 15:24:41,DoS,DoS,0.3952
2026-01-07 15:24:42,DoS,DoS,0.3870
2026-01-07 15:24:42,DoS,DoS,0.3922
2026-01-07 15:24:42,DoS,DoS,0.3929
2026-01-07 15:24:43,DoS,DoS,0.3870
2026-01-07 15:24:43,DoS,DoS,0.3952
2026-01-07 15:24:43,DoS,DoS,0.3870
2026-01-07 15:24:43,DoS,DoS,0.3863
2026-01-07 15:24:43,DoS,DoS,0.3870
2026-01-07 15:24:43,DoS,DoS,0.3952
2026-01-07 15:24:44,DoS,DoS,0.3870
2026-01-07 15:24:44,DoS,DoS,0.3922
2026-01-07 15:24:44,DoS,DoS,0.3952
2026-01-07 15:24:44,DoS,DoS,0.3863
2026-01-07 15:24:45,DoS,DoS,0.3952
2026-01-07 15:24:45,DoS,DoS,0.3929
2026-01-07 15:24:45,DoS,DoS,0.3922
2026-01-07 15:24:45,DoS,DoS,0.3863
2026-01-07 15:24:45,DoS,DoS,0.3863
2026-01-07 15:24:46,DoS,DoS,0.3952
2026-01-07 15:24:46,DoS,DoS,0.3796
2026-01-07 15:24:46,DoS,DoS,0.3796
2026-01-07 15:24:46,DoS,DoS,0.3922
2026-01-07 15:24:46,DoS,DoS,0.3922
2026-01-07 15:24:47,DoS,DoS,0.3952
2026-01-07 15:24:47,DoS,DoS,0.3952
2026-01-07 15:24:47,DoS,DoS,0.3929
2026-01-07 15:24:47,DoS,DoS,0.3870
2026-01-07 15:24:47,DoS,DoS,0.3796
2026-01-07 15:24:48,DoS,DoS,0.3929
2026-01-07 15:24:48,DoS,DoS,0.3952
2026-01-07 15:24:48,DoS,DoS,0.3922
2026-01-07 15:24:48,DoS,DoS,0.3952
2026-01-07 15:24:48,DoS,DoS,0.3952
2026-01-07 15:24:49,DoS,DoS,0.3929
2026-01-07 15:24:49,DoS,DoS,0.3922
2026-01-07 15:24:49,DoS,DoS,0.3922
2026-01-07 15:24:49,DoS,DoS,0.3952
2026-01-07 15:24:49,DoS,DoS,0.3952
2026-01-07 15:24:50,Smurf,Smurf,0.4012
2026-01-07 15:24:50,Smurf,Smurf,0.4012
2026-01-07 15:24:50,Smurf,Smurf,0.4012
2026-01-07 15:24:50,Smurf,Smurf,0.4012
2026-01-07 15:24:50,Smurf,Smurf,0.4012
2026-01-07 15:24:51,Smurf,Smurf,0.4012
2026-01-07 15:24:51,Smurf,Smurf,0.4012
2026-01-07 15:24:51,Smurf,Smurf,0.4012
2026-01-07 15:24:51,Smurf,Smurf,0.4012
2026-01-07 15:24:52,Smurf,Smurf,0.4012
2026-01-07 15:24:52,Smurf,Smurf,0.4012
2026-01-07 15:24:52,Smurf,Smurf,0.4012
2026-01-07 15:24:52,Smurf,Smurf,0.4012
2026-01-07 15:24:52,Smurf,Smurf,0.4012
2026-01-07 15:24:53,Smurf,Smurf,0.4012
2026-01-07 15:24:53,Smurf,Smurf,0.4012
2026-01-07 15:24:53,Smurf,Smurf,0.4012
2026-01-07 15:24:53,Smurf,Smurf,0.4012
2026-01-07 15:24:53,Smurf,Smurf,0.4012
2026-01-07 15:24:53,Smurf,Smurf,0.4012
2026-01-07 15:24:54,Smurf,Smurf,0.4012
2026-01-07 15:24:54,Smurf,Smurf,0.4012
2026-01-07 15:24:54,Smurf,Smurf,0.4012
2026-01-07 15:24:54,Smurf,Smurf,0.4012
2026-01-07 15:24:54,Smurf,Smurf,0.4012
2026-01-07 15:24:56,ARP,Smurf,0.4012
2026-01-07 15:24:56,ARP,Smurf,0.4012
2026-01-07 15:24:56,ARP,ARP Spoofing,0.3879
2026-01-07 15:24:56,ARP,ARP Spoofing,0.3663
2026-01-07 15:24:56,ARP,ARP Spoofing,0.3849
2026-01-07 15:24:56,ARP,ARP Spoofing,0.4021
2026-01-07 15:24:56,ARP,ARP Spoofing,0.4021
2026-01-07 15:24:56,ARP,ARP Spoofing,0.3888
2026-01-07 15:24:56,ARP,ARP Spoofing,0.3849
2026-01-07 15:24:57,ARP,ARP Spoofing,0.4021
2026-01-07 15:24:57,ARP,ARP Spoofing,0.4021
2026-01-07 15:24:57,ARP,ARP Spoofing,0.3879
2026-01-07 15:24:57,ARP,ARP Spoofing,0.4021
2026-01-07 15:24:58,ARP,ARP Spoofing,0.4021
2026-01-07 15:24:58,ARP,ARP Spoofing,0.3879
2026-01-07 15:24:58,ARP,ARP Spoofing,0.3879
2026-01-07 15:24:58,ARP,ARP Spoofing,0.3663
2026-01-07 15:24:58,ARP,ARP Spoofing,0.3879
2026-01-07 15:24:59,ARP,ARP Spoofing,0.3879
2026-01-07 15:24:59,ARP,ARP Spoofing,0.4021
2026-01-07 15:24:59,ARP,ARP Spoofing,0.3879
2026-01-07 15:24:59,ARP,ARP Spoofing,0.4021
2026-01-07 15:24:59,ARP,ARP Spoofing,0.3879
2026-01-07 15:24:59,ARP,ARP Spoofing,0.3879
2026-01-07 15:25:00,ARP,ARP Spoofing,0.3879
2026-01-07 15:25:00,ARP,ARP Spoofing,0.3879
2026-01-07 15:25:00,ARP,ARP Spoofing,0.3879
2026-01-07 15:25:00,ARP,ARP Spoofing,0.3888
2026-01-07 15:25:00,ARP,ARP Spoofing,0.3879
2026-01-07 15:25:01,ARP,ARP Spoofing,0.4021
2026-01-07 15:25:01,ARP,ARP Spoofing,0.3879
2026-01-07 15:25:01,ARP,ARP Spoofing,0.4021
2026-01-07 15:25:02,Scan,ARP Spoofing,0.3663
2026-01-07 15:25:02,Scan,Port Scan,0.3986
2026-01-07 15:25:02,Scan,Port Scan,0.3986
2026-01-07 15:25:02,Scan,Port Scan,0.3949
2026-01-07 15:25:02,Scan,Port Scan,0.4023
2026-01-07 15:25:02,Scan,Port Scan,0.4020
2026-01-07 15:25:02,Scan,Port Scan,0.3974
2026-01-07 15:25:03,Scan,Port Scan,0.3949
2026-01-07 15:25:03,Scan,Port Scan,0.3949
2026-01-07 15:25:03,Scan,Port Scan,0.3903
2026-01-07 15:25:04,Scan,Port Scan,0.3986
2026-01-07 15:25:04,Scan,Port Scan,0.3983
2026-01-07 15:25:04,Scan,Port Scan,0.3986
2026-01-07 15:25:04,Scan,Port Scan,0.3947
2026-01-07 15:25:04,Scan,Port Scan,0.3938
2026-01-07 15:25:05,Scan,Port Scan,0.3986
2026-01-07 15:25:05,Scan,Port Scan,0.3949
2026-01-07 15:25:05,Scan,Port Scan,0.3939
2026-01-07 15:25:05,Scan,Port Scan,0.3938
2026-01-07 15:25:05,Scan,Port Scan,0.3983
2026-01-07 15:25:05,Scan,Port Scan,0.3986
2026-01-07 15:25:06,Scan,Port Scan,0.3949
2026-01-07 15:25:06,Scan,Port Scan,0.3903
2026-01-07 15:25:06,Scan,Port Scan,0.4020
2026-01-07 15:25:06,Scan,Port Scan,0.3947
2026-01-07 15:25:06,Scan,Port Scan,0.4020
2026-01-07 15:25:07,Scan,Port Scan,0.3938
2026-01-07 15:25:07,Scan,Port Scan,0.3980
2026-01-07 15:25:07,Scan,Port Scan,0.3974
2026-01-07 15:25:07,Scan,Port Scan,0.3939
2026-01-07 15:25:07,Scan,Port Scan,0.3986
2026-01-07 15:25:08,Scan,Port Scan,0.3983
2026-01-07 15:25:08,Scan,Port Scan,0.3983
2026-01-07 15:25:08,Scan,Port Scan,0.3949
2026-01-07 15:25:08,Scan,Port Scan,0.3980
2026-01-07 15:25:08,Scan,Port Scan,0.3835
2026-01-07 15:25:10,Injection,Port Scan,0.3168
2026-01-07 15:25:10,Injection,Port Scan,0.3986
2026-01-07 15:25:10,Injection,Normal,0.3924
2026-01-07 15:25:10,Injection,Normal,0.4086
2026-01-07 15:25:10,Injection,Normal,0.4074
2026-01-07 15:25:10,Injection,Normal,0.4040
2026-01-07 15:25:10,Injection,Normal,0.3952
2026-01-07 15:25:10,Injection,Normal,0.4079
2026-01-07 15:25:10,Injection,Normal,0.4075
2026-01-07 15:25:11,Injection,Normal,0.4020
2026-01-07 15:25:11,Injection,Normal,0.4079
2026-01-07 15:25:11,Injection,Normal,0.4074
2026-01-07 15:25:11,Injection,Normal,0.3958
2026-01-07 15:25:11,Injection,Normal,0.4079
2026-01-07 15:25:12,Injection,Normal,0.3924
2026-01-07 15:25:12,Injection,Normal,0.3989
2026-01-07 15:25:12,Injection,Normal,0.4020
2026-01-07 15:25:12,Injection,Normal,0.4039
2026-01-07 15:25:13,Injection,Normal,0.4066
2026-01-07 15:25:13,Injection,Normal,0.3853
2026-01-07 15:25:13,Injection,Normal,0.4079
2026-01-07 15:25:13,Injection,Normal,0.4075
2026-01-07 15:25:13,Injection,Normal,0.3775
2026-01-07 15:25:14,Injection,Normal,0.3977
2026-01-07 15:25:14,Injection,Normal,0.3958
2026-01-07 15:25:14,Injection,Normal,0.3958
2026-01-07 15:25:14,Injection,Normal,0.4074
2026-01-07 15:25:15,Injection,Normal,0.4074
2026-01-07 15:25:15,Injection,Normal,0.3958
2026-01-07 15:25:15,Injection,Normal,0.3977
2026-01-07 15:25:15,Injection,Normal,0.4020
2026-01-07 15:25:15,Injection,Normal,0.4074
2026-01-07 15:25:15,Injection,Normal,0.3942
2026-01-07 15:25:16,Injection,Normal,0.3958
2026-01-07 15:25:16,Injection,Normal,0.4086
2026-01-07 15:25:16,Injection,Normal,0.4066
2026-01-07 15:25:16,Injection,Normal,0.3949
2026-01-07 15:25:17,Injection,Normal,0.4079
2026-01-07 15:25:17,Injection,Normal,0.3933
2026-01-07 15:25:17,Injection,Normal,0.3985
2026-01-07 15:25:17,Injection,Normal,0.4077
2026-01-07 15:25:17,Injection,Normal,0.3954
2026-01-07 15:25:17,Injection,Normal,0.3958
2026-01-07 15:25:18,Injection,Normal,0.3971
2026-01-07 15:25:18,Injection,Normal,0.3902
2026-01-07 15:25:18,Injection,Normal,0.4072
2026-01-07 15:25:18,Injection,Normal,0.4020
2026-01-07 15:25:19,Injection,Normal,0.4074
2026-01-07 15:25:19,Injection,Normal,0.4073
2026-01-07 15:25:19,Injection,Normal,0.4075
2026-01-07 15:25:19,Injection,Normal,0.3881
2026-01-07 15:25:19,Injection,Normal,0.3954
2026-01-07 15:25:19,Injection,Normal,0.3958
2026-01-07 15:25:20,Injection,Normal,0.3958
2026-01-07 15:25:20,Injection,Normal,0.4066
2026-01-07 15:25:20,Injection,Normal,0.3961
2026-01-07 15:25:21,Injection,Normal,0.4066
2026-01-07 15:25:21,Injection,Normal,0.3958
2026-01-07 15:25:21,Injection,Normal,0.4079
2026-01-07 15:25:21,Injection,Normal,0.4072
2026-01-07 15:25:21,Injection,Normal,0.4072
2026-01-07 15:25:21,Injection,Normal,0.3958
2026-01-07 15:25:22,Injection,Normal,0.3977
2026-01-07 15:25:22,Injection,Normal,0.4074
2026-01-07 15:25:22,Injection,Normal,0.3957
2026-01-07 15:25:22,Injection,Normal,0.4079
2026-01-07 15:25:23,Injection,Normal,0.3853
2026-01-07 15:25:23,Injection,Normal,0.4071
2026-01-07 15:25:23,Injection,Normal,0.3958
2026-01-07 15:25:24,Replay,Normal,0.4079
2026-01-07 15:25:24,Replay,Normal,0.4077
2026-01-07 15:25:24,Replay,Normal,0.4039
2026-01-07 15:25:24,Replay,Normal,0.4071
2026-01-07 15:25:24,Replay,Normal,0.4072
2026-01-07 15:25:24,Replay,Normal,0.4074
2026-01-07 15:25:24,Replay,Normal,0.4074
2026-01-07 15:25:25,Replay,Normal,0.3958
2026-01-07 15:25:25,Replay,Normal,0.3958
2026-01-07 15:25:25,Replay,Normal,0.4058
2026-01-07 15:25:25,Replay,Normal,0.3958
2026-01-07 15:25:25,Replay,Normal,0.4074
2026-01-07 15:25:25,Replay,Normal,0.3958
2026-01-07 15:25:26,Replay,Normal,0.4074
2026-01-07 15:25:26,Replay,Normal,0.4066
2026-01-07 15:25:26,Replay,Normal,0.3958
2026-01-07 15:25:26,Replay,Normal,0.3958
2026-01-07 15:25:26,Replay,Normal,0.3928
2026-01-07 15:25:27,Replay,Normal,0.4072
2026-01-07 15:25:27,Replay,Normal,0.3958
2026-01-07 15:25:27,Replay,Normal,0.4072
2026-01-07 15:25:27,Replay,Normal,0.4074
2026-01-07 15:25:27,Replay,Normal,0.3977
2026-01-07 15:25:28,Replay,Normal,0.3928
2026-01-07 15:25:28,Replay,Normal,0.4040
2026-01-07 15:25:28,Replay,Normal,0.3949
2026-01-07 15:25:28,Replay,Normal,0.4074
2026-01-07 15:25:29,Replay,Normal,0.3958
2026-01-07 15:25:29,Replay,Normal,0.3942
2026-01-07 15:25:29,Replay,Normal,0.3941
2026-01-07 15:25:29,Replay,Normal,0.4046
2026-01-07 15:25:29,Replay,Normal,0.4072
2026-01-07 15:25:30,Replay,Normal,0.3853
2026-01-07 15:25:30,Replay,Normal,0.3958
2026-01-07 15:25:30,Replay,Normal,0.4075
2026-01-07 15:25:30,Replay,Normal,0.4079
2026-01-07 15:25:30,Replay,Normal,0.4068
2026-01-07 15:25:31,Replay,Normal,0.3901
2026-01-07 15:25:31,Replay,Normal,0.4063
2026-01-07 15:25:31,Replay,Normal,0.4058
2026-01-07 15:25:31,Replay,Normal,0.3928
2026-01-07 15:25:31,Replay,Normal,0.4078
2026-01-07 15:25:32,Replay,Normal,0.4066
2026-01-07 15:25:32,Replay,Normal,0.3958
2026-01-07 15:25:32,Replay,Normal,0.3958
2026-01-07 15:25:33,Replay,Normal,0.3938
2026-01-07 15:25:33,Replay,Normal,0.4075
2026-01-07 15:25:33,Replay,Normal,0.3961
2026-01-07 15:25:33,Replay,Normal,0.4020
2026-01-07 15:25:33,Replay,Normal,0.3958
2026-01-07 15:25:34,Replay,Normal,0.4074
2026-01-07 15:25:34,Replay,Normal,0.3924
2026-01-07 15:25:34,Replay,Normal,0.3958
2026-01-07 15:25:34,Replay,Normal,0.4066
2026-01-07 15:25:34,Replay,Normal,0.3989
2026-01-07 15:25:35,Replay,Normal,0.4020
2026-01-07 15:25:35,Replay,Normal,0.4074
2026-01-07 15:25:35,Replay,Normal,0.4045
2026-01-07 15:25:35,Replay,Normal,0.4066
2026-01-07 15:25:35,Replay,Normal,0.4071
2026-01-07 15:25:35,Replay,Normal,0.4086
2026-01-07 15:25:36,Replay,Normal,0.3958
2026-01-07 15:25:36,Replay,Normal,0.3958
2026-01-07 15:25:36,Replay,Normal,0.4075
2026-01-07 15:25:36,Replay,Normal,0.3889
2026-01-07 15:25:36,Replay,Normal,0.3942
2026-01-07 15:25:37,Replay,Normal,0.3958
2026-01-07 15:25:37,Replay,Normal,0.3966
2026-01-07 15:25:37,Replay,Normal,0.4050
2026-01-07 15:25:37,Replay,Normal,0.3989
2026-01-07 15:25:38,Replay,Normal,0.4074
2026-01-07 15:25:38,Replay,Normal,0.4020
2026-01-07 15:25:38,Replay,Normal,0.3958
2026-01-07 15:25:38,Replay,Normal,0.3942
2026-01-07 15:25:38,Replay,Normal,0.3977
2026-01-07 15:25:39,Replay,Normal,0.4075
2026-01-07 15:25:39,Replay,Normal,0.4068
2026-01-07 15:25:39,Replay,Normal,0.3958
2026-01-07 15:25:39,Replay,Normal,0.3942
2026-01-07 15:25:40,Replay,Normal,0.3925
2026-01-07 15:25:40,Replay,Normal,0.3989
2026-01-07 15:25:40,Replay,Normal,0.4020
2026-01-07 15:25:40,Replay,Normal,0.3958
2026-01-07 15:25:40,Replay,Normal,0.4020
2026-01-07 15:25:41,Replay,Normal,0.3900
2026-01-07 15:25:41,Replay,Normal,0.3957
2026-01-07 15:25:41,Replay,Normal,0.3970
2026-01-07 15:25:41,Replay,Normal,0.4071
2026-01-07 15:25:41,Replay,Normal,0.3775
2026-01-07 15:25:42,Replay,Normal,0.4072
2026-01-07 15:25:42,Replay,Normal,0.4078
2026-01-07 15:25:42,Replay,Normal,0.3989
2026-01-07 15:25:42,Replay,Normal,0.4079
2026-01-07 15:25:42,Replay,Normal,0.4072
2026-01-07 15:25:42,Replay,Normal,0.4079
2026-01-07 15:25:43,Replay,Normal,0.4040
2026-01-07 15:25:43,Replay,Normal,0.4066
2026-01-07 15:25:43,Replay,Normal,0.3942
2026-01-07 15:25:43,Replay,Normal,0.4066
2026-01-07 15:25:43,Replay,Normal,0.3865
2026-01-07 15:25:44,Replay,Normal,0.3958
2026-01-07 15:25:44,Replay,Normal,0.4073
2026-01-07 15:25:44,Replay,Normal,0.4066
2026-01-07 15:25:45,Replay,Normal,0.4038
2026-01-07 15:25:45,Replay,Normal,0.4079
2026-01-07 15:25:45,Replay,Normal,0.4066
2026-01-07 15:25:45,Replay,Normal,0.4020
2026-01-07 15:25:45,Replay,Normal,0.4079
2026-01-07 15:25:46,Replay,Normal,0.4077
2026-01-07 15:25:46,Replay,Normal,0.4078
2026-01-07 15:25:46,Replay,Normal,0.4074
2026-01-07 15:25:46,Replay,Normal,0.4039
2026-01-07 15:25:46,Replay,Normal,0.4079
2026-01-07 15:25:46,Replay,Normal,0.3953
2026-01-07 15:25:47,Replay,Normal,0.4077
2026-01-07 15:25:47,Replay,Normal,0.4075
2026-01-07 15:25:47,Replay,Normal,0.3928
2026-01-07 15:25:47,Replay,Normal,0.3958
2026-01-07 15:25:47,Replay,Normal,0.3953
2026-01-07 15:25:48,Replay,Normal,0.4079
2026-01-07 15:25:48,Replay,Normal,0.4075
2026-01-07 15:25:48,Replay,Normal,0.3954
2026-01-07 15:25:48,Replay,Normal,0.4066
2026-01-07 15:25:48,Replay,Normal,0.3939
2026-01-07 15:25:49,Replay,Normal,0.4072
2026-01-07 15:25:49,Replay,Normal,0.4057
2026-01-07 15:25:49,Replay,Normal,0.4045
2026-01-07 15:25:49,Replay,Normal,0.3958
2026-01-07 15:25:49,Replay,Normal,0.4078
2026-01-07 15:25:50,Replay,Normal,0.3985
2026-01-07 15:25:50,Replay,Normal,0.3953
2026-01-07 15:25:50,Replay,Normal,0.3961
2026-01-07 15:25:50,Replay,Normal,0.3958
2026-01-07 15:25:51,Replay,Normal,0.4066
2026-01-07 15:25:51,Replay,Normal,0.4066
2026-01-07 15:25:51,Replay,Normal,0.3958
2026-01-07 15:25:51,Replay,Normal,0.4066
2026-01-07 15:25:51,Replay,Normal,0.4066
2026-01-07 15:25:52,Replay,Normal,0.4068
2026-01-07 15:25:52,Replay,Normal,0.4060
2026-01-07 15:25:52,Replay,Normal,0.3958
2026-01-07 15:25:52,Replay,Normal,0.3958
2026-01-07 15:25:52,Replay,Normal,0.3908
2026-01-07 15:25:53,Replay,Normal,0.4074
2026-01-07 15:25:53,Replay,Normal,0.4020
2026-01-07 15:25:53,Replay,Normal,0.3979
2026-01-07 15:25:53,Replay,Normal,0.3879
2026-01-07 15:25:53,Replay,Normal,0.4068
2026-01-07 15:25:54,Replay,Normal,0.4067
2026-01-07 15:25:54,Replay,Normal,0.3958
2026-01-07 15:25:54,Replay,Normal,0.4066
2026-01-07 15:25:54,Replay,Normal,0.3775
2026-01-07 15:25:55,Replay,Normal,0.4072
2026-01-07 15:25:55,Replay,Normal,0.4079
2026-01-07 15:25:55,Replay,Normal,0.4060
2026-01-07 15:25:55,Replay,Normal,0.4066
2026-01-07 15:25:55,Replay,Normal,0.4074
2026-01-07 15:25:56,Replay,Normal,0.3958
2026-01-07 15:25:56,Replay,Normal,0.4066
2026-01-07 15:25:56,Replay,Normal,0.3928
2026-01-07 15:25:56,Replay,Normal,0.4072
2026-01-07 15:25:56,Replay,Normal,0.3957
2026-01-07 15:25:57,Replay,Normal,0.3958
2026-01-07 15:25:57,Replay,Normal,0.4072
2026-01-07 15:25:57,Replay,Normal,0.4074
2026-01-07 15:25:57,Replay,Normal,0.4075
2026-01-07 15:25:57,Replay,Normal,0.4066
2026-01-07 15:25:58,Replay,Normal,0.4066
2026-01-07 15:25:58,Replay,Normal,0.4079
2026-01-07 15:25:58,Replay,Normal,0.4063
2026-01-07 15:25:58,Replay,Normal,0.3928
2026-01-07 15:25:58,Replay,Normal,0.4066
2026-01-07 15:25:59,Replay,Normal,0.4066
2026-01-07 15:25:59,Replay,Normal,0.4078
2026-01-07 15:25:59,Replay,Normal,0.3958
2026-01-07 15:25:59,Replay,Normal,0.4079
2026-01-07 15:26:00,Replay,Normal,0.4078
2026-01-07 15:26:00,Replay,Normal,0.3942
2026-01-07 15:26:00,Replay,Normal,0.4066
2026-01-07 15:26:00,Replay,Normal,0.4078
2026-01-07 15:26:00,Replay,Normal,0.4079
2026-01-07 15:26:01,Replay,Normal,0.4040
2026-01-07 15:26:01,Replay,Normal,0.4020
2026-01-07 15:26:01,Replay,Normal,0.4075
2026-01-07 15:26:01,Replay,Normal,0.4078
2026-01-07 15:26:01,Replay,Normal,0.3908
2026-01-07 15:26:02,Replay,Normal,0.3881
2026-01-07 15:26:02,Replay,Normal,0.3958
2026-01-07 15:26:02,Replay,Normal,0.4079
2026-01-07 15:26:02,Replay,Normal,0.3939
2026-01-07 15:26:02,Replay,Normal,0.3958
2026-01-07 15:26:03,Replay,Normal,0.4066
2026-01-07 15:26:03,Replay,Normal,0.4078
2026-01-07 15:26:03,Replay,Normal,0.3891
2026-01-07 15:26:03,Replay,Normal,0.3870
2026-01-07 15:26:03,Replay,Normal,0.4078
2026-01-07 15:26:04,Replay,Normal,0.4068
2026-01-07 15:26:04,Replay,Normal,0.4066
2026-01-07 15:26:04,Replay,Normal,0.4079
2026-01-07 15:26:04,Replay,Normal,0.3966
2026-01-07 15:26:04,Replay,Normal,0.4045
2026-01-07 15:26:05,Replay,Normal,0.3989
2026-01-07 15:26:05,Replay,Normal,0.4072
2026-01-07 15:26:05,Replay,Normal,0.4079
2026-01-07 15:26:05,Replay,Normal,0.3924
2026-01-07 15:26:06,Replay,Normal,0.4075
2026-01-07 15:26:06,Replay,Normal,0.3942
2026-01-07 15:26:06,Replay,Normal,0.3958
2026-01-07 15:26:06,Replay,Normal,0.4066
2026-01-07 15:26:06,Replay,Normal,0.3971
2026-01-07 15:26:07,Replay,Normal,0.4075
2026-01-07 15:26:07,Replay,Normal,0.3928
2026-01-07 15:26:07,Replay,Normal,0.3885
2026-01-07 15:26:07,Replay,Normal,0.4020
2026-01-07 15:26:07,Replay,Normal,0.4072
2026-01-07 15:26:08,Replay,Normal,0.4066
2026-01-07 15:26:08,Replay,Normal,0.3901
2026-01-07 15:26:08,Replay,Normal,0.3942
2026-01-07 15:26:08,Replay,Normal,0.4079
2026-01-07 15:26:08,Replay,Normal,0.4066
2026-01-07 15:26:09,Replay,Normal,0.3941
2026-01-07 15:26:09,Replay,Normal,0.3977
2026-01-07 15:26:09,Replay,Normal,0.4079
2026-01-07 15:26:09,Replay,Normal,0.3780
2026-01-07 15:26:09,Replay,Normal,0.4079
2026-01-07 15:26:10,Replay,Normal,0.3981
2026-01-07 15:26:10,Replay,Normal,0.4086
2026-01-07 15:26:10,Replay,Normal,0.4066
2026-01-07 15:26:10,Replay,Normal,0.3928
2026-01-07 15:26:10,Replay,Normal,0.4073
2026-01-07 15:26:10,Replay,Normal,0.4079
2026-01-07 15:26:11,Replay,Normal,0.3884
2026-01-07 15:26:11,Replay,Normal,0.4075
2026-01-07 15:26:11,Replay,Normal,0.4079
2026-01-07 15:26:12,Replay,Normal,0.4075
2026-01-07 15:26:12,Replay,Normal,0.4040
2026-01-07 15:26:12,Replay,Normal,0.3979
2026-01-07 15:26:12,Replay,Normal,0.4075
2026-01-07 15:26:12,Replay,Normal,0.4060
2026-01-07 15:26:13,Replay,Normal,0.4078
2026-01-07 15:26:13,Replay,Normal,0.4075
2026-01-07 15:26:13,Replay,Normal,0.4079
2026-01-07 15:26:13,Replay,Normal,0.4079
2026-01-07 15:26:13,Replay,Normal,0.4020
2026-01-07 15:26:14,Replay,Normal,0.4074
2026-01-07 15:26:14,Replay,Normal,0.3885
2026-01-07 15:26:14,Replay,Normal,0.4066
2026-01-07 15:26:15,RateTamper,Normal,0.4066
2026-01-07 15:26:15,RateTamper,Normal,0.4079
2026-01-07 15:26:15,RateTamper,Normal,0.4074
2026-01-07 15:26:15,RateTamper,Normal,0.4071
2026-01-07 15:26:15,RateTamper,Normal,0.4060
2026-01-07 15:26:15,RateTamper,Normal,0.4066
2026-01-07 15:26:16,RateTamper,Normal,0.4020
2026-01-07 15:26:16,RateTamper,Normal,0.4020
2026-01-07 15:26:16,RateTamper,Normal,0.3961
2026-01-07 15:26:16,RateTamper,Normal,0.3942
2026-01-07 15:26:16,RateTamper,Normal,0.3958
2026-01-07 15:26:16,RateTamper,Normal,0.4071
2026-01-07 15:26:17,RateTamper,Normal,0.3971
2026-01-07 15:26:17,RateTamper,Normal,0.4072
2026-01-07 15:26:17,RateTamper,Normal,0.4079
2026-01-07 15:26:17,RateTamper,Normal,0.4066
2026-01-07 15:26:17,RateTamper,Normal,0.3989
2026-01-07 15:26:18,RateTamper,Normal,0.3957
2026-01-07 15:26:18,RateTamper,Normal,0.4072
2026-01-07 15:26:18,RateTamper,Normal,0.3989
2026-01-07 15:26:18,RateTamper,Normal,0.4075
2026-01-07 15:26:19,RateTamper,Normal,0.4020
2026-01-07 15:26:19,RateTamper,Normal,0.4074
2026-01-07 15:26:19,RateTamper,Normal,0.4079
2026-01-07 15:26:19,RateTamper,Normal,0.3981
2026-01-07 15:26:19,RateTamper,Normal,0.4085
2026-01-07 15:26:20,RateTamper,Normal,0.4079
2026-01-07 15:26:20,RateTamper,Normal,0.4086
2026-01-07 15:26:20,RateTamper,Normal,0.3966
2026-01-07 15:26:20,RateTamper,Normal,0.4066
2026-01-07 15:26:20,RateTamper,Normal,0.4075
2026-01-07 15:26:21,RateTamper,Normal,0.3901
2026-01-07 15:26:21,RateTamper,Normal,0.3971
2026-01-07 15:26:21,RateTamper,Normal,0.3954
2026-01-07 15:26:21,RateTamper,Normal,0.3958
2026-01-07 15:26:22,RateTamper,Normal,0.4079
2026-01-07 15:26:22,RateTamper,Normal,0.3954
2026-01-07 15:26:22,RateTamper,Normal,0.3977
2026-01-07 15:26:22,RateTamper,Normal,0.3902
2026-01-07 15:26:22,RateTamper,Normal,0.4078
2026-01-07 15:26:23,RateTamper,Normal,0.3958
2026-01-07 15:26:23,RateTamper,Normal,0.4072
2026-01-07 15:26:23,RateTamper,Normal,0.4074
2026-01-07 15:26:23,RateTamper,Normal,0.4077
2026-01-07 15:26:23,RateTamper,Normal,0.3938
2026-01-07 15:26:23,RateTamper,Normal,0.4072
2026-01-07 15:26:24,RateTamper,Normal,0.3958
2026-01-07 15:26:24,RateTamper,Normal,0.3954
2026-01-07 15:26:24,RateTamper,Normal,0.4041
2026-01-07 15:26:24,RateTamper,Normal,0.3958
2026-01-07 15:26:25,RateTamper,Normal,0.4086
2026-01-07 15:26:25,RateTamper,Normal,0.4066
2026-01-07 15:26:25,RateTamper,Normal,0.3928
2026-01-07 15:26:25,RateTamper,Normal,0.4074
2026-01-07 15:26:26,RateTamper,Normal,0.4078
2026-01-07 15:26:26,RateTamper,Normal,0.4066
2026-01-07 15:26:26,RateTamper,Normal,0.3958
2026-01-07 15:26:26,RateTamper,Normal,0.4045
2026-01-07 15:26:26,RateTamper,Normal,0.3958
2026-01-07 15:26:26,RateTamper,Normal,0.4079
2026-01-07 15:26:27,RateTamper,Normal,0.4040
2026-01-07 15:26:27,RateTamper,Normal,0.3958
2026-01-07 15:26:27,RateTamper,Normal,0.4066
2026-01-07 15:26:27,RateTamper,Normal,0.3902
2026-01-07 15:26:28,RateTamper,Normal,0.3958
2026-01-07 15:26:28,RateTamper,Normal,0.4066
2026-01-07 15:26:28,RateTamper,Normal,0.4063
2026-01-07 15:26:28,RateTamper,Normal,0.4078
2026-01-07 15:26:28,RateTamper,Normal,0.4074
2026-01-07 15:26:29,RateTamper,Normal,0.4079
2026-01-07 15:26:29,RateTamper,Normal,0.4046
2026-01-07 15:26:29,RateTamper,Normal,0.3966
2026-01-07 15:26:29,RateTamper,Normal,0.3971
2026-01-07 15:26:29,RateTamper,Normal,0.3958
2026-01-07 15:26:30,RateTamper,Normal,0.4075
2026-01-07 15:26:30,RateTamper,Normal,0.3958
2026-01-07 15:26:30,RateTamper,Normal,0.3958
2026-01-07 15:26:30,RateTamper,Normal,0.3958
2026-01-07 15:26:30,RateTamper,Normal,0.4065
2026-01-07 15:26:31,RateTamper,Normal,0.4079
2026-01-07 15:26:31,RateTamper,Normal,0.4068
2026-01-07 15:26:31,RateTamper,Normal,0.3941
2026-01-07 15:26:31,RateTamper,Normal,0.3970
2026-01-07 15:26:31,RateTamper,Normal,0.4056
2026-01-07 15:26:31,RateTamper,Normal,0.3925
2026-01-07 15:26:32,RateTamper,Normal,0.4079
2026-01-07 15:26:32,RateTamper,Normal,0.4066
2026-01-07 15:26:32,RateTamper,Normal,0.4066
2026-01-07 15:26:33,RateTamper,Normal,0.4060
2026-01-07 15:26:33,RateTamper,Normal,0.3961
2026-01-07 15:26:33,RateTamper,Normal,0.3971
2026-01-07 15:26:33,RateTamper,Normal,0.4066
2026-01-07 15:26:33,RateTamper,Normal,0.3989
2026-01-07 15:26:34,RateTamper,Normal,0.4075
2026-01-07 15:26:34,RateTamper,Normal,0.4078
2026-01-07 15:26:34,RateTamper,Normal,0.3958
2026-01-07 15:26:34,RateTamper,Normal,0.4079
2026-01-07 15:26:34,RateTamper,Normal,0.3966
2026-01-07 15:26:34,RateTamper,Normal,0.4079
2026-01-07 15:26:35,RateTamper,Normal,0.4020
2026-01-07 15:26:35,RateTamper,Normal,0.4079
2026-01-07 15:26:35,RateTamper,Normal,0.4020
2026-01-07 15:26:35,RateTamper,Normal,0.3958
2026-01-07 15:26:35,RateTamper,Normal,0.3942
2026-01-07 15:26:36,RateTamper,Normal,0.4075
2026-01-07 15:26:36,RateTamper,Normal,0.3961
2026-01-07 15:26:36,RateTamper,Normal,0.4086
2026-01-07 15:26:37,RateTamper,Normal,0.3958
2026-01-07 15:26:37,RateTamper,Normal,0.3958
2026-01-07 15:26:37,RateTamper,Normal,0.3958
2026-01-07 15:26:37,RateTamper,Normal,0.4066
2026-01-07 15:26:37,RateTamper,Normal,0.4066
2026-01-07 15:26:37,RateTamper,Normal,0.4020
2026-01-07 15:26:38,RateTamper,Normal,0.4066
2026-01-07 15:26:38,RateTamper,Normal,0.3942
2026-01-07 15:26:38,RateTamper,Normal,0.3961
2026-01-07 15:26:38,RateTamper,Normal,0.4020
2026-01-07 15:26:38,RateTamper,Normal,0.3958
2026-01-07 15:26:39,RateTamper,Normal,0.3942
2026-01-07 15:26:39,RateTamper,Normal,0.4075
2026-01-07 15:26:39,RateTamper,Normal,0.4066
2026-01-07 15:26:39,RateTamper,Normal,0.3942
2026-01-07 15:26:40,RateTamper,Normal,0.3977
2026-01-07 15:26:40,RateTamper,Normal,0.4066
2026-01-07 15:26:40,RateTamper,Normal,0.3908
2026-01-07 15:26:40,RateTamper,Normal,0.4020
2026-01-07 15:26:40,RateTamper,Normal,0.3942
2026-01-07 15:26:41,RateTamper,Normal,0.3966
2026-01-07 15:26:41,RateTamper,Normal,0.4066
2026-01-07 15:26:41,RateTamper,Normal,0.4045
2026-01-07 15:26:41,RateTamper,Normal,0.4020
2026-01-07 15:26:41,RateTamper,Normal,0.4077
2026-01-07 15:26:41,RateTamper,Normal,0.4039
2026-01-07 15:26:42,RateTamper,Normal,0.4066
2026-01-07 15:26:42,RateTamper,Normal,0.4079
2026-01-07 15:26:42,RateTamper,Normal,0.4020
2026-01-07 15:26:43,RateTamper,Normal,0.4066
2026-01-07 15:26:43,RateTamper,Normal,0.3958
2026-01-07 15:26:43,RateTamper,Normal,0.4066
2026-01-07 15:26:43,RateTamper,Normal,0.3958
2026-01-07 15:26:43,RateTamper,Normal,0.4020
2026-01-07 15:26:43,RateTamper,Normal,0.4072
2026-01-07 15:26:44,RateTamper,Normal,0.3978
2026-01-07 15:26:44,RateTamper,Normal,0.4074
2026-01-07 15:26:44,RateTamper,Normal,0.4079
2026-01-07 15:26:44,RateTamper,Normal,0.3958
2026-01-07 15:26:45,RateTamper,Normal,0.3901
2026-01-07 15:26:45,RateTamper,Normal,0.3942
2026-01-07 15:26:45,RateTamper,Normal,0.4074
2026-01-07 15:26:45,RateTamper,Normal,0.3953
2026-01-07 15:26:45,RateTamper,Normal,0.4073
2026-01-07 15:26:45,RateTamper,Normal,0.3958
2026-01-07 15:26:46,RateTamper,Normal,0.3891
2026-01-07 15:26:46,RateTamper,Normal,0.4078
2026-01-07 15:26:46,RateTamper,Normal,0.4066
2026-01-07 15:26:47,RateTamper,Normal,0.3970
2026-01-07 15:26:47,RateTamper,Normal,0.3958
2026-01-07 15:26:47,RateTamper,Normal,0.3958
2026-01-07 15:26:47,RateTamper,Normal,0.3775
2026-01-07 15:26:47,RateTamper,Normal,0.4046
2026-01-07 15:26:47,RateTamper,Normal,0.4074
2026-01-07 15:26:48,RateTamper,Normal,0.4072
2026-01-07 15:26:48,RateTamper,Normal,0.3971
2026-01-07 15:26:48,RateTamper,Normal,0.4078
2026-01-07 15:26:48,RateTamper,Normal,0.3958
2026-01-07 15:26:49,RateTamper,Normal,0.4020
2026-01-07 15:26:49,RateTamper,Normal,0.4074
2026-01-07 15:26:49,RateTamper,Normal,0.4079
2026-01-07 15:26:49,RateTamper,Normal,0.4066
2026-01-07 15:26:49,RateTamper,Normal,0.3775
2026-01-07 15:26:49,RateTamper,Normal,0.3961
2026-01-07 15:26:50,RateTamper,Normal,0.4066
2026-01-07 15:26:50,RateTamper,Normal,0.3989
2026-01-07 15:26:50,RateTamper,Normal,0.3924
2026-01-07 15:26:50,RateTamper,Normal,0.4020
2026-01-07 15:26:50,RateTamper,Normal,0.3865
2026-01-07 15:26:51,RateTamper,Normal,0.4045
2026-01-07 15:26:51,RateTamper,Normal,0.3958
2026-01-07 15:26:51,RateTamper,Normal,0.3884
2026-01-07 15:26:51,RateTamper,Normal,0.3942
2026-01-07 15:26:52,RateTamper,Normal,0.4074
2026-01-07 15:26:52,RateTamper,Normal,0.4074
2026-01-07 15:26:52,RateTamper,Normal,0.4072
2026-01-07 15:26:52,RateTamper,Normal,0.3958
2026-01-07 15:26:52,RateTamper,Normal,0.3957
2026-01-07 15:26:53,RateTamper,Normal,0.3966
2026-01-07 15:26:53,RateTamper,Normal,0.3957
2026-01-07 15:26:53,RateTamper,Normal,0.3942
2026-01-07 15:26:53,RateTamper,Normal,0.4060
2026-01-07 15:26:54,RateTamper,Normal,0.4078
2026-01-07 15:26:54,RateTamper,Normal,0.4056
2026-01-07 15:26:54,RateTamper,Normal,0.3973
2026-01-07 15:26:54,RateTamper,Normal,0.3961
2026-01-07 15:26:54,RateTamper,Normal,0.3954
2026-01-07 15:26:55,RateTamper,Normal,0.3971
2026-01-07 15:26:55,RateTamper,Normal,0.3966
2026-01-07 15:26:55,RateTamper,Normal,0.4078
2026-01-07 15:26:55,RateTamper,Normal,0.4020
2026-01-07 15:26:55,RateTamper,Normal,0.4079
2026-01-07 15:26:55,RateTamper,Normal,0.4079
2026-01-07 15:26:56,RateTamper,Normal,0.4040
2026-01-07 15:26:56,RateTamper,Normal,0.4067
2026-01-07 15:26:56,RateTamper,Normal,0.3971
2026-01-07 15:26:56,RateTamper,Normal,0.3958
2026-01-07 15:26:57,RateTamper,Normal,0.3961
2026-01-07 15:26:57,RateTamper,Normal,0.4066
2026-01-07 15:29:53,Normal,Normal,0.3949
2026-01-07 15:29:53,Normal,Normal,0.4066
2026-01-07 15:29:53,Normal,Normal,0.3958
2026-01-07 15:29:53,Normal,Normal,0.4067
2026-01-07 15:29:53,Normal,Normal,0.4020
2026-01-07 15:29:53,Normal,Normal,0.4066
2026-01-07 15:29:54,Normal,Normal,0.4072
2026-01-07 15:29:54,Normal,Normal,0.4077
2026-01-07 15:29:54,Normal,Normal,0.3933
2026-01-07 15:29:54,Normal,Normal,0.3958
2026-01-07 15:29:55,Normal,Normal,0.4038
2026-01-07 15:29:55,Normal,Normal,0.3941
2026-01-07 15:29:55,Normal,Normal,0.3968
2026-01-07 15:29:55,Normal,Normal,0.4045
2026-01-07 15:29:56,Normal,Normal,0.3902
2026-01-07 15:29:56,Normal,Normal,0.4077
2026-01-07 15:29:56,Normal,Normal,0.3925
2026-01-07 15:29:56,Normal,Normal,0.3966
2026-01-07 15:29:56,Normal,Normal,0.3958
2026-01-07 15:29:56,Normal,Normal,0.3908
2026-01-07 15:29:57,Normal,Normal,0.4038
2026-01-07 15:29:57,Normal,Normal,0.4072
2026-01-07 15:29:57,Normal,Normal,0.3908
2026-01-07 15:29:57,Normal,Normal,0.3924
2026-01-07 15:29:57,Normal,Normal,0.3958
2026-01-07 15:29:58,Normal,Normal,0.4079
2026-01-07 15:29:58,Normal,Normal,0.3924
2026-01-07 15:29:58,Normal,Normal,0.4063
2026-01-07 15:29:58,Normal,Normal,0.4066
2026-01-07 15:29:58,Normal,Normal,0.4074
2026-01-07 15:29:59,Normal,Normal,0.3958
2026-01-07 15:29:59,Normal,Normal,0.4020
2026-01-07 15:29:59,Normal,Normal,0.3961
2026-01-07 15:29:59,Normal,Normal,0.3978
2026-01-07 15:29:59,Normal,Normal,0.4020
2026-01-07 15:30:00,Normal,Normal,0.3958
2026-01-07 15:30:00,Normal,Normal,0.3971
2026-01-07 15:30:00,Normal,Normal,0.4072
2026-01-07 15:30:00,Normal,Normal,0.4063
2026-01-07 15:30:00,Normal,Normal,0.3958
2026-01-07 15:30:01,Normal,Normal,0.4039
2026-01-07 15:30:01,Normal,Normal,0.4066
2026-01-07 15:30:01,Normal,Normal,0.3925
2026-01-07 15:30:01,Normal,Normal,0.4074
2026-01-07 15:30:02,Normal,Normal,0.3952
2026-01-07 15:30:02,Normal,Normal,0.3966
2026-01-07 15:30:02,Normal,Normal,0.4071
2026-01-07 15:30:02,Normal,Normal,0.4066
2026-01-07 15:30:02,Normal,Normal,0.3989
2026-01-07 15:30:03,Normal,Normal,0.4045
2026-01-07 15:30:03,Normal,Normal,0.4078
2026-01-07 15:30:03,Normal,Normal,0.3958
2026-01-07 15:30:04,Normal,Normal,0.3957
2026-01-07 15:30:04,Normal,Normal,0.4074
2026-01-07 15:30:04,Normal,Normal,0.4079
2026-01-07 15:30:04,Normal,Normal,0.4020
2026-01-07 15:30:04,Normal,Normal,0.4039
2026-01-07 15:30:04,Normal,Normal,0.4045
2026-01-07 15:30:05,Normal,Normal,0.3908
2026-01-07 15:30:05,Normal,Normal,0.3958
2026-01-07 15:30:05,Normal,Normal,0.4075
2026-01-07 15:30:06,Normal,Normal,0.4020
2026-01-07 15:30:06,Normal,Normal,0.4039
2026-01-07 15:30:06,Normal,Normal,0.4078
2026-01-07 15:30:06,Normal,Normal,0.4071
2026-01-07 15:30:06,Normal,Normal,0.4045
2026-01-07 15:30:06,Normal,Normal,0.3901
2026-01-07 15:30:07,Normal,Normal,0.4077
2026-01-07 15:30:07,Normal,Normal,0.3901
2026-01-07 15:30:07,Normal,Normal,0.4072
2026-01-07 15:30:07,Normal,Normal,0.3954
2026-01-07 15:30:07,Normal,Normal,0.4063
2026-01-07 15:30:07,Normal,Normal,0.4075
2026-01-07 15:30:08,Normal,Normal,0.3966
2026-01-07 15:30:08,Normal,Normal,0.4071
2026-01-07 15:30:08,Normal,Normal,0.4075
2026-01-07 15:30:08,Normal,Normal,0.3968
2026-01-07 15:30:09,Normal,Normal,0.4068
2026-01-07 15:30:09,Normal,Normal,0.3970
2026-01-07 15:30:09,Normal,Normal,0.4045
2026-01-07 15:30:09,Normal,Normal,0.4067
2026-01-07 15:30:09,Normal,Normal,0.3958
2026-01-07 15:30:10,Normal,Normal,0.4072
2026-01-07 15:30:10,Normal,Normal,0.3928
2026-01-07 15:30:10,Normal,Normal,0.4066
2026-01-07 15:30:10,Normal,Normal,0.4077
2026-01-07 15:30:10,Normal,Normal,0.4079
2026-01-07 15:30:10,Normal,Normal,0.3902
2026-01-07 15:30:11,Normal,Normal,0.3928
2026-01-07 15:30:11,Normal,Normal,0.3958
2026-01-07 15:30:11,Normal,Normal,0.4078
2026-01-07 15:30:11,Normal,Normal,0.3977
2026-01-07 15:30:11,Normal,Normal,0.4074
2026-01-07 15:30:12,Normal,Normal,0.3961
2026-01-07 15:30:12,Normal,Normal,0.4074
2026-01-07 15:30:12,Normal,Normal,0.4075
2026-01-07 15:30:12,Normal,Normal,0.4071
2026-01-07 15:30:12,Normal,Normal,0.3958
2026-01-07 15:30:13,Normal,Normal,0.3870
2026-01-07 15:30:13,Normal,Normal,0.3978
2026-01-07 15:30:14,Normal,Normal,0.4079
2026-01-07 15:30:14,Normal,Normal,0.4078
2026-01-07 15:30:14,Normal,Normal,0.4079
2026-01-07 15:30:14,Normal,Normal,0.3973
2026-01-07 15:30:14,Normal,Normal,0.4066
2026-01-07 15:30:14,Normal,Normal,0.4078
2026-01-07 15:30:14,Normal,Normal,0.4066
2026-01-07 15:30:15,Normal,Normal,0.3928
2026-01-07 15:30:15,Normal,Normal,0.4066
2026-01-07 15:30:15,Replay,Normal,0.4086
2026-01-07 15:30:16,Normal,Normal,0.4075
2026-01-07 15:30:16,Normal,Normal,0.4078
2026-01-07 15:30:16,Replay,Normal,0.3966
2026-01-07 15:30:16,Replay,Normal,0.3942
2026-01-07 15:30:16,Replay,Normal,0.4078
2026-01-07 15:30:16,Normal,Normal,0.4078
2026-01-07 15:30:17,Normal,Normal,0.4020
2026-01-07 15:30:17,Replay,Normal,0.4075
2026-01-07 15:30:17,Normal,Normal,0.3870
2026-01-07 15:30:17,Normal,Normal,0.4072
2026-01-07 15:30:17,Normal,Normal,0.4079
2026-01-07 15:30:17,Replay,Normal,0.3966
2026-01-07 15:30:18,Replay,Normal,0.4066
2026-01-07 15:30:18,Replay,Normal,0.4066
2026-01-07 15:30:18,Normal,Normal,0.3958
2026-01-07 15:30:19,Normal,Normal,0.4075
2026-01-07 15:30:19,Normal,Normal,0.3933
2026-01-07 15:30:19,Replay,Normal,0.3928
2026-01-07 15:30:19,Replay,Normal,0.4073
2026-01-07 15:30:19,Normal,Normal,0.4020
2026-01-07 15:30:19,Replay,Normal,0.4066
2026-01-07 15:30:19,Normal,Normal,0.4075
2026-01-07 15:30:20,Normal,Normal,0.4068
2026-01-07 15:30:20,Replay,Normal,0.4078
2026-01-07 15:30:20,Normal,Normal,0.3780
2026-01-07 15:30:21,Normal,Normal,0.4075
2026-01-07 15:30:21,Normal,Normal,0.4075
2026-01-07 15:30:21,Replay,Normal,0.3891
2026-01-07 15:30:21,Replay,Normal,0.3942
2026-01-07 15:30:21,Normal,Normal,0.3989
2026-01-07 15:30:22,Normal,Normal,0.3973
2026-01-07 15:30:22,Normal,Normal,0.3942
2026-01-07 15:30:22,Replay,Normal,0.3902
2026-01-07 15:30:22,Normal,Normal,0.4066
2026-01-07 15:30:23,Replay,Normal,0.3879
2026-01-07 15:30:23,Normal,Normal,0.4054
2026-01-07 15:30:23,Normal,Normal,0.4066
2026-01-07 15:30:23,Normal,Normal,0.4077
2026-01-07 15:30:23,Normal,Normal,0.4068
2026-01-07 15:30:23,Normal,Normal,0.4079
2026-01-07 15:30:23,Normal,Normal,0.3958
2026-01-07 15:30:24,Normal,Normal,0.4077
2026-01-07 15:30:24,Normal,Normal,0.4086
2026-01-07 15:30:24,Injection,Normal,0.4065
2026-01-07 15:30:24,Injection,Normal,0.3971
2026-01-07 15:30:24,Normal,Normal,0.4068
2026-01-07 15:30:25,Normal,Normal,0.3958
2026-01-07 15:30:25,Injection,Normal,0.3966
2026-01-07 15:30:25,Normal,Normal,0.3958
2026-01-07 15:30:26,Injection,Normal,0.4075
2026-01-07 15:30:26,Injection,Normal,0.3958
2026-01-07 15:30:26,Injection,Normal,0.4046
2026-01-07 15:30:26,Injection,Normal,0.3908
2026-01-07 15:30:26,Injection,Normal,0.3949
2026-01-07 15:30:26,Normal,Normal,0.3928
2026-01-07 15:30:27,Injection,Normal,0.3870
2026-01-07 15:30:27,Normal,Normal,0.4075
2026-01-07 15:30:27,Normal,Normal,0.4066
2026-01-07 15:30:27,Injection,Normal,0.3953
2026-01-07 15:30:28,Injection,Normal,0.3979
2026-01-07 15:30:28,Injection,Normal,0.3958
2026-01-07 15:30:28,RateTamper,Normal,0.4038
2026-01-07 15:30:28,RateTamper,Normal,0.4079
2026-01-07 15:30:28,RateTamper,Normal,0.3971
2026-01-07 15:30:28,RateTamper,Normal,0.4079
2026-01-07 15:30:29,RateTamper,Normal,0.3879
2026-01-07 15:30:29,RateTamper,Normal,0.4066
2026-01-07 15:30:29,RateTamper,Normal,0.4041
2026-01-07 15:30:29,RateTamper,Normal,0.4074
2026-01-07 15:30:29,RateTamper,Normal,0.3966
2026-01-07 15:30:30,RateTamper,Normal,0.4079
2026-01-07 15:30:30,RateTamper,Normal,0.4071
2026-01-07 15:30:30,RateTamper,Normal,0.3884
2026-01-07 15:30:30,RateTamper,Normal,0.4039
2026-01-07 15:30:31,RateTamper,Normal,0.4068
2026-01-07 15:30:31,RateTamper,Normal,0.4063
2026-01-07 15:30:31,RateTamper,Normal,0.4079
2026-01-07 15:30:31,RateTamper,Normal,0.4066
2026-01-07 15:30:32,RateTamper,Normal,0.4068
2026-01-07 15:30:32,RateTamper,Normal,0.4086
2026-01-07 15:30:32,RateTamper,Normal,0.3957
2026-01-07 15:30:32,RateTamper,Normal,0.3985
2026-01-07 15:30:32,RateTamper,Normal,0.4074
2026-01-07 15:30:32,RateTamper,Normal,0.4066
2026-01-07 15:30:33,RateTamper,Normal,0.3928
2026-01-07 15:30:33,RateTamper,Normal,0.4020
2026-01-07 15:30:33,RateTamper,Normal,0.3957
2026-01-07 15:34:17,Normal,Normal,0.3958
2026-01-07 15:34:18,Normal,Normal,0.4074
2026-01-07 15:34:18,Normal,Normal,0.3958
2026-01-07 15:34:18,Normal,Normal,0.4066
2026-01-07 15:34:18,Normal,Normal,0.4079
2026-01-07 15:34:18,Normal,Normal,0.3958
2026-01-07 15:34:18,Normal,Normal,0.3875
2026-01-07 15:34:18,Normal,Normal,0.3942
2026-01-07 15:34:19,Normal,Normal,0.3957
2026-01-07 15:34:19,Normal,Normal,0.4066
2026-01-07 15:34:19,Normal,Normal,0.3981
2026-01-07 15:34:19,Normal,Normal,0.4066
2026-01-07 15:34:19,Normal,Normal,0.4074
2026-01-07 15:34:20,Normal,Normal,0.3958
2026-01-07 15:34:20,Normal,Normal,0.4068
2026-01-07 15:34:20,Normal,Normal,0.4045
2026-01-07 15:34:20,Normal,Normal,0.4020
2026-01-07 15:34:20,Normal,Normal,0.3977
2026-01-07 15:34:21,Normal,Normal,0.4042
2026-01-07 15:34:21,Normal,Normal,0.4078
2026-01-07 15:34:21,Normal,Normal,0.4079
2026-01-07 15:34:21,Normal,Normal,0.4046
2026-01-07 15:34:21,Normal,Normal,0.3954
2026-01-07 15:34:22,Normal,Normal,0.3952
2026-01-07 15:34:22,Normal,Normal,0.3958
2026-01-07 15:34:22,Normal,Normal,0.4072
2026-01-07 15:34:22,Normal,Normal,0.4079
2026-01-07 15:34:23,Normal,Normal,0.4020
2026-01-07 15:34:23,Normal,Normal,0.3958
2026-01-07 15:34:23,Normal,Normal,0.4040
2026-01-07 15:34:23,Normal,Normal,0.4066
2026-01-07 15:34:23,Normal,Normal,0.4071
2026-01-07 15:34:24,Normal,Normal,0.4071
2026-01-07 15:34:24,Normal,Normal,0.4045
2026-01-07 15:34:24,Normal,Normal,0.4057
2026-01-07 15:34:24,Normal,Normal,0.4078
2026-01-07 15:34:24,Normal,Normal,0.3938
2026-01-07 15:34:25,Normal,Normal,0.4074
2026-01-07 15:34:25,Normal,Normal,0.4072
2026-01-07 15:34:25,Normal,Normal,0.4079
2026-01-07 15:34:25,Normal,Normal,0.4077
2026-01-07 15:34:25,Normal,Normal,0.4066
2026-01-07 15:34:25,Normal,Normal,0.4086
2026-01-07 15:34:26,Normal,Normal,0.4073
2026-01-07 15:34:26,Normal,Normal,0.4086
2026-01-07 15:34:26,Normal,Normal,0.4074
2026-01-07 15:34:26,Normal,Normal,0.4066
2026-01-07 15:34:26,Normal,Normal,0.4066
2026-01-07 15:34:27,Normal,Normal,0.4039
2026-01-07 15:34:27,Normal,Normal,0.4066
2026-01-07 15:34:27,Normal,Normal,0.3853
2026-01-07 15:34:28,Normal,Normal,0.3954
2026-01-07 15:34:28,Normal,Normal,0.3958
2026-01-07 15:34:28,Normal,Normal,0.4079
2026-01-07 15:34:28,Normal,Normal,0.4020
2026-01-07 15:34:28,Normal,Normal,0.3958
2026-01-07 15:34:28,Normal,Normal,0.4020
2026-01-07 15:34:28,Normal,Normal,0.4075
2026-01-07 15:34:29,Normal,Normal,0.4020
2026-01-07 15:34:29,Normal,Normal,0.4066
2026-01-07 15:34:29,Normal,Normal,0.3958
2026-01-07 15:34:30,Normal,Normal,0.4045
2026-01-07 15:34:30,Normal,Normal,0.4066
2026-01-07 15:34:30,Normal,Normal,0.4078
2026-01-07 15:34:30,Normal,Normal,0.4079
2026-01-07 15:34:31,Normal,Normal,0.3958
2026-01-07 15:34:31,Normal,Normal,0.4072
2026-01-07 15:34:31,Normal,Normal,0.3989
2026-01-07 15:34:31,Normal,Normal,0.4066
2026-01-07 15:34:31,Normal,Normal,0.4060
2026-01-07 15:34:31,Normal,Normal,0.3977
2026-01-07 15:34:32,Normal,Normal,0.4066
2026-01-07 15:34:32,Normal,Normal,0.3958
2026-01-07 15:34:32,Normal,Normal,0.3958
2026-01-07 15:34:32,Normal,Normal,0.4020
2026-01-07 15:34:32,Normal,Normal,0.3954
2026-01-07 15:34:32,Normal,Normal,0.4020
2026-01-07 15:34:33,Normal,Normal,0.4066
2026-01-07 15:34:33,Normal,Normal,0.4066
2026-01-07 15:34:33,Normal,Normal,0.4045
2026-01-07 15:34:33,Normal,Normal,0.3966
2026-01-07 15:34:33,Normal,Normal,0.3958
2026-01-07 15:34:34,Normal,Normal,0.4077
2026-01-07 15:34:34,Normal,Normal,0.4066
2026-01-07 15:34:35,Normal,Normal,0.3968
2026-01-07 15:34:35,Normal,Normal,0.3954
2026-01-07 15:34:35,Normal,Normal,0.3958
2026-01-07 15:34:35,Normal,Normal,0.3935
2026-01-07 15:34:35,Normal,Normal,0.4075
2026-01-07 15:34:35,Normal,Normal,0.4078
2026-01-07 15:34:36,Normal,Normal,0.3958
2026-01-07 15:34:36,Normal,Normal,0.4079
2026-01-07 15:34:36,Normal,Normal,0.3958
2026-01-07 15:34:36,Normal,Normal,0.4068
2026-01-07 15:34:36,Normal,Normal,0.4079
2026-01-07 15:34:36,Normal,Normal,0.4077
2026-01-07 15:34:36,Normal,Normal,0.4066
2026-01-07 15:34:37,Normal,Normal,0.4078
2026-01-07 15:34:37,Normal,Normal,0.4066
2026-01-07 15:34:37,Normal,Normal,0.4066
2026-01-07 15:34:37,Normal,Normal,0.4020
2026-01-07 15:34:38,Normal,Normal,0.3933
2026-01-07 15:34:38,Normal,Normal,0.4075
2026-01-07 15:34:38,Normal,Normal,0.4078
2026-01-07 15:34:38,Normal,Normal,0.4074
2026-01-07 15:34:39,Normal,Normal,0.4068
2026-01-07 15:34:39,Normal,Normal,0.4063
2026-01-07 15:34:39,Normal,Normal,0.4078
2026-01-07 15:34:39,Normal,Normal,0.4074
2026-01-07 15:34:39,Normal,Normal,0.3958
2026-01-07 15:34:39,Normal,Normal,0.3958
2026-01-07 15:34:40,Normal,Normal,0.3872
2026-01-07 15:34:40,Normal,Normal,0.3953
2026-01-07 15:34:40,Normal,Normal,0.4041
2026-01-07 15:34:40,Normal,Normal,0.4078
2026-01-07 15:34:41,Normal,Normal,0.3953
2026-01-07 15:34:41,Normal,Normal,0.4046
2026-01-07 15:34:41,Normal,Normal,0.3958
2026-01-07 15:34:41,Normal,Normal,0.4066
2026-01-07 15:34:42,Normal,Normal,0.4066
2026-01-07 15:34:42,Normal,Normal,0.4066
2026-01-07 15:34:42,Normal,Normal,0.4058
2026-01-07 15:34:42,Normal,Normal,0.4079
2026-01-07 15:34:42,Normal,Normal,0.3958
2026-01-07 15:34:43,Normal,Normal,0.3941
2026-01-07 15:34:43,Normal,Normal,0.4040
2026-01-07 15:34:43,Normal,Normal,0.4066
2026-01-07 15:34:43,Normal,Normal,0.3958
2026-01-07 15:34:44,Normal,Normal,0.4072
2026-01-07 15:34:44,Normal,Normal,0.4066
2026-01-07 15:34:44,Normal,Normal,0.3958
2026-01-07 15:34:44,Normal,Normal,0.4074
2026-01-07 15:34:44,Normal,Normal,0.4058
2026-01-07 15:34:45,Normal,Normal,0.4075
2026-01-07 15:34:45,Normal,Normal,0.4056
2026-01-07 15:34:45,Normal,Normal,0.4066
2026-01-07 15:34:45,Normal,Normal,0.3902
2026-01-07 15:34:45,Normal,Normal,0.3958
2026-01-07 15:34:45,Normal,Normal,0.3938
2026-01-07 15:34:46,Normal,Normal,0.4066
2026-01-07 15:34:46,Normal,Normal,0.4066
2026-01-07 15:34:46,Normal,Normal,0.4078
2026-01-07 15:34:46,Normal,Normal,0.3973
2026-01-07 15:34:47,Normal,Normal,0.3935
2026-01-07 15:34:47,Normal,Normal,0.3876
2026-01-07 15:34:47,Normal,Normal,0.3958
2026-01-07 15:34:47,Normal,Normal,0.4071
2026-01-07 15:34:47,Normal,Normal,0.4063
2026-01-07 15:34:47,Normal,Normal,0.4020
2026-01-07 15:34:47,Normal,Normal,0.4066
2026-01-07 15:34:48,Normal,Normal,0.3891
2026-01-07 15:34:48,Normal,Normal,0.4077
2026-01-07 15:34:48,Normal,Normal,0.3872
2026-01-07 15:34:48,Normal,Normal,0.4066
2026-01-07 15:34:49,Normal,Normal,0.3958
2026-01-07 15:34:49,Normal,Normal,0.4079
2026-01-07 15:34:49,Normal,Normal,0.4063
2026-01-07 15:34:50,Normal,Normal,0.4071
2026-01-07 15:34:50,Normal,Normal,0.4066
2026-01-07 15:34:50,Normal,Normal,0.3989
2026-01-07 15:34:50,Normal,Normal,0.4079
2026-01-07 15:34:50,Normal,Normal,0.3958
2026-01-07 15:34:50,Normal,Normal,0.4068
2026-01-07 15:34:51,Normal,Normal,0.4078
2026-01-07 15:34:51,Normal,Normal,0.3952
2026-01-07 15:34:51,Normal,Normal,0.4068
2026-01-07 15:34:51,Normal,Normal,0.4050
2026-01-07 15:34:52,Normal,Normal,0.4073
2026-01-07 15:34:52,Normal,Normal,0.3958
2026-01-07 15:34:52,Normal,Normal,0.4075
2026-01-07 15:34:52,Normal,Normal,0.4020
2026-01-07 15:34:53,Normal,Normal,0.4039
2026-01-07 15:34:53,Normal,Normal,0.3971
2026-01-07 15:34:53,Normal,Normal,0.3958
2026-01-07 15:34:53,Normal,Normal,0.4077
2026-01-07 15:34:53,Normal,Normal,0.3966
2026-01-07 15:34:53,Normal,Normal,0.3968
2026-01-07 15:34:53,Normal,Normal,0.3780
2026-01-07 15:34:53,Normal,Normal,0.3985
2026-01-07 15:34:54,Normal,Normal,0.4077
2026-01-07 15:34:54,Normal,Normal,0.3928
2026-01-07 15:34:55,Normal,Normal,0.4078
2026-01-07 15:34:55,Normal,Normal,0.4066
2026-01-07 15:34:55,Normal,Normal,0.3989
2026-01-07 15:34:55,Normal,Normal,0.4040
2026-01-07 15:34:55,Normal,Normal,0.3966
2026-01-07 15:34:55,Normal,Normal,0.3853
2026-01-07 15:34:56,Normal,Normal,0.4079
2026-01-07 15:34:56,Normal,Normal,0.3979
2026-01-07 15:34:56,Normal,Normal,0.4038
2026-01-07 15:34:57,Normal,Normal,0.4060
2026-01-07 15:34:57,Normal,Normal,0.3966
2026-01-07 15:34:57,Normal,Normal,0.4045
2026-01-07 15:34:57,Normal,Normal,0.3902
2026-01-07 15:34:57,Normal,Normal,0.3973
2026-01-07 15:34:57,Normal,Normal,0.4020
2026-01-07 15:34:58,Normal,Normal,0.4075
2026-01-07 15:34:58,Normal,Normal,0.4074
2026-01-07 15:34:58,Normal,Normal,0.4077
2026-01-07 15:34:58,Normal,Normal,0.4078
2026-01-07 15:34:59,Normal,Normal,0.4041
2026-01-07 15:34:59,Normal,Normal,0.4038
2026-01-07 15:34:59,Normal,Normal,0.3977
2026-01-07 15:34:59,Normal,Normal,0.4078
2026-01-07 15:34:59,Normal,Normal,0.3961
2026-01-07 15:34:59,Normal,Normal,0.4072
2026-01-07 15:34:59,Normal,Normal,0.3989
2026-01-07 15:35:00,Normal,Normal,0.4066
2026-01-07 15:35:00,Normal,Normal,0.3958
2026-01-07 15:35:00,Normal,Normal,0.4078
2026-01-07 15:35:01,Normal,Normal,0.3908
2026-01-07 15:35:01,Normal,Normal,0.4066
2026-01-07 15:35:01,Normal,Normal,0.3928
2026-01-07 15:35:01,Normal,Normal,0.4079
2026-01-07 15:35:02,Normal,Normal,0.4066
2026-01-07 15:35:02,Normal,Normal,0.4072
2026-01-07 15:35:02,Normal,Normal,0.4071
2026-01-07 15:35:02,Normal,Normal,0.3902
2026-01-07 15:35:02,Normal,Normal,0.4072
2026-01-07 15:35:02,Normal,Normal,0.4072
2026-01-07 15:35:03,Normal,Normal,0.3981
2026-01-07 15:35:03,Normal,Normal,0.3928
2026-01-07 15:35:03,RateTamper,Normal,0.4020
2026-01-07 15:35:03,Normal,Normal,0.4074
2026-01-07 15:35:03,RateTamper,Normal,0.4050
2026-01-07 15:35:04,Normal,Normal,0.4063
2026-01-07 15:35:04,Normal,Normal,0.3958
2026-01-07 15:35:04,Normal,Normal,0.3942
2026-01-07 15:35:05,Normal,Normal,0.4075
2026-01-07 15:35:05,Normal,Normal,0.3925
2026-01-07 15:35:05,Normal,Normal,0.3942
2026-01-07 15:35:05,Normal,Normal,0.3958
2026-01-07 15:35:06,Normal,Normal,0.3958
2026-01-07 15:35:06,RateTamper,Normal,0.3958
2026-01-07 15:35:06,Normal,Normal,0.3884
2026-01-07 15:35:06,RateTamper,Normal,0.4079
2026-01-07 15:35:06,Normal,Normal,0.3989
2026-01-07 15:35:06,Normal,Normal,0.3938
2026-01-07 15:35:06,Normal,Normal,0.3958
2026-01-07 15:35:06,Normal,Normal,0.4078
2026-01-07 15:35:07,Normal,Normal,0.3958
2026-01-07 15:35:07,Normal,Normal,0.3872
2026-01-07 15:35:07,Normal,Normal,0.4075
2026-01-07 15:35:07,Normal,Normal,0.3942
2026-01-07 15:35:08,Normal,Normal,0.3958
2026-01-07 15:35:08,Normal,Normal,0.3958
2026-01-07 15:35:08,RateTamper,Normal,0.3958
2026-01-07 15:35:08,RateTamper,Normal,0.4074
2026-01-07 15:35:09,Normal,Normal,0.4020
2026-01-07 15:35:09,Normal,Normal,0.4075
2026-01-07 15:35:09,Normal,Normal,0.4058
2026-01-07 15:35:09,Normal,Normal,0.3979
2026-01-07 15:35:09,RateTamper,Normal,0.4079
2026-01-07 15:35:10,RateTamper,Normal,0.4038
2026-01-07 15:35:10,RateTamper,Normal,0.3961
2026-01-07 15:35:10,Normal,Normal,0.3853
2026-01-07 15:35:10,Normal,Normal,0.4086
2026-01-07 15:35:10,Normal,Normal,0.3958
2026-01-07 15:35:11,Replay,Normal,0.4068
2026-01-07 15:35:11,Normal,Normal,0.4079
2026-01-07 15:35:11,Replay,Normal,0.4066
2026-01-07 15:35:11,Normal,Normal,0.4020
2026-01-07 15:35:12,Normal,Normal,0.3958
2026-01-07 15:35:12,Normal,Normal,0.3958
2026-01-07 15:35:12,Normal,Normal,0.4020
2026-01-07 15:35:12,Replay,Normal,0.4039
2026-01-07 15:35:12,Normal,Normal,0.3933
2026-01-07 15:35:12,Normal,Normal,0.3961
2026-01-07 15:35:12,Normal,Normal,0.4066
2026-01-07 15:35:13,Normal,Normal,0.4041
2026-01-07 15:35:13,Normal,Normal,0.3908
2026-01-07 15:35:13,Normal,Normal,0.3902
2026-01-07 15:35:13,Normal,Normal,0.4068
2026-01-07 15:35:13,Normal,Normal,0.3902
2026-01-07 15:35:14,Normal,Normal,0.3957
2026-01-07 15:35:14,Normal,Normal,0.4045
2026-01-07 15:35:15,Normal,Normal,0.4020
2026-01-07 15:35:15,Normal,Normal,0.4072
2026-01-07 15:35:15,Normal,Normal,0.3942
2026-01-07 15:35:15,Normal,Normal,0.4079
2026-01-07 15:35:15,Replay,Normal,0.3958
2026-01-07 15:35:15,Normal,Normal,0.4020
2026-01-07 15:35:15,Normal,Normal,0.3957
2026-01-07 15:35:15,Normal,Normal,0.3966
2026-01-07 15:35:16,Normal,Normal,0.3989
2026-01-07 15:35:16,Normal,Normal,0.3958
2026-01-07 15:35:16,Normal,Normal,0.4066
2026-01-07 15:35:16,Replay,Normal,0.3901
2026-01-07 15:35:17,Replay,Normal,0.3966
2026-01-07 15:35:17,Replay,Normal,0.3958
2026-01-07 15:35:17,Normal,Normal,0.4075
2026-01-07 15:35:17,Normal,Normal,0.4045
2026-01-07 15:35:17,Normal,Normal,0.3957
2026-01-07 15:35:18,Normal,Normal,0.3933
2026-01-07 15:35:18,Normal,Normal,0.4085
2026-01-07 15:35:18,Normal,Normal,0.3977
2026-01-07 15:35:18,Replay,Normal,0.3957
2026-01-07 15:35:18,Normal,Normal,0.3775
2026-01-07 15:35:19,Replay,Normal,0.3953
2026-01-07 15:35:19,Replay,Normal,0.4066
2026-01-07 15:35:19,Normal,Normal,0.3879
2026-01-07 15:35:19,Replay,Normal,0.4074
2026-01-07 15:35:20,Replay,Normal,0.4075
2026-01-07 15:35:20,Replay,Normal,0.4020
2026-01-07 15:35:20,Normal,Normal,0.4079
2026-01-07 15:35:20,Replay,Normal,0.3961
2026-01-07 15:35:21,Replay,Normal,0.3958
2026-01-07 15:35:21,Replay,Normal,0.4066
2026-01-07 15:35:21,Replay,Normal,0.3908
2026-01-07 15:35:21,Replay,Normal,0.4079
2026-01-07 15:35:21,Replay,Normal,0.4066
2026-01-07 15:35:21,Replay,Normal,0.3941
2026-01-07 15:35:21,Normal,Normal,0.4065
2026-01-07 15:35:22,Replay,Normal,0.3900
2026-01-07 15:35:22,Normal,Normal,0.4074
2026-01-07 15:35:22,Replay,Normal,0.3908
2026-01-07 15:35:23,Replay,Normal,0.4068
2026-01-07 15:35:23,Replay,Normal,0.4072
2026-01-07 15:35:23,Normal,Normal,0.4020
2026-01-07 15:35:23,Replay,Normal,0.4071
2026-01-07 15:35:23,Replay,Normal,0.4074
2026-01-07 15:35:23,Replay,Normal,0.4078
2026-01-07 15:35:24,Normal,Normal,0.4075
2026-01-07 15:35:24,Replay,Normal,0.4020
2026-01-07 15:35:24,Normal,Normal,0.4068
2026-01-07 15:35:24,Replay,Normal,0.4066
2026-01-07 15:35:24,Replay,Normal,0.3872
2026-01-07 15:35:25,Normal,Normal,0.3958
2026-01-07 15:35:25,Normal,Normal,0.3938
2026-01-07 15:35:25,Replay,Normal,0.4079
2026-01-07 15:35:25,Normal,Normal,0.4078
2026-01-07 15:35:26,Normal,Normal,0.4068
2026-01-07 15:35:26,Normal,Normal,0.4045
2026-01-07 15:35:26,Normal,Normal,0.3958
2026-01-07 15:35:26,Normal,Normal,0.3958
2026-01-07 15:35:27,Normal,Normal,0.3961
2026-01-07 15:35:27,Normal,Normal,0.3966
2026-01-07 15:35:27,Normal,Normal,0.4040
2026-01-07 15:35:27,Normal,Normal,0.4079
2026-01-07 15:35:27,Normal,Normal,0.4066
2026-01-07 15:35:27,Normal,Normal,0.3981
2026-01-07 15:35:27,Normal,Normal,0.4068
2026-01-07 15:35:28,Normal,Normal,0.4066
2026-01-07 15:35:28,Normal,Normal,0.3958
2026-01-07 15:35:28,Normal,Normal,0.3941
2026-01-07 15:35:28,Replay,Normal,0.4077
2026-01-07 15:35:28,Replay,Normal,0.4041
2026-01-07 15:35:29,Normal,Normal,0.4073
2026-01-07 15:35:29,Normal,Normal,0.3977
2026-01-07 15:35:30,Normal,Normal,0.3902
2026-01-07 15:35:30,Normal,Normal,0.4079
2026-01-07 15:35:30,RateTamper,Normal,0.4020
2026-01-07 15:35:30,RateTamper,Normal,0.4020
2026-01-07 15:35:30,Normal,Normal,0.4078
2026-01-07 15:35:30,Normal,Normal,0.4079
2026-01-07 15:35:30,RateTamper,Normal,0.3958
2026-01-07 15:35:31,RateTamper,Normal,0.4046
2026-01-07 15:35:31,Normal,Normal,0.4079
2026-01-07 15:35:31,RateTamper,Normal,0.4078
2026-01-07 15:35:31,RateTamper,Normal,0.4072
2026-01-07 15:35:32,Normal,Normal,0.4066
2026-01-07 15:35:32,Normal,Normal,0.3958
2026-01-07 15:35:32,RateTamper,Normal,0.4075
2026-01-07 15:35:32,RateTamper,Normal,0.3775
2026-01-07 15:35:32,RateTamper,Normal,0.4078
2026-01-07 15:35:32,Normal,Normal,0.3957
2026-01-07 15:35:33,Normal,Normal,0.4039
2026-01-07 15:35:33,Normal,Normal,0.4066
2026-01-07 15:35:33,Normal,Normal,0.3879
2026-01-07 15:35:33,Normal,Normal,0.3928
2026-01-07 15:35:33,Normal,Normal,0.4078
2026-01-07 15:35:34,RateTamper,Normal,0.3958
2026-01-07 15:35:34,Normal,Normal,0.4078
2026-01-07 15:35:34,RateTamper,Normal,0.3901
2026-01-07 15:35:34,Normal,Normal,0.4085
2026-01-07 15:35:35,Normal,Normal,0.3775
2026-01-07 15:35:35,RateTamper,Normal,0.4079
2026-01-07 15:35:35,Normal,Normal,0.3958
2026-01-07 15:35:35,RateTamper,Normal,0.3889
2026-01-07 15:35:36,RateTamper,Normal,0.3958
2026-01-07 15:35:36,Normal,Normal,0.4066
2026-01-07 15:35:36,Normal,Normal,0.4038
2026-01-07 15:35:36,Normal,Normal,0.4071
2026-01-07 15:35:36,RateTamper,Normal,0.4039
2026-01-07 15:35:37,Normal,Normal,0.4045
2026-01-07 15:35:37,Normal,Normal,0.3971
2026-01-07 15:35:37,RateTamper,Normal,0.3935
2026-01-07 15:35:37,Normal,Normal,0.4075
2026-01-07 15:35:38,Normal,Normal,0.4020
2026-01-07 15:35:38,Normal,Normal,0.4066
2026-01-07 15:35:38,RateTamper,Normal,0.4075
2026-01-07 15:35:38,Normal,Normal,0.3901
2026-01-07 15:35:39,RateTamper,Normal,0.4074
2026-01-07 15:35:39,RateTamper,Normal,0.4020
2026-01-07 15:35:39,RateTamper,Normal,0.4075
2026-01-07 15:35:39,Normal,Normal,0.3900
2026-01-07 15:35:39,Normal,Normal,0.3958
2026-01-07 15:35:40,Normal,Normal,0.4060
2026-01-07 15:35:40,Normal,Normal,0.3978
2026-01-07 15:35:40,Normal,Normal,0.4045
2026-01-07 15:35:40,RateTamper,Normal,0.4079
2026-01-07 15:35:40,Normal,Normal,0.4066
2026-01-07 15:35:40,Normal,Normal,0.3938
2026-01-07 15:35:40,Normal,Normal,0.3966
2026-01-07 15:35:40,Normal,Normal,0.3981
2026-01-07 15:35:41,Normal,Normal,0.4078
2026-01-07 15:35:41,Normal,Normal,0.4074
2026-01-07 15:35:41,Normal,Normal,0.4078
2026-01-07 15:35:41,Normal,Normal,0.4078
2026-01-07 15:35:42,Normal,Normal,0.4075
2026-01-07 15:35:42,Normal,Normal,0.3953
2026-01-07 15:35:42,Normal,Normal,0.3958
2026-01-07 15:35:42,Normal,Normal,0.4038
2026-01-07 15:35:42,Normal,Normal,0.4066
2026-01-07 15:35:43,RateTamper,Normal,0.4046
2026-01-07 15:35:43,RateTamper,Normal,0.4079
2026-01-07 15:35:43,Normal,ARP Spoofing,0.3849
2026-01-07 15:35:43,Normal,ARP Spoofing,0.4021
2026-01-07 15:35:44,Normal,ARP Spoofing,0.3879
2026-01-07 15:35:44,ARP,ARP Spoofing,0.3663
2026-01-07 15:35:44,Normal,ARP Spoofing,0.3663
2026-01-07 15:35:44,Normal,ARP Spoofing,0.3879
2026-01-07 15:35:44,Normal,ARP Spoofing,0.3663
2026-01-07 15:35:44,Normal,ARP Spoofing,0.3879
2026-01-07 15:35:44,Normal,ARP Spoofing,0.3879
2026-01-07 15:35:45,Normal,ARP Spoofing,0.3879
2026-01-07 15:35:45,Normal,ARP Spoofing,0.4021
2026-01-07 15:35:45,Normal,ARP Spoofing,0.3849
2026-01-07 15:35:46,Normal,ARP Spoofing,0.4021
2026-01-07 15:35:46,Normal,ARP Spoofing,0.3849
2026-01-07 15:35:46,Normal,ARP Spoofing,0.3888
2026-01-07 15:35:46,Normal,ARP Spoofing,0.4021
2026-01-07 15:35:46,Normal,ARP Spoofing,0.3888
2026-01-07 15:35:46,Normal,ARP Spoofing,0.3888
2026-01-07 15:35:47,Normal,ARP Spoofing,0.4021
2026-01-07 15:35:47,Normal,ARP Spoofing,0.3879
2026-01-07 15:35:47,Normal,ARP Spoofing,0.4021
2026-01-07 15:35:47,Normal,ARP Spoofing,0.4021
2026-01-07 15:35:48,Normal,ARP Spoofing,0.4021
2026-01-07 15:35:48,ARP,ARP Spoofing,0.3849
2026-01-07 15:35:48,Normal,ARP Spoofing,0.4021
2026-01-07 15:35:48,Normal,ARP Spoofing,0.4021
2026-01-07 15:35:49,Normal,ARP Spoofing,0.4021
2026-01-07 15:35:49,Normal,ARP Spoofing,0.3879
2026-01-07 15:35:49,Normal,ARP Spoofing,0.3663
2026-01-07 15:35:49,ARP,ARP Spoofing,0.3879
2026-01-07 15:35:49,Normal,ARP Spoofing,0.4021
2026-01-07 15:35:50,Normal,ARP Spoofing,0.4021
2026-01-07 15:35:50,ARP,ARP Spoofing,0.4021
2026-01-07 15:35:50,Normal,ARP Spoofing,0.3879
2026-01-07 15:35:50,Normal,ARP Spoofing,0.3879
2026-01-07 15:35:50,Normal,ARP Spoofing,0.3879
2026-01-07 15:35:51,Normal,ARP Spoofing,0.4021
2026-01-07 15:35:51,ARP,ARP Spoofing,0.3888
2026-01-07 15:35:51,ARP,ARP Spoofing,0.3879
2026-01-07 15:35:51,ARP,ARP Spoofing,0.4021
2026-01-07 15:35:51,ARP,ARP Spoofing,0.3888
2026-01-07 15:35:51,Normal,ARP Spoofing,0.4021
2026-01-07 15:35:52,Normal,DoS,0.3929
2026-01-07 15:35:52,Normal,DoS,0.3863
2026-01-07 15:35:52,DoS,DoS,0.3796
2026-01-07 15:35:52,Normal,DoS,0.3952
2026-01-07 15:35:52,DoS,DoS,0.3946
2026-01-07 15:35:53,Normal,DoS,0.3870
2026-01-07 15:35:53,DoS,DoS,0.3952
2026-01-07 15:35:53,Normal,DoS,0.3952
2026-01-07 15:35:54,Normal,DoS,0.3870
2026-01-07 15:35:54,Normal,DoS,0.3922
2026-01-07 15:35:54,Normal,DoS,0.3929
2026-01-07 15:35:54,Normal,DoS,0.3929
2026-01-07 15:35:54,Normal,DoS,0.3952
2026-01-07 15:35:54,Normal,DoS,0.3863
2026-01-07 15:35:54,Normal,DoS,0.3922
2026-01-07 15:35:55,Normal,DoS,0.3863
2026-01-07 15:35:55,Normal,DoS,0.3952
2026-01-07 15:35:55,Normal,DoS,0.3929
2026-01-07 15:35:55,Normal,DoS,0.3922
2026-01-07 15:35:56,DoS,DoS,0.3952
2026-01-07 15:35:56,DoS,DoS,0.3929
2026-01-07 15:35:56,DoS,DoS,0.3952
2026-01-07 15:35:57,RateTamper,DoS,0.3929
2026-01-07 15:35:57,RateTamper,Normal,0.3901
2026-01-07 15:35:57,RateTamper,Normal,0.3957
2026-01-07 15:35:57,RateTamper,Normal,0.3957
2026-01-07 15:35:57,RateTamper,Normal,0.4079
2026-01-07 15:35:58,Normal,Normal,0.3989
2026-01-07 15:35:58,Normal,Normal,0.3942
2026-01-07 15:35:58,Normal,Normal,0.4071
2026-01-07 15:35:58,Normal,Normal,0.4020
2026-01-07 15:35:58,Normal,Normal,0.4066
2026-01-07 15:35:58,Normal,Normal,0.4074
2026-01-07 15:35:59,Normal,Normal,0.3953
2026-01-07 15:35:59,Normal,Normal,0.4072
2026-01-07 15:35:59,Normal,Normal,0.4077
2026-01-07 15:35:59,RateTamper,Normal,0.4075
2026-01-07 15:36:00,Normal,Normal,0.3958
2026-01-07 15:36:00,Normal,Normal,0.4075
2026-01-07 15:36:00,Normal,Normal,0.3961
2026-01-07 15:36:00,Normal,Normal,0.4068
2026-01-07 15:36:00,Normal,Normal,0.4066
2026-01-07 15:36:01,RateTamper,Normal,0.4066
2026-01-07 15:36:01,RateTamper,Normal,0.4066
2026-01-07 15:36:01,Normal,Normal,0.4020
2026-01-07 15:36:01,Normal,Normal,0.4056
2026-01-07 15:36:55,Normal,Normal,0.4078
2026-01-07 15:36:55,Normal,Normal,0.4060
2026-01-07 15:36:55,Normal,Normal,0.4020
2026-01-07 15:36:55,Normal,Normal,0.4074
2026-01-07 15:36:55,Normal,Normal,0.3901
2026-01-07 15:36:55,Normal,Normal,0.3942
2026-01-07 15:36:55,Normal,Normal,0.3989
2026-01-07 15:36:55,Normal,Normal,0.3981
2026-01-07 15:36:56,Normal,Normal,0.4063
2026-01-07 15:36:56,Normal,Normal,0.4068
2026-01-07 15:36:56,Normal,Normal,0.4074
2026-01-07 15:36:56,Normal,Normal,0.4068
2026-01-07 15:36:57,Normal,Normal,0.4066
2026-01-07 15:36:57,Normal,Normal,0.4077
2026-01-07 15:36:57,Normal,Normal,0.4045
2026-01-07 15:36:57,Normal,Normal,0.3966
2026-01-07 15:36:57,Normal,Normal,0.4078
2026-01-07 15:36:58,Normal,Normal,0.4045
2026-01-07 15:36:58,Normal,Normal,0.4074
2026-01-07 15:36:58,Normal,Normal,0.3942
2026-01-07 15:36:58,Normal,Normal,0.4020
2026-01-07 15:36:58,Normal,Normal,0.3853
2026-01-07 15:36:59,Normal,Normal,0.3985
2026-01-07 15:36:59,Normal,Normal,0.4078
2026-01-07 15:36:59,Normal,Normal,0.4074
2026-01-07 15:36:59,Normal,Normal,0.4045
2026-01-07 15:37:00,Normal,Normal,0.4079
2026-01-07 15:37:00,Normal,Normal,0.4086
2026-01-07 15:37:00,Normal,Normal,0.4068
2026-01-07 15:37:00,Normal,Normal,0.4038
2026-01-07 15:37:00,Normal,Normal,0.4066
2026-01-07 15:37:01,Normal,Normal,0.4054
2026-01-07 15:37:01,Normal,Normal,0.4066
2026-01-07 15:37:01,Normal,Normal,0.3961
2026-01-07 15:37:01,Normal,Normal,0.4020
2026-01-07 15:37:01,Normal,Normal,0.4078
2026-01-07 15:37:02,Normal,Normal,0.3958
2026-01-07 15:37:02,Normal,Normal,0.3901
2026-01-07 15:37:02,Normal,Normal,0.4074
2026-01-07 15:37:02,Normal,Normal,0.3780
2026-01-07 15:37:02,Normal,Normal,0.4066
2026-01-07 15:37:03,Normal,Normal,0.4078
2026-01-07 15:37:03,Normal,Normal,0.3957
2026-01-07 15:37:03,Normal,Normal,0.3942
2026-01-07 15:37:03,Normal,Normal,0.3979
2026-01-07 15:37:03,Normal,Normal,0.3879
2026-01-07 15:37:03,Normal,Normal,0.3958
2026-01-07 15:37:04,Normal,Normal,0.4066
2026-01-07 15:37:04,Normal,Normal,0.4078
2026-01-07 15:37:05,Normal,Normal,0.4067
2026-01-07 15:37:05,Normal,Normal,0.4046
2026-01-07 15:37:05,Normal,Normal,0.4074
2026-01-07 15:37:05,Normal,Normal,0.4077
2026-01-07 15:37:05,Normal,Normal,0.4068
2026-01-07 15:37:05,Normal,Normal,0.4074
2026-01-07 15:37:06,Normal,Normal,0.4078
2026-01-07 15:37:06,Normal,Normal,0.4057
2026-01-07 15:37:06,Normal,Normal,0.3942
2026-01-07 15:37:06,Normal,Normal,0.3958
2026-01-07 15:37:07,Normal,Normal,0.4086
2026-01-07 15:37:07,Normal,Normal,0.4066
2026-01-07 15:37:07,Normal,Normal,0.3928
2026-01-07 15:37:07,Normal,Normal,0.4066
2026-01-07 15:37:07,Normal,Normal,0.4054
2026-01-07 15:37:07,Normal,Normal,0.4071
2026-01-07 15:37:08,Normal,Normal,0.4074
2026-01-07 15:37:08,Normal,Normal,0.4073
2026-01-07 15:37:08,Normal,Normal,0.3966
2026-01-07 15:37:09,Normal,Normal,0.4066
2026-01-07 15:37:09,Normal,Normal,0.3889
2026-01-07 15:37:09,Normal,Normal,0.4071
2026-01-07 15:37:09,Normal,Normal,0.3953
2026-01-07 15:37:09,Normal,Normal,0.4079
2026-01-07 15:37:09,Normal,Normal,0.4079
2026-01-07 15:37:10,Normal,Normal,0.4045
2026-01-07 15:37:10,Normal,Normal,0.3881
2026-01-07 15:37:10,Normal,Normal,0.4066
2026-01-07 15:37:10,Normal,Normal,0.3958
2026-01-07 15:37:10,Normal,Normal,0.4066
2026-01-07 15:37:10,Normal,Normal,0.4075
2026-01-07 15:37:11,Normal,Normal,0.4038
2026-01-07 15:37:11,Normal,Normal,0.4038
2026-01-07 15:37:11,Normal,Normal,0.3977
2026-01-07 15:37:11,Normal,Normal,0.3901
2026-01-07 15:37:12,Normal,Normal,0.4041
2026-01-07 15:37:12,Normal,Normal,0.3958
2026-01-07 15:37:12,Normal,Normal,0.4072
2026-01-07 15:37:13,Normal,Normal,0.4078
2026-01-07 15:37:13,Normal,Normal,0.4079
2026-01-07 15:37:13,Normal,Normal,0.3958
2026-01-07 15:37:13,Normal,Normal,0.4039
2026-01-07 15:37:13,Normal,Normal,0.4078
2026-01-07 15:37:14,Normal,Normal,0.3933
2026-01-07 15:37:14,Normal,Normal,0.4072
2026-01-07 15:37:14,Normal,Normal,0.3949
2026-01-07 15:37:14,Normal,Normal,0.3957
2026-01-07 15:37:14,Normal,Normal,0.4066
2026-01-07 15:37:14,Normal,Normal,0.4074
2026-01-07 15:37:14,Normal,Normal,0.4074
2026-01-07 15:37:14,RateTamper,Normal,0.3928
2026-01-07 15:37:15,RateTamper,Normal,0.4046
2026-01-07 15:37:15,Normal,Normal,0.4074
2026-01-07 15:37:15,Normal,Normal,0.3957
2026-01-07 15:37:15,RateTamper,Normal,0.3902
2026-01-07 15:37:16,RateTamper,Normal,0.4068
2026-01-07 15:37:16,RateTamper,Normal,0.3961
2026-01-07 15:37:16,Normal,Normal,0.3954
2026-01-07 15:37:16,RateTamper,Normal,0.3957
2026-01-07 15:37:17,Normal,Normal,0.3970
2026-01-07 15:37:17,Normal,Normal,0.4020
2026-01-07 15:37:17,Normal,Normal,0.4039
2026-01-07 15:37:17,Normal,Normal,0.3942
2026-01-07 15:37:17,Normal,Normal,0.4085
2026-01-07 15:37:18,Normal,Normal,0.4074
2026-01-07 15:37:18,Normal,Normal,0.4066
2026-01-07 15:37:18,Normal,Normal,0.3953
2026-01-07 15:37:18,Normal,Normal,0.3938
2026-01-07 15:37:19,RateTamper,Normal,0.4079
2026-01-07 15:37:19,RateTamper,Normal,0.3908
2026-01-07 15:37:19,Normal,Normal,0.4079
2026-01-07 15:37:19,Normal,Normal,0.4079
2026-01-07 15:37:20,RateTamper,Normal,0.4065
2026-01-07 15:37:20,Normal,Normal,0.4040
2026-01-07 15:37:20,RateTamper,Normal,0.4040
2026-01-07 15:37:20,Normal,Normal,0.4040
2026-01-07 15:37:20,Normal,Normal,0.3957
2026-01-07 15:37:21,Normal,Normal,0.4075
2026-01-07 15:37:21,Normal,Normal,0.4040
2026-01-07 15:37:21,Normal,Normal,0.3954
2026-01-07 15:37:21,Normal,Normal,0.3901
2026-01-07 15:37:22,Normal,Normal,0.3902
2026-01-07 15:37:22,Normal,Normal,0.4050
2026-01-07 15:37:22,RateTamper,Normal,0.3901
2026-01-07 15:37:22,RateTamper,Normal,0.3891
2026-01-07 15:37:22,Normal,Normal,0.3968
2026-01-07 15:37:23,Normal,Normal,0.3958
2026-01-07 15:37:23,Normal,Normal,0.3941
2026-01-07 15:37:23,RateTamper,Normal,0.4042
2026-01-07 15:37:23,RateTamper,Normal,0.4078
2026-01-07 15:37:23,Normal,Normal,0.4072
2026-01-07 15:37:24,Normal,Normal,0.3958
2026-01-07 15:37:24,Normal,Normal,0.3971
2026-01-07 15:37:24,Normal,Normal,0.4079
2026-01-07 15:37:24,Normal,Normal,0.4072
2026-01-07 15:37:24,Normal,Normal,0.3941
2026-01-07 15:37:24,Normal,Normal,0.3939
2026-01-07 15:37:24,Normal,Normal,0.4074
2026-01-07 15:37:25,Normal,Normal,0.4045
2026-01-07 15:37:25,Normal,Normal,0.3939
2026-01-07 15:37:25,Normal,Normal,0.3901
2026-01-07 15:37:25,Normal,Normal,0.3958
2026-01-07 15:37:25,Normal,Normal,0.4045
2026-01-07 15:37:26,Normal,Normal,0.4046
2026-01-07 15:37:26,RateTamper,Normal,0.3958
2026-01-07 15:37:26,Normal,Normal,0.3985
2026-01-07 15:37:26,Normal,Normal,0.4066
2026-01-07 15:37:27,Normal,Normal,0.3908
2026-01-07 15:37:27,Normal,Normal,0.3928
2026-01-07 15:37:27,Normal,Normal,0.3958
2026-01-07 15:37:27,RateTamper,Normal,0.4020
2026-01-07 15:37:27,Normal,Normal,0.4067
2026-01-07 15:37:28,RateTamper,Normal,0.3958
2026-01-07 15:37:28,Normal,Normal,0.3954
2026-01-07 15:37:28,RateTamper,Normal,0.4072
2026-01-07 15:37:28,Normal,Normal,0.4071
2026-01-07 15:37:28,RateTamper,Normal,0.3979
2026-01-07 15:37:28,Normal,Normal,0.3957
2026-01-07 15:37:29,Normal,Normal,0.3933
2026-01-07 15:37:29,Normal,Normal,0.3957
2026-01-07 15:37:29,Normal,Normal,0.4066
2026-01-07 15:37:29,Normal,Normal,0.4072
2026-01-07 15:37:29,Normal,Normal,0.4074
2026-01-07 15:37:31,Normal,Normal,0.4063
2026-01-07 15:37:31,RateTamper,Normal,0.3853
2026-01-07 15:37:31,Normal,Normal,0.3971
2026-01-07 15:37:31,Normal,Normal,0.4078
2026-01-07 15:37:31,Normal,Normal,0.4078
2026-01-07 15:37:32,Normal,Normal,0.3958
2026-01-07 15:37:32,Normal,Normal,0.3908
2026-01-07 15:37:32,Normal,Normal,0.4066
2026-01-07 15:37:32,Normal,Normal,0.4078
2026-01-07 15:37:32,Normal,Normal,0.4068
2026-01-07 15:37:32,Normal,Normal,0.4066
2026-01-07 15:37:33,Normal,Normal,0.3977
2026-01-07 15:37:33,Normal,Normal,0.3780
2026-01-07 15:37:33,Normal,Normal,0.3971
2026-01-07 15:37:33,Normal,Normal,0.3966
2026-01-07 15:37:33,Normal,Normal,0.3942
2026-01-07 15:37:34,Normal,Normal,0.4079
2026-01-07 15:37:34,RateTamper,Normal,0.3958
2026-01-07 15:37:34,Normal,Normal,0.4038
2026-01-07 15:37:34,Normal,Normal,0.4079
2026-01-07 15:37:34,RateTamper,Normal,0.4075
2026-01-07 15:37:34,RateTamper,Normal,0.4077
2026-01-07 15:37:34,Normal,Normal,0.4079
2026-01-07 15:37:34,RateTamper,Normal,0.4085
2026-01-07 15:37:35,Normal,Normal,0.3954
2026-01-07 15:37:35,Normal,Normal,0.4079
2026-01-07 15:37:35,Normal,Normal,0.4077
2026-01-07 15:37:35,Replay,Normal,0.4058
2026-01-07 15:37:35,Replay,Normal,0.3971
2026-01-07 15:37:36,Normal,Normal,0.3958
2026-01-07 15:37:36,Normal,Normal,0.4066
2026-01-07 15:37:36,Normal,Normal,0.4079
2026-01-07 15:37:36,Normal,Normal,0.4066
2026-01-07 15:37:37,Normal,Normal,0.3958
2026-01-07 15:37:37,Normal,Normal,0.4068
2026-01-07 15:37:37,Normal,Normal,0.4020
2026-01-07 15:37:38,Normal,Normal,0.4079
2026-01-07 15:37:38,Normal,Normal,0.4020
2026-01-07 15:37:38,Normal,Normal,0.4079
2026-01-07 15:37:38,Normal,Normal,0.4078
2026-01-07 15:37:39,Normal,Normal,0.3958
2026-01-07 15:37:39,Normal,Normal,0.4066
2026-01-07 15:37:39,Normal,Normal,0.4086
2026-01-07 15:37:39,Normal,Normal,0.3958
2026-01-07 15:37:39,Normal,Normal,0.4020
2026-01-07 15:37:39,Normal,Normal,0.4054
2026-01-07 15:37:39,Normal,Normal,0.3925
2026-01-07 15:37:39,Normal,Normal,0.4042
2026-01-07 15:37:40,Normal,Normal,0.3958
2026-01-07 15:37:40,Normal,Normal,0.3942
2026-01-07 15:37:40,Normal,Normal,0.4020
2026-01-07 15:37:40,Normal,Normal,0.4020
2026-01-07 15:37:41,Normal,Normal,0.3870
2026-01-07 15:37:41,Normal,Normal,0.3971
2026-01-07 15:37:41,Normal,Normal,0.4072
2026-01-07 15:37:41,Normal,Normal,0.3961
2026-01-07 15:37:41,Normal,Normal,0.4066
2026-01-07 15:37:42,Normal,Normal,0.3938
2026-01-07 15:37:42,Normal,Normal,0.4074
2026-01-07 15:37:42,Normal,Normal,0.3780
2026-01-07 15:37:42,Normal,Normal,0.4075
2026-01-07 15:37:43,Normal,Normal,0.4074
2026-01-07 15:37:43,Normal,Normal,0.3954
2026-01-07 15:37:43,Normal,Normal,0.3958
2026-01-07 15:37:43,Normal,Normal,0.4074
2026-01-07 15:37:44,Normal,Normal,0.4077
2026-01-07 15:37:44,Normal,Normal,0.4079
2026-01-07 15:37:44,Normal,Normal,0.3952
2026-01-07 15:37:45,Normal,Normal,0.4040
2026-01-07 15:37:45,Normal,Normal,0.3966
2026-01-07 15:37:45,Normal,Normal,0.4078
2026-01-07 15:37:45,Normal,Normal,0.4077
2026-01-07 15:37:45,Replay,Normal,0.4066
2026-01-07 15:37:45,Replay,Normal,0.4077
2026-01-07 15:37:45,Replay,Normal,0.4020
2026-01-07 15:37:45,Replay,Normal,0.4077
2026-01-07 15:37:46,Replay,Normal,0.4079
2026-01-07 15:37:46,Replay,Normal,0.4072
2026-01-07 15:37:46,Normal,Normal,0.3957
2026-01-07 15:37:46,Normal,Normal,0.3938
2026-01-07 15:37:47,Replay,Normal,0.4073
2026-01-07 15:37:47,Replay,Normal,0.3971
2026-01-07 15:37:47,Normal,Normal,0.3958
2026-01-07 15:37:47,Replay,Normal,0.4086
2026-01-07 15:37:47,Normal,Normal,0.4075
2026-01-07 15:37:48,Normal,Normal,0.4079
2026-01-07 15:37:48,Normal,Normal,0.4074
2026-01-07 15:37:48,Normal,Normal,0.3935
2026-01-07 15:37:48,Normal,Normal,0.3958
2026-01-07 15:37:48,Normal,Normal,0.4078
2026-01-07 15:37:49,Replay,Normal,0.4066
2026-01-07 15:37:49,Replay,Normal,0.4073
2026-01-07 15:37:49,Replay,Normal,0.4074
2026-01-07 15:37:49,Replay,Normal,0.4078
2026-01-07 15:37:50,Replay,Normal,0.3889
2026-01-07 15:37:50,Replay,Normal,0.3985
2026-01-07 15:37:50,Normal,Normal,0.4056
2026-01-07 15:37:50,Normal,Normal,0.4066
2026-01-07 15:37:51,Normal,Normal,0.4075
2026-01-07 15:37:51,Replay,Normal,0.4075
2026-01-07 15:37:51,Normal,Normal,0.3885
2026-01-07 15:37:51,Replay,Normal,0.4079
2026-01-07 15:37:52,Normal,Normal,0.3935
2026-01-07 15:37:52,Replay,Normal,0.4079
2026-01-07 15:37:52,Normal,Normal,0.4020
2026-01-07 15:37:52,Normal,Normal,0.3942
2026-01-07 15:37:52,Normal,Normal,0.4066
2026-01-07 15:37:52,Normal,Normal,0.3966
2026-01-07 15:37:52,Normal,Normal,0.4066
2026-01-07 15:37:52,Normal,Normal,0.4077
2026-01-07 15:37:53,Normal,Normal,0.4066
2026-01-07 15:37:53,Normal,Normal,0.3971
2026-01-07 15:37:53,Normal,Normal,0.4077
2026-01-07 15:37:53,Normal,Normal,0.4066
2026-01-07 15:37:54,Normal,Normal,0.3928
2026-01-07 15:37:54,Normal,Normal,0.4079
2026-01-07 15:37:54,Normal,Normal,0.3780
2026-01-07 15:37:54,Normal,Normal,0.3901
2026-01-07 15:37:55,Normal,Normal,0.4079
2026-01-07 15:37:55,Normal,Normal,0.3985
2026-01-07 15:37:55,Normal,Normal,0.4063
2026-01-07 15:37:55,Injection,Normal,0.4078
2026-01-07 15:37:55,Injection,Normal,0.3957
2026-01-07 15:37:55,Normal,Normal,0.4020
2026-01-07 15:37:56,Normal,Normal,0.4066
2026-01-07 15:37:56,Injection,Normal,0.4079
2026-01-07 15:37:56,Normal,Normal,0.3968
2026-01-07 15:37:57,Normal,Normal,0.4078
2026-01-07 15:37:57,Normal,Normal,0.3958
2026-01-07 15:37:57,Normal,Normal,0.3989
2026-01-07 15:37:57,Injection,Normal,0.4038
2026-01-07 15:37:58,Normal,Normal,0.4066
2026-01-07 15:37:58,Normal,Normal,0.3775
2026-01-07 15:37:58,Normal,Normal,0.4072
2026-01-07 15:37:58,Injection,Normal,0.3977
2026-01-07 15:37:58,Normal,Normal,0.4058
2026-01-07 15:37:58,Normal,Normal,0.4075
2026-01-07 15:37:59,Injection,Normal,0.3958
2026-01-07 15:37:59,Normal,Normal,0.4075
2026-01-07 15:37:59,Injection,Normal,0.4072
2026-01-07 15:37:59,Injection,Normal,0.3971
2026-01-07 15:37:59,Normal,Normal,0.3966
2026-01-07 15:37:59,Normal,Normal,0.4078
2026-01-07 15:37:59,Normal,Normal,0.4078
2026-01-07 15:38:00,Normal,Normal,0.4020
2026-01-07 15:38:00,Normal,Normal,0.3971
2026-01-07 15:38:00,Normal,Normal,0.4066
2026-01-07 15:38:00,Normal,Normal,0.3958
2026-01-07 15:38:00,Normal,Normal,0.4079
2026-01-07 15:38:01,Injection,Normal,0.3958
2026-01-07 15:38:01,Injection,Normal,0.4066
2026-01-07 15:38:01,Injection,Normal,0.4075
2026-01-07 15:38:01,Normal,Normal,0.4066
2026-01-07 15:38:02,Normal,Normal,0.3902
2026-01-07 15:38:02,Normal,Normal,0.3958
2026-01-07 15:38:02,Injection,Normal,0.3958
2026-01-07 15:38:02,Injection,Normal,0.4079
2026-01-07 15:38:03,Normal,Normal,0.3958
2026-01-07 15:38:03,Normal,Normal,0.4079
2026-01-07 15:38:03,Normal,Normal,0.4020
2026-01-07 15:38:03,Normal,Normal,0.4066
2026-01-07 15:38:04,Normal,Normal,0.3958
2026-01-07 15:38:04,Injection,Normal,0.4068
2026-01-07 15:38:04,Injection,Normal,0.3961
2026-01-07 15:38:04,Normal,Normal,0.4078
2026-01-07 15:38:05,Normal,Normal,0.4079
2026-01-07 15:38:05,Normal,Normal,0.3977
2026-01-07 15:38:05,Normal,Normal,0.3958
2026-01-07 15:38:05,Normal,Normal,0.4066
2026-01-07 15:38:05,Injection,Normal,0.3958
2026-01-07 15:38:05,Normal,Normal,0.4077
2026-01-07 15:38:05,Normal,Normal,0.4040
2026-01-07 15:38:05,Normal,Normal,0.4077
2026-01-07 15:38:06,Injection,Normal,0.4039
2026-01-07 15:38:06,Normal,Normal,0.3780
2026-01-07 15:38:06,Normal,Normal,0.4078
2026-01-07 15:38:06,Normal,Normal,0.4078
2026-01-07 15:38:07,Normal,Normal,0.3958
2026-01-07 15:38:07,Normal,Normal,0.3900
2026-01-07 15:38:07,Normal,Normal,0.4046
2026-01-07 15:38:07,Normal,Normal,0.3928
2026-01-07 15:38:08,Normal,Normal,0.3908
2026-01-07 15:38:08,Normal,Normal,0.3985
2026-01-07 15:38:08,Injection,Normal,0.3966
2026-01-07 15:38:08,Normal,Normal,0.4020
2026-01-07 15:38:09,Normal,Normal,0.4020
2026-01-07 15:38:09,Normal,Normal,0.4060
2026-01-07 15:38:09,Normal,Normal,0.3889
2026-01-07 15:38:09,Injection,Normal,0.4077
2026-01-07 15:38:09,Normal,Normal,0.4078
2026-01-07 15:38:09,Normal,Normal,0.3961
2026-01-07 15:38:09,Injection,Normal,0.3908
2026-01-07 15:38:10,Normal,Normal,0.4075
2026-01-07 15:38:10,Normal,Normal,0.4072
2026-01-07 15:38:10,Normal,Normal,0.4056
2026-01-07 15:38:10,Normal,Normal,0.4079
2026-01-07 15:38:11,Injection,Normal,0.4066
2026-01-07 15:38:11,Injection,Normal,0.4063
2026-01-07 15:38:11,Injection,Normal,0.4079
2026-01-07 15:38:11,Normal,Normal,0.4056
2026-01-07 15:38:12,Injection,Normal,0.4066
2026-01-07 15:38:12,Normal,Normal,0.3981
2026-01-07 15:38:12,Normal,Normal,0.3958
2026-01-07 15:38:12,Injection,Normal,0.4020
2026-01-07 15:38:12,Normal,Normal,0.3775
2026-01-07 15:38:12,Normal,Normal,0.4079
2026-01-07 15:38:12,Injection,Normal,0.4020
2026-01-07 15:38:13,Injection,Normal,0.4066
2026-01-07 15:38:13,Normal,Normal,0.4075
2026-01-07 15:38:13,Injection,Normal,0.3928
2026-01-07 15:38:13,Normal,Normal,0.3958
2026-01-07 15:38:14,Normal,Normal,0.4046
2026-01-07 15:38:14,Normal,Normal,0.4079
2026-01-07 15:38:14,Normal,Normal,0.4068
2026-01-07 15:38:14,Injection,Normal,0.3957
2026-01-07 15:38:15,Normal,Normal,0.4020
2026-01-07 15:38:15,Normal,Normal,0.3957
2026-01-07 15:38:15,Normal,Normal,0.3953
2026-01-07 15:38:15,Normal,Normal,0.3961
2026-01-07 15:38:15,Normal,Normal,0.4068
2026-01-07 15:38:15,Normal,Normal,0.4068
2026-01-07 15:38:16,Normal,Normal,0.4068
2026-01-07 15:38:16,Normal,Normal,0.4066
2026-01-07 15:38:16,Normal,Normal,0.4086
2026-01-07 15:38:16,Normal,Normal,0.4075
2026-01-07 15:38:16,Normal,Normal,0.4078
2026-01-07 15:38:17,Normal,Normal,0.4072
2026-01-07 15:38:17,Normal,Normal,0.4075
2026-01-07 15:38:17,Normal,Normal,0.3908
2026-01-07 15:38:17,Normal,Normal,0.3881
2026-01-07 15:38:17,Normal,Normal,0.3966
2026-01-07 15:38:18,Normal,Normal,0.4066
2026-01-07 15:38:18,Normal,Normal,0.3970
2026-01-07 15:38:18,Normal,Normal,0.3870
2026-01-07 15:38:19,Normal,Normal,0.4077
2026-01-07 15:38:19,Normal,Normal,0.4086
2026-01-07 15:38:19,Normal,Normal,0.4063
2026-01-07 15:38:19,Normal,Normal,0.4067
2026-01-07 15:38:19,Normal,Normal,0.4075
2026-01-07 15:38:19,Normal,Normal,0.4074
2026-01-07 15:38:19,Normal,Normal,0.4075
2026-01-07 15:38:20,Normal,Normal,0.4077
2026-01-07 15:38:20,Normal,Normal,0.4078
2026-01-07 15:38:20,Normal,Normal,0.4046
2026-01-07 15:38:20,Normal,Normal,0.4079
2026-01-07 15:38:21,Normal,Normal,0.3942
2026-01-07 15:38:21,Normal,Normal,0.4020
2026-01-07 15:38:21,Normal,Normal,0.3853
2026-01-07 15:38:22,Normal,Normal,0.4020
2026-01-07 15:38:22,Normal,Normal,0.4075
2026-01-07 15:38:22,Normal,Normal,0.4075
2026-01-07 15:38:22,Normal,Normal,0.3971
2026-01-07 15:38:22,Normal,Normal,0.4020
2026-01-07 15:38:22,Normal,Normal,0.4038
2026-01-07 15:38:22,Normal,Normal,0.4072
2026-01-07 15:38:23,Normal,Normal,0.3985
2026-01-07 15:38:23,Normal,Normal,0.4066
2026-01-07 15:38:23,Normal,Normal,0.4045
2026-01-07 15:38:23,Normal,Normal,0.3989
2026-01-07 15:38:24,Normal,Normal,0.4077
2026-01-07 15:38:24,Normal,Normal,0.3961
2026-01-07 15:38:24,Normal,Normal,0.3958
2026-01-07 15:38:24,Normal,Normal,0.4066
2026-01-07 15:38:25,Normal,Normal,0.4072
2026-01-07 15:38:25,Normal,Normal,0.4020
2026-01-07 15:38:25,Normal,Normal,0.3958
2026-01-07 15:38:25,Normal,Normal,0.4078
2026-01-07 15:38:25,Normal,Normal,0.3970
2026-01-07 15:38:25,Normal,Normal,0.3924
2026-01-07 15:38:26,Normal,Normal,0.3942
2026-01-07 15:38:26,Normal,Normal,0.3958
2026-01-07 15:38:26,Normal,Normal,0.3908
2026-01-07 15:38:26,Normal,Normal,0.4074
2026-01-07 15:38:27,Normal,Normal,0.3933
2026-01-07 15:38:27,Normal,Normal,0.4072
2026-01-07 15:38:27,Normal,Normal,0.4045
2026-01-07 15:38:27,Normal,Normal,0.4020
2026-01-07 15:38:27,Normal,Normal,0.4066
2026-01-07 15:38:27,Normal,Normal,0.3953
2026-01-07 15:38:28,Normal,Normal,0.4066
2026-01-07 15:38:28,Normal,Normal,0.4077
2026-01-07 15:38:28,Normal,Normal,0.3958
2026-01-07 15:38:29,Normal,Normal,0.4078
2026-01-07 15:38:29,Normal,Normal,0.3879
2026-01-07 15:38:29,Normal,Normal,0.4054
2026-01-07 15:38:29,Normal,Normal,0.4068
2026-01-07 15:38:29,Normal,Normal,0.4078
2026-01-07 15:38:29,Normal,Normal,0.3985
2026-01-07 15:38:29,Normal,Normal,0.4068
2026-01-07 15:38:30,Normal,Normal,0.4046
2026-01-07 15:38:30,Normal,Normal,0.3938
2026-01-07 15:38:30,Normal,Normal,0.4068
2026-01-07 15:38:31,Normal,Normal,0.3958
2026-01-07 15:38:31,Normal,Normal,0.4058
2026-01-07 15:38:31,Normal,Normal,0.4086
2026-01-07 15:38:31,Normal,Normal,0.4071
2026-01-07 15:38:32,Normal,Normal,0.4020
2026-01-07 15:38:32,Normal,Normal,0.3928
2026-01-07 15:38:32,Normal,Normal,0.3928
2026-01-07 15:38:32,Normal,Normal,0.3966
2026-01-07 15:38:32,Normal,Normal,0.3928
2026-01-07 15:38:32,Normal,Normal,0.4072
2026-01-07 15:38:32,Normal,Normal,0.3957
2026-01-07 15:38:33,Normal,Normal,0.4079
2026-01-07 15:38:33,Normal,Normal,0.3966
2026-01-07 15:38:33,Normal,Normal,0.3942
2026-01-07 15:38:33,Normal,Normal,0.4066
2026-01-07 15:38:34,Normal,Normal,0.3933
2026-01-07 15:38:34,Normal,Normal,0.4079
2026-01-07 15:38:34,Normal,Normal,0.3981
2026-01-07 15:38:34,Normal,Normal,0.3901
2026-01-07 15:38:35,Normal,Normal,0.4045
2026-01-07 15:38:35,Normal,Normal,0.3973
2026-01-07 15:38:35,Normal,Normal,0.3971
2026-01-07 15:38:35,Normal,Normal,0.4075
2026-01-07 15:38:36,Normal,Normal,0.4079
2026-01-07 15:38:36,Normal,Normal,0.3958
2026-01-07 15:38:36,Normal,Normal,0.4050
2026-01-07 15:38:36,Normal,Normal,0.4039
2026-01-07 15:38:37,Normal,Normal,0.3961
2026-01-07 15:38:37,Normal,Normal,0.4045
2026-01-07 15:38:37,Normal,Normal,0.4071
2026-01-07 15:38:37,Normal,Normal,0.3958
2026-01-07 15:38:37,Normal,Normal,0.4074
2026-01-07 15:38:37,Normal,Normal,0.3908
2026-01-07 15:38:37,Normal,Normal,0.4066
2026-01-07 15:38:37,Normal,Normal,0.3780
2026-01-07 15:38:38,Normal,Normal,0.3875
2026-01-07 15:38:38,Normal,Normal,0.4078
2026-01-07 15:38:38,Normal,Normal,0.4039
2026-01-07 15:38:38,Normal,Normal,0.4085
2026-01-07 15:38:39,Normal,Normal,0.4039
2026-01-07 15:38:39,Normal,Normal,0.3933
2026-01-07 15:38:39,Normal,Normal,0.4074
2026-01-07 15:38:39,Normal,Normal,0.3885
2026-01-07 15:38:40,Normal,Normal,0.3954
2026-01-07 15:38:40,Normal,Normal,0.3928
2026-01-07 15:38:40,Normal,Normal,0.3958
2026-01-07 15:38:40,Normal,Normal,0.3958
2026-01-07 15:38:40,Normal,Normal,0.3942
2026-01-07 15:38:40,Normal,Normal,0.4071
2026-01-07 15:38:40,Normal,Normal,0.3957
2026-01-07 15:38:41,Normal,Normal,0.4020
2026-01-07 15:38:41,Normal,Normal,0.4072
2026-01-07 15:38:41,Normal,Normal,0.3985
2026-01-07 15:38:41,Normal,Normal,0.3958
2026-01-07 15:38:42,Normal,Normal,0.4060
2026-01-07 15:38:42,Normal,Normal,0.4075
2026-01-07 15:38:42,Normal,Normal,0.4040
2026-01-07 15:38:42,Normal,Normal,0.3958
2026-01-07 15:43:50,Normal,Normal,0.4066
2026-01-07 15:43:50,Normal,Normal,0.4038
2026-01-07 15:43:50,Normal,Normal,0.3908
2026-01-07 15:43:50,Normal,Normal,0.3938
2026-01-07 15:43:51,Normal,Normal,0.3970
2026-01-07 15:43:51,Normal,Normal,0.3908
2026-01-07 15:43:51,Normal,Normal,0.4079
2026-01-07 15:43:52,Normal,Normal,0.3775
2026-01-07 15:43:52,Normal,Normal,0.4075
2026-01-07 15:43:52,Normal,Normal,0.3958
2026-01-07 15:43:52,Normal,Normal,0.4060
2026-01-07 15:43:52,Normal,Normal,0.3958
2026-01-07 15:43:52,Normal,Normal,0.3958
2026-01-07 15:43:53,Normal,Normal,0.4066
2026-01-07 15:43:53,Normal,Normal,0.4066
2026-01-07 15:43:53,Normal,Normal,0.4074
2026-01-07 15:43:53,Normal,Normal,0.3958
2026-01-07 15:43:53,Normal,Normal,0.4079
2026-01-07 15:43:53,Normal,Normal,0.4079
2026-01-07 15:43:54,Normal,Normal,0.3958
2026-01-07 15:43:54,Normal,Normal,0.4079
2026-01-07 15:43:54,Normal,Normal,0.4060
2026-01-07 15:43:54,Normal,Normal,0.4075
2026-01-07 15:43:55,Normal,Normal,0.4078
2026-01-07 15:43:55,Normal,Normal,0.4068
2026-01-07 15:43:55,Normal,Normal,0.3924
2026-01-07 15:43:55,Normal,Normal,0.3901
2026-01-07 15:43:55,Normal,Normal,0.4072
2026-01-07 15:43:56,Normal,Normal,0.4071
2026-01-07 15:43:56,Normal,Normal,0.4045
2026-01-07 15:43:56,Normal,Normal,0.3978
2026-01-07 15:43:56,Normal,Normal,0.4071
2026-01-07 15:43:57,Normal,Normal,0.4046
2026-01-07 15:43:57,Normal,Normal,0.3958
2026-01-07 15:43:57,Normal,Normal,0.3958
2026-01-07 15:43:57,Normal,Normal,0.4066
2026-01-07 15:43:57,Normal,Normal,0.3966
2026-01-07 15:43:58,Normal,Normal,0.4074
2026-01-07 15:43:58,Normal,Normal,0.4020
2026-01-07 15:43:58,Normal,Normal,0.4020
2026-01-07 15:43:58,Normal,Normal,0.3876
2026-01-07 15:43:58,Normal,Normal,0.4079
2026-01-07 15:43:59,Normal,Normal,0.4020
2026-01-07 15:43:59,Normal,Normal,0.4020
2026-01-07 15:43:59,Normal,Normal,0.4040
2026-01-07 15:43:59,Normal,Normal,0.3958
2026-01-07 15:43:59,Normal,Normal,0.3957
2026-01-07 15:43:59,Normal,Normal,0.3958
2026-01-07 15:44:00,Normal,Normal,0.3953
2026-01-07 15:44:00,Normal,Normal,0.3901
2026-01-07 15:44:00,Normal,Normal,0.4068
2026-01-07 15:44:00,Normal,Normal,0.4074
2026-01-07 15:44:01,Normal,Normal,0.3977
2026-01-07 15:44:01,Normal,Normal,0.3942
2026-01-07 15:44:01,Normal,Normal,0.4072
2026-01-07 15:44:01,Normal,Normal,0.4072
2026-01-07 15:44:01,Normal,Normal,0.3908
2026-01-07 15:44:02,Normal,Normal,0.3881
2026-01-07 15:44:02,Normal,Normal,0.4066
2026-01-07 15:44:02,Normal,Normal,0.4072
2026-01-07 15:44:02,Normal,Normal,0.3780
2026-01-07 15:44:02,Normal,Normal,0.3957
2026-01-07 15:44:03,Normal,Normal,0.3958
2026-01-07 15:44:03,Normal,Normal,0.3901
2026-01-07 15:44:03,Normal,Normal,0.3958
2026-01-07 15:44:03,Normal,Normal,0.4066
2026-01-07 15:44:04,Normal,Normal,0.4072
2026-01-07 15:44:04,Normal,Normal,0.3901
2026-01-07 15:44:04,Normal,Normal,0.4020
2026-01-07 15:44:04,Normal,Normal,0.4054
2026-01-07 15:44:04,Normal,Normal,0.4068
2026-01-07 15:44:05,Normal,Normal,0.4063
2026-01-07 15:44:05,Normal,Normal,0.3971
2026-01-07 15:44:05,Normal,Normal,0.3953
2026-01-07 15:44:05,Normal,Normal,0.4075
2026-01-07 15:44:05,Normal,Normal,0.4072
2026-01-07 15:44:05,Normal,Normal,0.3942
2026-01-07 15:44:06,Normal,Normal,0.3966
2026-01-07 15:44:06,Normal,Normal,0.3981
2026-01-07 15:44:06,Normal,Normal,0.3989
2026-01-07 15:44:07,Normal,Normal,0.4066
2026-01-07 15:44:07,Normal,Normal,0.4073
2026-01-07 15:44:07,Normal,Normal,0.3966
2026-01-07 15:44:07,Normal,Normal,0.3928
2026-01-07 15:44:07,Normal,Normal,0.4060
2026-01-07 15:44:08,Normal,Normal,0.4078
2026-01-07 15:44:08,Normal,Normal,0.3900
2026-01-07 15:44:08,Normal,Normal,0.3924
2026-01-07 15:44:08,Normal,Normal,0.3966
2026-01-07 15:44:08,Normal,Normal,0.4066
2026-01-07 15:44:09,Normal,Normal,0.4075
2026-01-07 15:44:09,Normal,Normal,0.3953
2026-01-07 15:44:09,Normal,Normal,0.4066
2026-01-07 15:44:09,Normal,Normal,0.3966
2026-01-07 15:44:10,Normal,Normal,0.4079
2026-01-07 15:44:10,Normal,Normal,0.4071
2026-01-07 15:44:10,RateTamper,Normal,0.4079
2026-01-07 15:44:10,RateTamper,Normal,0.3900
2026-01-07 15:44:10,RateTamper,Normal,0.4045
2026-01-07 15:44:11,RateTamper,Normal,0.3961
2026-01-07 15:44:11,RateTamper,Normal,0.4020
2026-01-07 15:44:11,RateTamper,Normal,0.3957
2026-01-07 15:44:11,RateTamper,Normal,0.3876
2026-01-07 15:44:11,RateTamper,Normal,0.4074
2026-01-07 15:44:11,RateTamper,Normal,0.3958
2026-01-07 15:44:12,Normal,Normal,0.4077
2026-01-07 15:44:12,Normal,Normal,0.3958
2026-01-07 15:44:12,Normal,Normal,0.3958
2026-01-07 15:44:12,Normal,Normal,0.4066
2026-01-07 15:44:12,Normal,Normal,0.4079
2026-01-07 15:44:13,Normal,Normal,0.3928
2026-01-07 15:44:13,Normal,Normal,0.4065
2026-01-07 15:44:13,Normal,Normal,0.4077
2026-01-07 15:44:13,Normal,Normal,0.3901
2026-01-07 15:44:14,Normal,Normal,0.4078
2026-01-07 15:44:14,Normal,Normal,0.3879
2026-01-07 15:44:14,Normal,Normal,0.3968
2026-01-07 15:44:14,Normal,Normal,0.4066
2026-01-07 15:44:14,Normal,Normal,0.4077
2026-01-07 15:44:15,RateTamper,Normal,0.4066
2026-01-07 15:44:15,RateTamper,Normal,0.4045
2026-01-07 15:44:15,RateTamper,Normal,0.3958
2026-01-07 15:44:15,RateTamper,Normal,0.4074
2026-01-07 15:44:16,RateTamper,Normal,0.4072
2026-01-07 15:44:16,RateTamper,Normal,0.4079
2026-01-07 15:44:16,RateTamper,Normal,0.3901
2026-01-07 15:44:16,RateTamper,Normal,0.4066
2026-01-07 15:44:16,RateTamper,Normal,0.4040
2026-01-07 15:44:16,RateTamper,Normal,0.4068
2026-01-07 15:44:17,RateTamper,Normal,0.4020
2026-01-07 15:44:17,RateTamper,Normal,0.4020
2026-01-07 15:44:17,RateTamper,Normal,0.3985
2026-01-07 15:44:17,RateTamper,Normal,0.3942
2026-01-07 15:44:17,RateTamper,Normal,0.3971
2026-01-07 15:44:18,Normal,Normal,0.4075
2026-01-07 15:44:18,Normal,Normal,0.4074
2026-01-07 15:44:18,RateTamper,Normal,0.4079
2026-01-07 15:44:19,Normal,Normal,0.4020
2026-01-07 15:44:19,RateTamper,Normal,0.3952
2026-01-07 15:44:19,RateTamper,Normal,0.4072
2026-01-07 15:44:19,RateTamper,Normal,0.3876
2026-01-07 15:44:19,RateTamper,Normal,0.4072
2026-01-07 15:44:19,RateTamper,Normal,0.3958
2026-01-07 15:44:19,RateTamper,Normal,0.3958
2026-01-07 15:44:20,RateTamper,Normal,0.3879
2026-01-07 15:44:20,RateTamper,Normal,0.3958
2026-01-07 15:44:20,RateTamper,Normal,0.3958
2026-01-07 15:44:20,RateTamper,Normal,0.4078
2026-01-07 15:44:21,RateTamper,Normal,0.4074
2026-01-07 15:44:21,RateTamper,Normal,0.3961
2026-01-07 15:44:21,RateTamper,Normal,0.4074
2026-01-07 15:44:22,RateTamper,Normal,0.3942
2026-01-07 15:44:22,RateTamper,Normal,0.4067
2026-01-07 15:44:22,RateTamper,Normal,0.3901
2026-01-07 15:44:22,RateTamper,Normal,0.3958
2026-01-07 15:44:22,RateTamper,Normal,0.3928
2026-01-07 15:44:22,RateTamper,Normal,0.3989
2026-01-07 15:44:22,RateTamper,Normal,0.3925
2026-01-07 15:44:23,RateTamper,Normal,0.4066
2026-01-07 15:44:23,RateTamper,Normal,0.4040
2026-01-07 15:44:23,RateTamper,Normal,0.3958
2026-01-07 15:44:23,RateTamper,Normal,0.4056
2026-01-07 15:44:23,RateTamper,Normal,0.3924
2026-01-07 15:44:24,RateTamper,Normal,0.3957
2026-01-07 15:44:24,RateTamper,Normal,0.4075
2026-01-07 15:44:24,Normal,Normal,0.4020
2026-01-07 15:44:24,Normal,Normal,0.3958
2026-01-07 15:44:25,Normal,Normal,0.4020
2026-01-07 15:44:25,Normal,Normal,0.4066
2026-01-07 15:44:25,Normal,Normal,0.4046
2026-01-07 15:44:25,Normal,Normal,0.4068
2026-01-07 15:44:25,Normal,Normal,0.3775
2026-01-07 15:44:26,Normal,Normal,0.3958
2026-01-07 15:44:26,Normal,Normal,0.3981
2026-01-07 15:44:26,Normal,Normal,0.4079
2026-01-07 15:44:26,Normal,Normal,0.4077
2026-01-07 15:44:26,Normal,Normal,0.4068
2026-01-07 15:44:27,Normal,Normal,0.3908
2026-01-07 15:44:27,Normal,Normal,0.3958
2026-01-07 15:44:27,Normal,Normal,0.4074
2026-01-07 15:44:27,Normal,Normal,0.3958
2026-01-07 15:44:28,Normal,Normal,0.3954
2026-01-07 15:44:28,Normal,Normal,0.3942
2026-01-07 15:44:28,Normal,Normal,0.3958
2026-01-07 15:44:28,Normal,Normal,0.3971
2026-01-07 15:44:28,Injection,Normal,0.3968
2026-01-07 15:44:29,Injection,Normal,0.4045
2026-01-07 15:44:29,Injection,Normal,0.3977
2026-01-07 15:44:29,Injection,Normal,0.3908
2026-01-07 15:44:29,Injection,Normal,0.3977
2026-01-07 15:44:29,Injection,Normal,0.4066
2026-01-07 15:44:29,Injection,Normal,0.4078
2026-01-07 15:44:30,Injection,Normal,0.3979
2026-01-07 15:44:30,Injection,Normal,0.3928
2026-01-07 15:44:30,Normal,Normal,0.4071
2026-01-07 15:44:31,Normal,Normal,0.3958
2026-01-07 15:44:31,Injection,Normal,0.3966
2026-01-07 15:44:31,Injection,Normal,0.3958
2026-01-07 15:44:31,Normal,Normal,0.3966
2026-01-07 15:44:31,Injection,Normal,0.3966
2026-01-07 15:44:32,Normal,Normal,0.4020
2026-01-07 15:44:32,Normal,Normal,0.4020
2026-01-07 15:44:32,Injection,Normal,0.4020
2026-01-07 15:44:32,Normal,Normal,0.3966
2026-01-07 15:44:32,Injection,Normal,0.3958
2026-01-07 15:44:33,Normal,Normal,0.3958
2026-01-07 15:44:33,Normal,Normal,0.3958
2026-01-07 15:44:33,Normal,Normal,0.4068
2026-01-07 15:44:33,Injection,Normal,0.4072
2026-01-07 15:44:33,Normal,Normal,0.3958
2026-01-07 15:44:33,Injection,Normal,0.3968
2026-01-07 15:44:34,Injection,Normal,0.3958
2026-01-07 15:44:34,Injection,Normal,0.4066
2026-01-07 15:44:34,Injection,Normal,0.4020
2026-01-07 15:44:34,Injection,Normal,0.3958
2026-01-07 15:44:34,Normal,Normal,0.4056
2026-01-07 15:44:34,Normal,Normal,0.4038
2026-01-07 15:44:35,Injection,Normal,0.3881
2026-01-07 15:44:35,Injection,Normal,0.4077
2026-01-07 15:44:36,Normal,Normal,0.3958
2026-01-07 15:44:36,Normal,Normal,0.3989
2026-01-07 15:44:36,Injection,Normal,0.4068
2026-01-07 15:44:36,Injection,Normal,0.4078
2026-01-07 15:44:36,Injection,Normal,0.3957
2026-01-07 15:44:36,Normal,Normal,0.4066
2026-01-07 15:44:37,Injection,Normal,0.4020
2026-01-07 15:44:37,Injection,Normal,0.3942
2026-01-07 15:44:37,Injection,Normal,0.4072
2026-01-07 15:44:37,Injection,Normal,0.4071
2026-01-07 15:44:37,Injection,Normal,0.4066
2026-01-07 15:44:38,Normal,Normal,0.4071
2026-01-07 15:44:38,Normal,Normal,0.4066
2026-01-07 15:44:38,Normal,Normal,0.3942
2026-01-07 15:44:38,Normal,Normal,0.3953
2026-01-07 15:44:38,Normal,Normal,0.4068
2026-01-07 15:44:38,Normal,Normal,0.3780
2026-01-07 15:44:39,Normal,Normal,0.3928
2026-01-07 15:44:39,Normal,Normal,0.4039
2026-01-07 15:44:40,Normal,Normal,0.3961
2026-01-07 15:44:40,Normal,Normal,0.3775
2026-01-07 15:44:40,Injection,Normal,0.4079
2026-01-07 15:44:40,Normal,Normal,0.4057
2026-01-07 15:44:40,Injection,Normal,0.3925
2026-01-07 15:44:40,Injection,Normal,0.3952
2026-01-07 15:44:41,Normal,Normal,0.4086
2026-01-07 15:44:41,Injection,Normal,0.4068
2026-01-07 15:44:41,Normal,Normal,0.4038
2026-01-07 15:44:41,Injection,Normal,0.3981
2026-01-07 15:44:41,Normal,Normal,0.3958
2026-01-07 15:44:42,Injection,Normal,0.4020
2026-01-07 15:44:42,Injection,Normal,0.4057
2026-01-07 15:44:42,Normal,Normal,0.4020
2026-01-07 15:44:42,Injection,Normal,0.4085
2026-01-07 15:44:42,Injection,Normal,0.4075
2026-01-07 15:44:43,Injection,Normal,0.4066
2026-01-07 15:44:43,Injection,Normal,0.3941
2026-01-07 15:44:43,Normal,Normal,0.4020
2026-01-07 15:44:43,Injection,Normal,0.3924
2026-01-07 15:44:43,Injection,Normal,0.3853
2026-01-07 15:44:43,Injection,Normal,0.3942
2026-01-07 15:44:44,Normal,Normal,0.3870
2026-01-07 15:44:44,Normal,Normal,0.4065
2026-01-07 15:44:45,Injection,Normal,0.4066
2026-01-07 15:44:45,Normal,Normal,0.3958
2026-01-07 15:44:45,Injection,Normal,0.4075
2026-01-07 15:44:45,Injection,Normal,0.3958
2026-01-07 15:44:45,Injection,Normal,0.4041
2026-01-07 15:44:45,Injection,Normal,0.4072
2026-01-07 15:44:46,Injection,Normal,0.4068
2026-01-07 15:44:46,Injection,Normal,0.3971
2026-01-07 15:44:46,Normal,Normal,0.4079
2026-01-07 15:44:46,Normal,Normal,0.4078
2026-01-07 15:44:46,Injection,Normal,0.4074
2026-01-07 15:44:47,Normal,Normal,0.3958
2026-01-07 15:44:47,Injection,Normal,0.4066
2026-01-07 15:44:47,Normal,Normal,0.4071
2026-01-07 15:44:47,Injection,Normal,0.3958
2026-01-07 15:44:47,Normal,Normal,0.3958
2026-01-07 15:44:48,Injection,Normal,0.4074
2026-01-07 15:44:48,Injection,Normal,0.4020
2026-01-07 15:44:48,Normal,Normal,0.4068
2026-01-07 15:44:48,Normal,Normal,0.4074
2026-01-07 15:44:48,Injection,Normal,0.4066
2026-01-07 15:44:48,Normal,Normal,0.3876
2026-01-07 15:44:49,Injection,Normal,0.4072
2026-01-07 15:44:49,Normal,Normal,0.3958
2026-01-07 15:44:49,Injection,Normal,0.4066
2026-01-07 15:44:50,Injection,Normal,0.4077
2026-01-07 15:44:50,Injection,Normal,0.3908
2026-01-07 15:44:50,Injection,Normal,0.4039
2026-01-07 15:44:50,Injection,Normal,0.4020
2026-01-07 15:44:50,Normal,Normal,0.3928
2026-01-07 15:44:51,Injection,Normal,0.4072
2026-01-07 15:44:51,Injection,Normal,0.4072
2026-01-07 15:44:51,Normal,Normal,0.4072
2026-01-07 15:44:51,Normal,Normal,0.3942
2026-01-07 15:44:51,Injection,Normal,0.3958
2026-01-07 15:44:51,Normal,Normal,0.4020
2026-01-07 15:44:52,Normal,Normal,0.3958
2026-01-07 15:44:52,Normal,Normal,0.3958
2026-01-07 15:44:52,Injection,Normal,0.4066
2026-01-07 15:44:52,Normal,Normal,0.3961
2026-01-07 15:44:52,Injection,Normal,0.3978
2026-01-07 15:44:53,Injection,Normal,0.4066
2026-01-07 15:44:53,Normal,Normal,0.3958
2026-01-07 15:44:53,Normal,Normal,0.3971
2026-01-07 15:44:53,Normal,Normal,0.3901
2026-01-07 15:44:54,Normal,Normal,0.4085
2026-01-07 15:44:54,Injection,Normal,0.3989
2026-01-07 15:44:54,Injection,Normal,0.3966
2026-01-07 15:44:54,Normal,Normal,0.3958
2026-01-07 15:44:55,Normal,Normal,0.3978
2026-01-07 15:44:55,Normal,Normal,0.3875
2026-01-07 15:44:55,Injection,Normal,0.4068
2026-01-07 15:44:55,Normal,Normal,0.4086
2026-01-07 15:44:55,Injection,Normal,0.3957
2026-01-07 15:44:56,Normal,Normal,0.4072
2026-01-07 15:44:56,Injection,Normal,0.4068
2026-01-07 15:44:56,Injection,Normal,0.4074
2026-01-07 15:44:56,Normal,Normal,0.4020
2026-01-07 15:44:56,Normal,Normal,0.4075
2026-01-07 15:44:57,Injection,Normal,0.3928
2026-01-07 15:44:57,Injection,Normal,0.3958
2026-01-07 15:44:57,Normal,Normal,0.4068
2026-01-07 15:44:57,Injection,Normal,0.3853
2026-01-07 15:44:57,Injection,Normal,0.3908
2026-01-07 15:44:57,Injection,Normal,0.4068
2026-01-07 15:44:58,Injection,Normal,0.3958
2026-01-07 15:44:58,Injection,Normal,0.4066
2026-01-07 15:44:58,Injection,Normal,0.3958
2026-01-07 15:44:58,Injection,Normal,0.4079
2026-01-07 15:44:59,Injection,Normal,0.3989
2026-01-07 15:44:59,Injection,Normal,0.4079
2026-01-07 15:44:59,Injection,Normal,0.4086
2026-01-07 15:44:59,Injection,Normal,0.4020
2026-01-07 15:44:59,Injection,Normal,0.3953
2026-01-07 15:45:00,Injection,Normal,0.3958
2026-01-07 15:45:00,Injection,Normal,0.3958
2026-01-07 15:45:00,Injection,Normal,0.3961
2026-01-07 15:45:00,Injection,Normal,0.4079
2026-01-07 15:45:01,Injection,Normal,0.4074
2026-01-07 15:45:01,Injection,Normal,0.3958
2026-01-07 15:45:01,Injection,Normal,0.4079
2026-01-07 15:45:01,Normal,Normal,0.4045
2026-01-07 15:45:01,Normal,Normal,0.3989
2026-01-07 15:45:01,Normal,Normal,0.3958
2026-01-07 15:45:02,Normal,Normal,0.3957
2026-01-07 15:45:02,Normal,Normal,0.3941
2026-01-07 15:45:02,Replay,Normal,0.4073
2026-01-07 15:45:02,Replay,Normal,0.4020
2026-01-07 15:45:03,Replay,Normal,0.3958
2026-01-07 15:45:03,Replay,Normal,0.3875
2026-01-07 15:45:03,Replay,Normal,0.4039
2026-01-07 15:45:03,Replay,Normal,0.3971
2026-01-07 15:45:03,Replay,Normal,0.4075
2026-01-07 15:45:03,Replay,Normal,0.3900
2026-01-07 15:45:04,Replay,Normal,0.3958
2026-01-07 15:45:04,Normal,Normal,0.3981
2026-01-07 15:45:04,Normal,Normal,0.4020
2026-01-07 15:45:04,Replay,Normal,0.4068
2026-01-07 15:45:04,Normal,Normal,0.4072
2026-01-07 15:45:05,Normal,Normal,0.4020
2026-01-07 15:45:05,Replay,Normal,0.3958
2026-01-07 15:45:05,Replay,Normal,0.3958
2026-01-07 15:45:06,Normal,Normal,0.4085
2026-01-07 15:45:06,Replay,Normal,0.3966
2026-01-07 15:45:06,Replay,Normal,0.4072
2026-01-07 15:45:06,Replay,Normal,0.4068
2026-01-07 15:45:06,Replay,Normal,0.3957
2026-01-07 15:45:06,Replay,Normal,0.4079
2026-01-07 15:45:07,Replay,Normal,0.4045
2026-01-07 15:45:07,Normal,Normal,0.3958
2026-01-07 15:45:07,Replay,Normal,0.3942
2026-01-07 15:45:07,Replay,Normal,0.3908
2026-01-07 15:45:07,Replay,Normal,0.3928
2026-01-07 15:45:08,ARP,ARP Spoofing,0.4021
2026-01-07 15:45:08,ARP,ARP Spoofing,0.4021
2026-01-07 15:45:08,ARP,ARP Spoofing,0.3849
2026-01-07 15:45:08,ARP,ARP Spoofing,0.4021
2026-01-07 15:45:09,ARP,ARP Spoofing,0.4021
2026-01-07 15:45:09,ARP,ARP Spoofing,0.4021
2026-01-07 15:45:09,ARP,ARP Spoofing,0.3879
2026-01-07 15:45:09,ARP,ARP Spoofing,0.3849
2026-01-07 15:45:09,ARP,ARP Spoofing,0.3879
2026-01-07 15:45:09,ARP,ARP Spoofing,0.4021
2026-01-07 15:45:10,ARP,ARP Spoofing,0.4021
2026-01-07 15:45:10,ARP,ARP Spoofing,0.3888
2026-01-07 15:45:10,ARP,ARP Spoofing,0.3849
2026-01-07 15:45:10,ARP,ARP Spoofing,0.3849
2026-01-07 15:45:11,ARP,ARP Spoofing,0.4021
2026-01-07 15:45:11,ARP,ARP Spoofing,0.3663
2026-01-07 15:45:11,ARP,ARP Spoofing,0.3879
2026-01-07 15:45:11,Normal,ARP Spoofing,0.3879
2026-01-07 15:45:11,Normal,ARP Spoofing,0.4021
2026-01-07 15:45:11,ARP,ARP Spoofing,0.4021
2026-01-07 15:45:12,Normal,ARP Spoofing,0.3879
2026-01-07 15:45:12,ARP,ARP Spoofing,0.4021
2026-01-07 15:45:12,Normal,ARP Spoofing,0.4021
2026-01-07 15:45:13,ARP,ARP Spoofing,0.3879
2026-01-07 15:45:13,Normal,ARP Spoofing,0.3879
2026-01-07 15:45:13,ARP,ARP Spoofing,0.4021
2026-01-07 15:45:13,ARP,ARP Spoofing,0.3879
2026-01-07 15:45:13,ARP,ARP Spoofing,0.3849
2026-01-07 15:45:13,Normal,ARP Spoofing,0.3879
2026-01-07 15:45:14,Normal,ARP Spoofing,0.3879
2026-01-07 15:45:14,Normal,ARP Spoofing,0.3888
2026-01-07 15:45:14,Normal,Smurf,0.4012
2026-01-07 15:45:14,Normal,Smurf,0.4012
2026-01-07 15:45:15,Smurf,Smurf,0.4012
2026-01-07 15:45:15,Smurf,Smurf,0.4012
2026-01-07 15:45:15,Smurf,Smurf,0.4012
2026-01-07 15:45:15,Normal,Smurf,0.4012
2026-01-07 15:45:15,Normal,Smurf,0.4012
2026-01-07 15:45:15,Smurf,Smurf,0.4012
2026-01-07 15:45:16,Smurf,Smurf,0.4012
2026-01-07 15:45:16,Smurf,Smurf,0.4012
2026-01-07 15:45:16,Smurf,Smurf,0.4012
2026-01-07 15:45:17,Smurf,Smurf,0.4012
2026-01-07 15:45:17,Normal,Smurf,0.4012
2026-01-07 15:45:17,Normal,Smurf,0.4012
2026-01-07 15:45:17,Smurf,Smurf,0.4012
2026-01-07 15:45:17,Normal,Smurf,0.4012
2026-01-07 15:45:17,Normal,Smurf,0.4012
2026-01-07 15:45:18,Smurf,Smurf,0.4012
2026-01-07 15:45:18,Smurf,Smurf,0.4012
2026-01-07 15:45:18,Smurf,Smurf,0.4012
2026-01-07 15:45:18,Normal,Smurf,0.4012
2026-01-07 15:45:18,Normal,Smurf,0.4012
2026-01-07 15:45:18,Smurf,Smurf,0.4012
2026-01-07 15:45:19,Smurf,Smurf,0.4012
2026-01-07 15:45:19,Normal,Smurf,0.4012
2026-01-07 15:45:19,Normal,Smurf,0.4012
2026-01-07 15:45:20,Normal,Smurf,0.4012
2026-01-07 15:45:20,Normal,Smurf,0.4012
2026-01-07 15:45:20,Smurf,Smurf,0.4012
2026-01-07 15:45:20,Smurf,Smurf,0.4012
2026-01-07 15:45:20,Smurf,Smurf,0.4012
2026-01-07 15:45:20,Smurf,Smurf,0.4012
2026-01-07 15:45:21,Normal,Smurf,0.4012
2026-01-07 15:45:21,Smurf,Smurf,0.4012
2026-01-07 15:45:21,Normal,Smurf,0.4012
2026-01-07 15:45:21,Smurf,Smurf,0.4012
2026-01-07 15:45:21,Normal,Smurf,0.4012
2026-01-07 15:45:22,Normal,Smurf,0.4012
2026-01-07 15:45:22,Smurf,Smurf,0.4012
2026-01-07 15:45:22,Smurf,Smurf,0.4012
2026-01-07 15:45:23,Normal,Smurf,0.4012
2026-01-07 15:45:23,Normal,Smurf,0.4012
2026-01-07 15:45:23,Smurf,Smurf,0.4012
2026-01-07 15:45:23,Normal,Smurf,0.4012
2026-01-07 15:45:23,Normal,Smurf,0.4012
2026-01-07 15:45:23,Normal,Smurf,0.4012
2026-01-07 15:45:24,Smurf,Smurf,0.4012
2026-01-07 15:45:24,Normal,Smurf,0.4012
2026-01-07 15:45:24,Smurf,Smurf,0.4012
2026-01-07 15:45:24,Normal,Smurf,0.4012
2026-01-07 15:45:24,Normal,Smurf,0.4012
2026-01-07 15:45:25,Normal,Smurf,0.4012
2026-01-07 15:45:25,Normal,Smurf,0.4012
2026-01-07 15:45:25,Normal,Smurf,0.4012
2026-01-07 15:45:25,Smurf,Smurf,0.4012
2026-01-07 15:45:25,Smurf,Smurf,0.4012
2026-01-07 15:45:25,Normal,Smurf,0.4012
2026-01-07 15:45:26,Normal,Smurf,0.4012
2026-01-07 15:45:26,Smurf,Smurf,0.4012
2026-01-07 15:45:27,Smurf,Smurf,0.4012
2026-01-07 15:45:27,Smurf,Smurf,0.4012
2026-01-07 15:45:27,Smurf,Smurf,0.4012
2026-01-07 15:45:27,Normal,Smurf,0.4012
2026-01-07 15:45:27,Normal,Smurf,0.4012
2026-01-07 15:45:27,Smurf,Smurf,0.4012
2026-01-07 15:45:28,Smurf,Smurf,0.4012
2026-01-07 15:45:28,Smurf,Smurf,0.4012
2026-01-07 15:45:28,Smurf,Smurf,0.4012
2026-01-07 15:45:29,Smurf,Smurf,0.4012
2026-01-07 15:45:29,Smurf,Smurf,0.4012
2026-01-07 15:45:29,Smurf,Smurf,0.4012
2026-01-07 15:45:29,Smurf,Smurf,0.4012
2026-01-07 15:51:10,Normal,Normal,0.3928
2026-01-07 15:51:10,Normal,Normal,0.3966
2026-01-07 15:51:10,Normal,Normal,0.4020
2026-01-07 15:51:11,Normal,Normal,0.3961
2026-01-07 15:51:11,Normal,Normal,0.3958
2026-01-07 15:51:11,Normal,Normal,0.3958
2026-01-07 15:51:11,Normal,Normal,0.4075
2026-01-07 15:51:11,Normal,Normal,0.3958
2026-01-07 15:51:12,Normal,Normal,0.3933
2026-01-07 15:51:12,Normal,Normal,0.3958
2026-01-07 15:51:13,Normal,Normal,0.4066
2026-01-07 15:51:13,Normal,Normal,0.3958
2026-01-07 15:51:13,Normal,Normal,0.4039
2026-01-07 15:51:13,Normal,Normal,0.4020
2026-01-07 15:51:13,Normal,Normal,0.3958
2026-01-07 15:51:14,Normal,Normal,0.4079
2026-01-07 15:51:14,Normal,Normal,0.3775
2026-01-07 15:51:14,Normal,Normal,0.3958
2026-01-07 15:51:14,Normal,Normal,0.3958
2026-01-07 15:51:14,Normal,Normal,0.4072
2026-01-07 15:51:14,Normal,Normal,0.3881
2026-01-07 15:51:15,Normal,Normal,0.3924
2026-01-07 15:51:15,Normal,Normal,0.4066
2026-01-07 15:51:15,Normal,Normal,0.4063
2026-01-07 15:51:15,Normal,Normal,0.4079
2026-01-07 15:51:15,Normal,Normal,0.4058
2026-01-07 15:51:16,Normal,Normal,0.3957
2026-01-07 15:51:16,Normal,Normal,0.3966
2026-01-07 15:51:16,Normal,Normal,0.3966
2026-01-07 15:51:16,Normal,Normal,0.4078
2026-01-07 15:51:16,Normal,Normal,0.3928
2026-01-07 15:51:17,Normal,Normal,0.3941
2026-01-07 15:51:17,Normal,Normal,0.3958
2026-01-07 15:51:17,Normal,Normal,0.4066
2026-01-07 15:51:17,Normal,Normal,0.4066
2026-01-07 15:51:18,Normal,Normal,0.4040
2026-01-07 15:51:18,Normal,Normal,0.4066
2026-01-07 15:51:18,Normal,Normal,0.3983
2026-01-07 15:51:18,Normal,Normal,0.4079
2026-01-07 15:51:18,Normal,Normal,0.3958
2026-01-07 15:51:19,Normal,Normal,0.4020
2026-01-07 15:51:19,Normal,Normal,0.4040
2026-01-07 15:51:19,Normal,Normal,0.3942
2026-01-07 15:51:19,Normal,Normal,0.3983
2026-01-07 15:51:19,Normal,Normal,0.4072
2026-01-07 15:51:20,Normal,Normal,0.3961
2026-01-07 15:51:20,Normal,Normal,0.4040
2026-01-07 15:51:20,Normal,Normal,0.3942
2026-01-07 15:51:20,Normal,Normal,0.4039
2026-01-07 15:51:20,Normal,Normal,0.3949
2026-01-07 15:51:21,Normal,Normal,0.4068
2026-01-07 15:51:21,Normal,Normal,0.4020
2026-01-07 15:51:21,Normal,Normal,0.4079
2026-01-07 15:51:21,Normal,Normal,0.3780
2026-01-07 15:51:22,Normal,Normal,0.3958
2026-01-07 15:51:22,Normal,Normal,0.4077
2026-01-07 15:51:22,Normal,Normal,0.4020
2026-01-07 15:51:22,Normal,Normal,0.4066
2026-01-07 15:51:22,Normal,Normal,0.3928
2026-01-07 15:51:22,Normal,Normal,0.4066
2026-01-07 15:51:23,Normal,Normal,0.4073
2026-01-07 15:51:23,Normal,Normal,0.4077
2026-01-07 15:51:23,Normal,Normal,0.4079
2026-01-07 15:51:23,Normal,Normal,0.3961
2026-01-07 15:51:23,Normal,Normal,0.3941
2026-01-07 15:51:24,Normal,Normal,0.4072
2026-01-07 15:51:24,Normal,Normal,0.4066
2026-01-07 15:51:24,Normal,Normal,0.4020
2026-01-07 15:51:24,Normal,Normal,0.4074
2026-01-07 15:51:24,Normal,Normal,0.3958
2026-01-07 15:51:25,Normal,Normal,0.4078
2026-01-07 15:51:25,Normal,Normal,0.4072
2026-01-07 15:51:25,Normal,Normal,0.4074
2026-01-07 15:51:25,Normal,Normal,0.4072
2026-01-07 15:51:25,Normal,Normal,0.4086
2026-01-07 15:51:26,Normal,Normal,0.3958
2026-01-07 15:51:26,Normal,Normal,0.4074
2026-01-07 15:51:26,Normal,Normal,0.4039
2026-01-07 15:51:26,Normal,Normal,0.4068
2026-01-07 15:51:26,Normal,Normal,0.4086
2026-01-07 15:51:27,Normal,Normal,0.3958
2026-01-07 15:51:27,Normal,Normal,0.3970
2026-01-07 15:51:27,Normal,Normal,0.4072
2026-01-07 15:51:28,Injection,Normal,0.3977
2026-01-07 15:51:28,Injection,Normal,0.3981
2026-01-07 15:51:28,Injection,Normal,0.3961
2026-01-07 15:51:28,Injection,Normal,0.4071
2026-01-07 15:51:28,Injection,Normal,0.4066
2026-01-07 15:51:28,Injection,Normal,0.4066
2026-01-07 15:51:29,Injection,Normal,0.4079
2026-01-07 15:51:29,Injection,Normal,0.4039
2026-01-07 15:51:29,Injection,Normal,0.4074
2026-01-07 15:51:29,Injection,Normal,0.4060
2026-01-07 15:51:29,Injection,Normal,0.3958
2026-01-07 15:51:30,Injection,Normal,0.3941
2026-01-07 15:51:30,Normal,Normal,0.4039
2026-01-07 15:51:30,Normal,Normal,0.4066
2026-01-07 15:51:30,Injection,Normal,0.3977
2026-01-07 15:51:31,Normal,Normal,0.4075
2026-01-07 15:51:31,Injection,Normal,0.4045
2026-01-07 15:51:31,Injection,Normal,0.3981
2026-01-07 15:51:31,Injection,Normal,0.3958
2026-01-07 15:51:31,Normal,Normal,0.3983
2026-01-07 15:51:32,Normal,Normal,0.4074
2026-01-07 15:51:32,Normal,Normal,0.4020
2026-01-07 15:51:32,Normal,Normal,0.4074
2026-01-07 15:51:32,Injection,Normal,0.3958
2026-01-07 15:51:32,Normal,Normal,0.4066
2026-01-07 15:51:33,Normal,Normal,0.4066
2026-01-07 15:51:33,Normal,Normal,0.4066
2026-01-07 15:51:33,Normal,Normal,0.4066
2026-01-07 15:51:33,Normal,Normal,0.3958
2026-01-07 15:51:33,Normal,Normal,0.3958
2026-01-07 15:51:34,Injection,Normal,0.3908
2026-01-07 15:51:34,Normal,Normal,0.3958
2026-01-07 15:51:34,Normal,Normal,0.4045
2026-01-07 15:51:34,Normal,Normal,0.3966
2026-01-07 15:51:34,Injection,Normal,0.4066
2026-01-07 15:51:35,Normal,Normal,0.3872
2026-01-07 15:51:35,Injection,Normal,0.4066
2026-01-07 15:51:35,Normal,Normal,0.3958
2026-01-07 15:51:35,Injection,Normal,0.4066
2026-01-07 15:51:35,Injection,Normal,0.3971
2026-01-07 15:51:35,Injection,Normal,0.4077
2026-01-07 15:51:36,Normal,Normal,0.4039
2026-01-07 15:51:36,Injection,Normal,0.3979
2026-01-07 15:51:37,Normal,Normal,0.4039
2026-01-07 15:51:37,Normal,Normal,0.4079
2026-01-07 15:51:37,Normal,Normal,0.4068
2026-01-07 15:51:37,Normal,Normal,0.3971
2026-01-07 15:51:37,Injection,Normal,0.4068
2026-01-07 15:51:38,Injection,Normal,0.3966
2026-01-07 15:51:38,Injection,Normal,0.3889
2026-01-07 15:51:38,Normal,Normal,0.4066
2026-01-07 15:51:38,Normal,Normal,0.3971
2026-01-07 15:51:38,Normal,Normal,0.3966
2026-01-07 15:51:39,Normal,Normal,0.4072
2026-01-07 15:51:39,Normal,Normal,0.3961
2026-01-07 15:51:39,Injection,Normal,0.3966
2026-01-07 15:51:39,Injection,Normal,0.3958
2026-01-07 15:51:39,Normal,Normal,0.4086
2026-01-07 15:51:40,Normal,Normal,0.3958
2026-01-07 15:51:40,Normal,Normal,0.4042
2026-01-07 15:51:40,Normal,Smurf,0.4012
2026-01-07 15:51:40,Normal,Smurf,0.4012
2026-01-07 15:51:40,Smurf,Smurf,0.4012
2026-01-07 15:51:40,Smurf,Smurf,0.4012
2026-01-07 15:51:41,Smurf,Smurf,0.4012
2026-01-07 15:51:41,Smurf,Smurf,0.4012
2026-01-07 15:51:41,Smurf,Smurf,0.4012
2026-01-07 15:51:41,Smurf,Smurf,0.4012
2026-01-07 15:51:42,Smurf,Smurf,0.4012
2026-01-07 15:51:42,Smurf,Smurf,0.4012
2026-01-07 15:51:42,Smurf,Smurf,0.4012
2026-01-07 15:51:42,Normal,Smurf,0.4012
2026-01-07 15:51:42,Smurf,Smurf,0.4012
2026-01-07 15:51:43,Normal,Smurf,0.4012
2026-01-07 15:51:43,Smurf,Smurf,0.4012
2026-01-07 15:51:43,Smurf,Smurf,0.4012
2026-01-07 15:51:43,Smurf,Smurf,0.4012
2026-01-07 15:51:43,Normal,Smurf,0.4012
2026-01-07 15:51:44,Smurf,Smurf,0.4012
2026-01-07 15:51:44,Normal,Smurf,0.4012
2026-01-07 15:51:44,Normal,Smurf,0.4012
2026-01-07 15:51:44,Smurf,Smurf,0.4012
2026-01-07 15:51:44,Normal,Smurf,0.4012
2026-01-07 15:51:44,Normal,Smurf,0.4012
2026-01-07 15:51:45,Smurf,Smurf,0.4012
2026-01-07 15:51:45,Smurf,Smurf,0.4012
2026-01-07 15:51:45,Normal,Smurf,0.4012
2026-01-07 15:51:46,Normal,Smurf,0.4012
2026-01-07 15:51:46,Smurf,Smurf,0.4012
2026-01-07 15:51:46,Smurf,Smurf,0.4012
2026-01-07 15:51:46,Normal,Smurf,0.4012
2026-01-07 15:51:46,Normal,Smurf,0.4012
2026-01-07 15:51:46,Smurf,Smurf,0.4012
2026-01-07 15:51:47,Normal,Smurf,0.4012
2026-01-07 15:51:47,Normal,Smurf,0.4012
2026-01-07 15:51:47,Normal,Smurf,0.4012
2026-01-07 15:51:47,Smurf,Smurf,0.4012
2026-01-07 15:51:47,Smurf,Smurf,0.4012
2026-01-07 15:51:48,Smurf,Smurf,0.4012
2026-01-07 15:51:48,Normal,Smurf,0.4012
2026-01-07 15:51:48,Smurf,Smurf,0.4012
2026-01-07 15:51:49,Normal,Smurf,0.4012
2026-01-07 15:51:49,Smurf,Smurf,0.4012
2026-01-07 15:51:49,Normal,Smurf,0.4012
2026-01-07 15:51:49,Smurf,Smurf,0.4012
2026-01-07 15:51:49,Smurf,Smurf,0.4012
2026-01-07 15:51:49,Smurf,Smurf,0.4012
2026-01-07 15:51:50,Normal,Smurf,0.4012
2026-01-07 15:51:50,Smurf,Smurf,0.4012
2026-01-07 15:51:50,Normal,Smurf,0.4012
2026-01-07 15:51:50,Smurf,Smurf,0.4012
2026-01-07 15:51:50,Smurf,Smurf,0.4012
2026-01-07 15:51:51,Smurf,Smurf,0.4012
2026-01-07 15:51:51,Smurf,Smurf,0.4012
2026-01-07 15:51:51,Normal,Smurf,0.4012
2026-01-07 15:51:52,Smurf,Smurf,0.4012
2026-01-07 15:51:52,Smurf,Smurf,0.4012
2026-01-07 15:51:52,Smurf,Smurf,0.4012
2026-01-07 15:51:52,Normal,Smurf,0.4012
2026-01-07 15:51:52,Smurf,Smurf,0.4012
2026-01-07 15:51:52,Normal,Smurf,0.4012
2026-01-07 15:51:53,Smurf,Smurf,0.4012
2026-01-07 15:51:53,Normal,Smurf,0.4012
2026-01-07 15:51:53,Normal,Smurf,0.4012
2026-01-07 15:51:53,Smurf,Smurf,0.4012
2026-01-07 15:51:53,Smurf,Smurf,0.4012
2026-01-07 15:51:53,Smurf,Smurf,0.4012
2026-01-07 15:51:54,Smurf,Smurf,0.4012
2026-01-07 15:51:54,Smurf,Smurf,0.4012
2026-01-07 15:51:54,Normal,Smurf,0.4012
2026-01-07 15:51:54,Normal,Smurf,0.4012
2026-01-07 15:51:55,Normal,Smurf,0.4012
2026-01-07 15:51:55,Normal,Smurf,0.4012
2026-01-07 15:51:55,Smurf,Smurf,0.4012
2026-01-07 15:51:55,Normal,Smurf,0.4012
2026-01-07 15:51:55,Smurf,Smurf,0.4012
2026-01-07 15:51:55,Normal,Smurf,0.4012
2026-01-07 15:51:56,Normal,Smurf,0.4012
2026-01-07 15:51:56,Smurf,Smurf,0.4012
2026-01-07 15:51:56,Smurf,Smurf,0.4012
2026-01-07 15:51:57,Normal,Smurf,0.4012
2026-01-07 15:51:57,Normal,Smurf,0.4012
2026-01-07 15:51:57,Normal,Smurf,0.4012
2026-01-07 15:51:57,Smurf,Smurf,0.4012
2026-01-07 15:51:57,Smurf,Smurf,0.4012
2026-01-07 15:51:57,Normal,Smurf,0.4012
2026-01-07 15:51:58,Normal,Smurf,0.4012
2026-01-07 15:51:58,Normal,DoS,0.3863
2026-01-07 15:51:58,Normal,DoS,0.3952
2026-01-07 15:51:58,Normal,DoS,0.3863
2026-01-07 15:51:58,Normal,DoS,0.3922
2026-01-07 15:51:59,Normal,DoS,0.3952
2026-01-07 15:51:59,DoS,DoS,0.3952
2026-01-07 15:51:59,Normal,DoS,0.3863
2026-01-07 15:51:59,Normal,DoS,0.3922
2026-01-07 15:51:59,Normal,DoS,0.3922
2026-01-07 15:52:00,Normal,DoS,0.3870
2026-01-07 15:52:00,Normal,DoS,0.3922
2026-01-07 15:52:00,Normal,DoS,0.3929
2026-01-07 15:52:01,DoS,DoS,0.3870
2026-01-07 15:52:01,Normal,DoS,0.3952
2026-01-07 15:52:01,DoS,DoS,0.3952
2026-01-07 15:52:01,Normal,DoS,0.3870
2026-01-07 15:52:01,Normal,DoS,0.3922
2026-01-07 15:52:01,DoS,DoS,0.3863
2026-01-07 15:52:02,Normal,DoS,0.3929
2026-01-07 15:52:02,DoS,DoS,0.3946
2026-01-07 15:52:02,Normal,DoS,0.3796
2026-01-07 15:52:02,Normal,DoS,0.3952
2026-01-07 15:52:02,DoS,DoS,0.3952
2026-01-07 15:52:03,Normal,DoS,0.3870
2026-01-07 15:52:03,DoS,DoS,0.3929
2026-01-07 15:52:03,Normal,DoS,0.3922
2026-01-07 15:52:03,DoS,DoS,0.3952
2026-01-07 15:52:03,DoS,DoS,0.3929
2026-01-07 15:52:03,Normal,DoS,0.3922
2026-01-07 15:52:04,Normal,DoS,0.3870
2026-01-07 15:52:04,Normal,DoS,0.3796
2026-01-07 15:52:04,DoS,DoS,0.3922
2026-01-07 15:52:05,Normal,DoS,0.3863
2026-01-07 15:52:05,Normal,DoS,0.3870
2026-01-07 15:52:05,DoS,DoS,0.3870
2026-01-07 15:52:05,Normal,DoS,0.3796
2026-01-07 15:52:05,Normal,DoS,0.3952
2026-01-07 15:52:05,DoS,DoS,0.3796
2026-01-07 15:52:06,DoS,DoS,0.3922
2026-01-07 15:52:06,DoS,DoS,0.3870
2026-01-07 15:52:06,DoS,DoS,0.3929
2026-01-07 15:52:07,Normal,DoS,0.3922
2026-01-07 15:52:07,DoS,DoS,0.3796
2026-01-07 15:52:07,Normal,DoS,0.3952
2026-01-07 15:52:07,Normal,DoS,0.3946
2026-01-07 15:52:07,Normal,DoS,0.3870
2026-01-07 15:52:07,DoS,DoS,0.3946
2026-01-07 15:52:08,Normal,DoS,0.3870
2026-01-07 15:52:08,DoS,DoS,0.3863
2026-01-07 15:52:08,Normal,DoS,0.3952
2026-01-07 15:52:08,Normal,DoS,0.3952
2026-01-07 15:52:08,DoS,DoS,0.3796
2026-01-07 15:52:08,Normal,DoS,0.3929
2026-01-07 15:52:09,Normal,DoS,0.3863
2026-01-07 15:52:09,DoS,DoS,0.3863
2026-01-07 15:52:10,Normal,DoS,0.3922
2026-01-07 15:52:10,Normal,DoS,0.3922
2026-01-07 15:52:10,DoS,DoS,0.3870
2026-01-07 15:52:10,Normal,DoS,0.3863
2026-01-07 15:52:10,Normal,DoS,0.3870
2026-01-07 15:52:10,DoS,DoS,0.3929
2026-01-07 15:52:11,Normal,DoS,0.3863
2026-01-07 15:52:11,DoS,DoS,0.3870
2026-01-07 15:52:11,Normal,DoS,0.3796
2026-01-07 15:52:11,Normal,DoS,0.3929
2026-01-07 15:52:11,Normal,DoS,0.3863
2026-01-07 15:52:11,DoS,DoS,0.3929
2026-01-07 15:52:12,Normal,DoS,0.3863
2026-01-07 15:52:12,DoS,DoS,0.3952
2026-01-07 15:52:12,DoS,DoS,0.3922
2026-01-07 15:52:13,Normal,DoS,0.3863
2026-01-07 15:52:13,Normal,DoS,0.3796
2026-01-07 15:52:13,Normal,DoS,0.3946
2026-01-07 15:52:13,DoS,DoS,0.3863
2026-01-07 15:52:13,DoS,DoS,0.3952
2026-01-07 15:52:14,DoS,DoS,0.3922
2026-01-07 15:52:14,Normal,DoS,0.3796
2026-01-07 15:52:14,DoS,DoS,0.3870
2026-01-07 15:52:14,Normal,DoS,0.3922
2026-01-07 15:52:14,Normal,DoS,0.3863
2026-01-07 15:52:14,DoS,DoS,0.3863
2026-01-07 15:52:15,Normal,DoS,0.3946
2026-01-07 15:52:15,Normal,DoS,0.3929
2026-01-07 15:52:15,DoS,DoS,0.3870
2026-01-07 15:52:16,Normal,DoS,0.3863
2026-01-07 15:52:16,Normal,DoS,0.3946
2026-01-07 15:52:16,DoS,DoS,0.3922
